ID,series,Smiles,ik14,skin_retention_pct,dc50_nM,dc50_censored,dmax_pct,dc50_raw,dmax_raw,leaked_stan_train,leaked_old_db
A1,A,O=C1N(C2C(NC(CC2)=O)=O)C(C3=C1C=CC(N4CC(CN(CC5)CCC5C6=CC=C(C(F)(F)F)C=C6)C4)=C3)=O,BHFWRNDFPCQHOI,8.45,,,,,,False,False
A2,A,O=C1N(C2C(NC(CC2)=O)=O)C(C3=C1C=CC(N(C4)CCC4CN(CC5)CCC5C6=CC=C(C(F)(F)F)C=C6)=C3)=O,QUEAMSQLKNVUPL,1.94,,,,,,False,False
A3,A,O=C1N(C2C(NC(CC2)=O)=O)C(C3=C1C=CC(N4CCN(CC(CC5)CCN5C6=CC=C(C(F)(F)F)C=C6)CC4)=C3)=O,WXVPDRFGATVSIX,8.73,,,,,,False,False
A4,A,O=C1N(C2C(NC(CC2)=O)=O)C(C3=C1C=CC(N(C4)CCCC4CN(CC5)CCC5C6=CC=C(C(F)(F)F)C=C6)=C3)=O,HBVQLMCQNITKRJ,5.75,,,,,,False,False
A5,A,O=C1N(C2C(NC(CC2)=O)=O)C(C3=C1C=CC(N(C4)CC4N(CC5)CCN5C6=CC=C(C(F)(F)F)C=C6)=C3)=O,KHNWNCRFBKXCLJ,5.84,,,,,,False,False
A6,A,O=C(N(C1C(NC(CC1)=O)=O)C2=O)C(C2=CC=C3)=C3N(CC4)CC4CN(CC5)CCN5C6=CC=C(C(F)(F)F)C=C6,JFAPRUPBINEFPU,0.96,,,,,,False,False
A7,A,O=C(N1C2C(NC(CC2)=O)=O)C3=CC(N(CC4)CC4CN(CC5)CCN5C6=CC=C(C(F)(F)F)C=C6)=CC=C3C1=O,OMCNXABIZQBFFQ,0.68,,,,,,False,False
A8,A,O=C(N1C2C(NC(CC2)=O)=O)C3=C(NC4CCN(CC5CCN(C6=CC=C(C(F)(F)F)C=C6)CC5)CC4)C=CC=C3C1=O,BIOPFOQVWFOKFQ,4.34,,,,,,False,False
A9,A,O=C1N(C2C(NC(CC2)=O)=O)C(C3=CC(F)=C(N4CC(CN5CCC(C6=CC=C(C(F)(F)F)C=C6)CC5)C4)C=C31)=O,PGKGFERHZUZJRG,2.22,,,,,,False,False
A10,A,O=C(NC1C(NC(CC1)=O)=O)C(C=C2)=CC=C2N(CC3)CCN3CC(CC4)CCN4C5=CC=C(F)C=C5,VVOGSAIRLAXLFE,4.99,,,,,,False,False
A11,A,O=C(NC1C(NC(CC1)=O)=O)C(C=C2)=CC=C2N3CCN(C(CC4)CCN4C5=CC=C(F)C=C5)CC3,VUCUGYIPBBFFHH,9.12,,,,,,False,False
A12,A,O=C(NC1C(NC(CC1)=O)=O)C(C=C2)=CC=C2N3CCN(CCCCC4=CC=C(F)C=C4)CC3,KZTCOZBHANESAF,6.93,,,,,,False,False
A13,A,O=C(NC1C(NC(CC1)=O)=O)C(C=C2)=CC=C2N3CCN(CCC(CC4)CCN4C5=CC=C(F)C=C5)CC3,CCICTUHCXUHDKO,3.92,,,,,,False,False
A14,A,O=C(NC(CC1)=O)C1N(C2=O)CC3=C2C=CC=C3C#CCN4CCN(CC#CCOC5=CC=C(C(F)(F)F)C=C5)CC4,PBKGTFXVTBVJKT,1.91,,,,,,False,False
A15,A,O=C(NC(CC1)=O)C1N(C2=O)CC3=C2C=CC(C#CCN4CCN(CC#CCOC5=CC=C(C(F)(F)F)C=C5)CC4)=C3,NQHDMBJISHLYBF,5.41,,,,,,False,False
A16,A,O=C(NC(CC1)=O)C1N(C2=O)CC3=C2C=CC(C#CCN4CCN(C5=CC=C(C(F)(F)F)C=C5)CC4)=C3,CDOYIDHJIATCFS,2.48,,,,,,False,False
B1,B,ClC1=C(C#N)C=CC(O[C@H]2CC[C@H](NC(C3=CC=C(C4CCN(CC5CN(C6=CC(C(N(C7C(NC(CC7)=O)=O)C8=O)=O)=C8C=C6)C5)CC4)C=C3)=O)CC2)=C1,BGGYXPZRKHXKTK,0.6,1000.0,>,48.0,> 1000,48.0,False,False
B2,B,O=C1N(C2C(NC(CC2)=O)=O)C(C3=C1C=CC(N(C4)CCCC4CN5CCC(C6=CC=C(C(N[C@H](CC7)CC[C@@H]7OC8=CC(Cl)=C(C#N)C=C8)=O)C=C6)CC5)=C3)=O,WXRDASAHRFKJHS,0.58,1000.0,>,37.0,> 1000,37.0,False,False
B3,B,O=C1N(C2C(NC(CC2)=O)=O)C(C3=CC(N(CC4)CCC4CN5CCN(C6=CC=C(C(N[C@H](CC7)CC[C@@H]7OC8=CC(Cl)=C(C#N)C=C8)=O)C=C6)CC5)=CC=C31)=O,QJZUVOHJKPMREF,0.69,8.97,,76.0,8.97,76.0,True,True
B4,B,O=C1N(C2C(NC(CC2)=O)=O)C(C3=CC(N(CC4)CC4CN5CCN(C6=CC=C(C(N[C@H](CC7)CC[C@@H]7OC8=CC(Cl)=C(C#N)C=C8)=O)C=C6)CC5)=CC=C31)=O,ISCKBSGCEFRHME,0.74,1000.0,>,34.0,> 1000,34.0,False,False
B5,B,O=C1N(C2C(NC(CC2)=O)=O)C(C3=CC(N(C4)CC4N5CCN(C6=CC=C(C(N[C@H](CC7)CC[C@@H]7OC8=CC(Cl)=C(C#N)C=C8)=O)C=C6)CC5)=CC=C31)=O,IFCKDGNCNVHZTM,1.41,1000.0,>,37.0,> 1000,37.0,True,True
B6,B,ClC1=C(C#N)C=CC(O[C@H]2CC[C@H](NC(C3=CC=C(N4CCC(CN5CCN(C6=CC(C(N(C7C(NC(CC7)=O)=O)C8=O)=O)=C8C=C6)CC5)CC4)C=C3)=O)CC2)=C1,KJKKWBXZQRPXEJ,0.62,207.03,,60.0,207.03,60.0,False,False
C1,C,O=C(NC1C(NC(CC1)=O)=O)C2=CC=C(N3CCN(C4CCN(C5=CC=C(C(N[C@H]6CC[C@H](OC7=CC(Cl)=C(C#N)C=C7)CC6)=O)C=C5)CC4)CC3)C=C2,QNVPVBBZBVQLGJ,1.31,103.87,,53.0,103.87,53.0,False,False
C2,C,O=C(NC1C(NC(CC1)=O)=O)C2=CC=C(N3CCN(CC4CCN(C5=CC=C(C(N[C@H]6CC[C@H](OC7=CC(Cl)=C(C#N)C=C7)CC6)=O)C=C5)CC4)CC3)C=C2,IMIAXBUFLNRVSC,0.81,1000.0,>,15.0,>1000,15.0,False,False
C3,C,O=C(NC1C(NC(CC1)=O)=O)C2=CC=C(N3CCN(CCC4CCN(C5=CC=C(C(N[C@H]6CC[C@H](OC7=CC(Cl)=C(C#N)C=C7)CC6)=O)C=C5)CC4)CC3)C=C2,GCLKTAHHIVNPAD,1.0,1000.0,>,42.0,>1000,42.0,False,False
C4,C,ClC1=C(C#N)C=CC(O[C@H]2CC[C@H](NC(C3=CC=C(CCCCN4CCN(C5=CC=C(C=C5)C(NC6C(NC(CC6)=O)=O)=O)CC4)C=C3)=O)CC2)=C1,GKYHQXCFBAITDJ,1.49,1000.0,>,49.0,>1000,49.0,False,False
C5,C,O=C(C1=CC=C(C=C1)C2CCN(CC2)CC(C3)CN3C4=CC=C(C(NC5CCC(NC5=O)=O)=O)C=C4)N[C@@H](CC6)CC[C@H]6OC(C=C7)=CC(Cl)=C7C#N,JAYKQDRVSYXUTL,1.23,70.85,,66.0,70.85,66.0,False,False
C6,C,O=C(C1=CC=C(C=C1)C2CCN(CC2)CC3CCCN(C4=CC=C(C(NC5CCC(NC5=O)=O)=O)C=C4)C3)N[C@@H](CC6)CC[C@H]6OC(C=C7)=CC(Cl)=C7C#N,HIASROZGGWJIKC,2.48,199.5,,68.0,199.5,68.0,False,False
C7,C,O=C(NC1C(NC(CC1)=O)=O)C(C=C2)=CC=C2N3CC(CN4CCN(C5=CC=C(C(N[C@H]6CC[C@H](OC7=CC(Cl)=C(C#N)C=C7)CC6)=O)C=C5)CC4)CC3,PJVPTSGDMUPHDA,1.86,1000.0,>,50.0,>1000,50.0,False,False
