doi,year
10.1002/adma.202314132.,
10.1002/adma.202411454,2024.0
10.1002/advs.202104823,2022.0
10.1002/advs.202205573,2023.0
10.1002/advs.202308186,2024.0
10.1002/advs.202309459,2024.0
10.1002/advs.202400398,2024.0
10.1002/advs.202400594,2024.0
10.1002/advs.202405829,2024.0
10.1002/anie.201412154,2015.0
10.1002/anie.201507634,2015.0
10.1002/anie.201611281,2017.0
10.1002/anie.201706529,2017.0
10.1002/anie.201901336,2019.0
10.1002/anie.201913904,2020.0
10.1002/anie.201914396,2019.0
10.1002/anie.202003500,2020.0
10.1002/anie.202004087,2020.0
10.1002/anie.202006725,2020.0
10.1002/anie.202101328,2021.0
10.1002/anie.202101864,2021.0
10.1002/anie.202108848,2021.0
10.1002/anie.202109237,2021.0
10.1002/anie.202116782,2022.0
10.1002/anie.202204395,2022.0
10.1002/anie.202206277,2022.0
10.1002/anie.202302364,2023.0
10.1002/anie.202303818,2023.0
10.1002/anie.202308292,2023.0
10.1002/anie.202310059,2023.0
10.1002/anie.202315425,2024.0
10.1002/anie.202315997,2024.0
10.1002/anie.202318568,2024.0
10.1002/anie.202319456,2024.0
10.1002/ardp.202100467,2022.0
10.1002/cbdv.202400753,2024.0
10.1002/cbic.202100047,2021.0
10.1002/cbic.202200275,2022.0
10.1002/cbic.202300141,2023.0
10.1002/cbic.202300351,2023.0
10.1002/cbic.202300392,2023.0
10.1002/cbic.202300515,2023.0
10.1002/cbic.202300736,2024.0
10.1002/cbic.202400183,2024.0
10.1002/chem.202400430,2024.0
10.1002/chem.202400611,2024.0
10.1002/cmdc.202000872,2020.0
10.1002/cmdc.202200615,2023.0
10.1002/cmdc.202400269,2024.0
10.1002/cmdc.202400467,2024.0
10.1002/mabi.202400427,2024.0
10.1002/smtd.202201293,2022.0
10.1007/978-1-0716-3985-6_18,2024.0
10.1007/s00018-023-04796-7,2023.0
10.1007/s11030-023-10776-7,2024.0
10.1007/s13238-018-0602-z,2019.0
10.1007/s13238-020-00732-8,2020.0
10.1016/j.apsb.2020.01.014,2020.0
10.1016/j.apsb.2020.02.010,2020.0
10.1016/j.apsb.2020.11.001,2021.0
10.1016/j.apsb.2020.11.009,2021.0
10.1016/j.apsb.2020.11.022,2021.0
10.1016/j.apsb.2021.12.017,2022.0
10.1016/j.apsb.2022.07.007,2022.0
10.1016/j.apsb.2023.01.014,2023.0
10.1016/j.apsb.2024.03.008,2024.0
10.1016/j.bbrc.2018.09.169,2018.0
10.1016/j.bbrc.2019.11.007,2020.0
10.1016/j.bbrc.2024.151001,2024.0
10.1016/j.bcp.2022.115329,2022.0
10.1016/j.bcp.2023.115693,2023.0
10.1016/j.bioorg.2018.08.028,2018.0
10.1016/j.bioorg.2019.03.035,2019.0
10.1016/j.bioorg.2020.103817,2020.0
10.1016/j.bioorg.2020.104453,2020.0
10.1016/j.bioorg.2021.104788,2021.0
10.1016/j.bioorg.2021.104833,2021.0
10.1016/j.bioorg.2021.104901,2021.0
10.1016/j.bioorg.2021.105447,2021.0
10.1016/j.bioorg.2021.105505,2022.0
10.1016/j.bioorg.2021.105508,2022.0
10.1016/j.bioorg.2022.105605,2022.0
10.1016/j.bioorg.2022.106327,2023.0
10.1016/j.bioorg.2023.106439,2023.0
10.1016/j.bioorg.2023.106461,2023.0
10.1016/j.bioorg.2023.106546,2023.0
10.1016/j.bioorg.2023.106556,2023.0
10.1016/j.bioorg.2023.106590,2023.0
10.1016/j.bioorg.2023.106637,2023.0
10.1016/j.bioorg.2023.106762,2023.0
10.1016/j.bioorg.2023.106793,2023.0
10.1016/j.bioorg.2023.106952,2024.0
10.1016/j.bioorg.2023.107016,2024.0
10.1016/j.bioorg.2023.107078,2024.0
10.1016/j.bioorg.2024.107204,2024.0
10.1016/j.bioorg.2024.107319,2024.0
10.1016/j.bioorg.2024.107427,2024.0
10.1016/j.bioorg.2024.107477,2024.0
10.1016/j.bioorg.2024.107585,2024.0
10.1016/j.bioorg.2024.107590,2024.0
10.1016/j.bioorg.2024.107613,2024.0
10.1016/j.bioorg.2024.107801,2024.0
10.1016/j.bioorg.2024.107876,2024.0
10.1016/j.bioorg.2024.107887,2024.0
10.1016/j.bioorg.2024.107943,2024.0
10.1016/j.biopha.2023.114871,2023.0
10.1016/j.biopha.2023.115667,2023.0
10.1016/j.biopha.2024.116167,2024.0
10.1016/j.biopha.2024.116972,2024.0
10.1016/j.bmc.2011.03.057,2011.0
10.1016/j.bmc.2011.09.041,2011.0
10.1016/j.bmc.2019.02.048,2019.0
10.1016/j.bmc.2019.115181,2020.0
10.1016/j.bmc.2019.115228,2020.0
10.1016/j.bmc.2020.115326,2020.0
10.1016/j.bmc.2022.116707,2022.0
10.1016/j.bmc.2022.116908,2022.0
10.1016/j.bmc.2022.116912,2022.0
10.1016/j.bmc.2022.117115,2023.0
10.1016/j.bmc.2022.117134,2023.0
10.1016/j.bmc.2023.117153,2023.0
10.1016/j.bmc.2023.117237,2023.0
10.1016/j.bmc.2023.117259,2023.0
10.1016/j.bmc.2023.117293,2023.0
10.1016/j.bmc.2023.117352,2023.0
10.1016/j.bmc.2023.117526,2023.0
10.1016/j.bmc.2023.117537,2023.0
10.1016/j.bmc.2024.117661,2024.0
10.1016/j.bmc.2024.117673,2024.0
10.1016/j.bmc.2024.117867,2024.0
10.1016/j.bmc.2024.117896,2024.0
10.1016/j.bmc.2024.117982,2024.0
10.1016/j.bmcl.2008.07.114,2008.0
10.1016/j.bmcl.2011.11.086,2012.0
10.1016/j.bmcl.2012.04.134,2012.0
10.1016/j.bmcl.2016.09.041,2016.0
10.1016/j.bmcl.2018.05.057,2018.0
10.1016/j.bmcl.2019.03.035,2019.0
10.1016/j.bmcl.2019.126877,2020.0
10.1016/j.bmcl.2020.127106,2020.0
10.1016/j.bmcl.2020.127167,2020.0
10.1016/j.bmcl.2021.128448,2022.0
10.1016/j.bmcl.2022.128584,2022.0
10.1016/j.bmcl.2022.128636,2022.0
10.1016/j.bmcl.2022.128870,2022.0
10.1016/j.bmcl.2022.128982,2022.0
10.1016/j.bmcl.2022.129041,2022.0
10.1016/j.bmcl.2022.129083,2023.0
10.1016/j.bmcl.2023.129275,2023.0
10.1016/j.bmcl.2023.129393,2023.0
10.1016/j.bmcl.2023.129449,2023.0
10.1016/j.bmcl.2024.129676,2024.0
10.1016/j.bmcl.2024.129677,2024.0
10.1016/j.bmcl.2024.129680,2024.0
10.1016/j.bmcl.2024.129778,2024.0
10.1016/j.bmcl.2024.129779,2024.0
10.1016/j.bmcl.2024.129780,2024.0
10.1016/j.bmcl.2024.129838,2024.0
10.1016/j.bmcl.2024.129861,2024.0
10.1016/j.bmcl.2024.129880,2024.0
10.1016/j.bmcl.2024.129968,2024.0
10.1016/j.canlet.2024.216933,2024.0
10.1016/j.canlet.2024.217112,2024.0
10.1016/j.cell.2020.10.038,2020.0
10.1016/j.cellin.2022.100030,2022.0
10.1016/j.chembiol.2015.05.009,2015.0
10.1016/j.chembiol.2017.09.009,2018.0
10.1016/j.chembiol.2017.09.010,2018.0
10.1016/j.chembiol.2017.10.005,2018.0
10.1016/j.chembiol.2018.11.006,2019.0
10.1016/j.chembiol.2019.10.013,2020.0
10.1016/j.chembiol.2019.11.004,2020.0
10.1016/j.chembiol.2019.11.006,2020.0
10.1016/j.chembiol.2019.11.014,2020.0
10.1016/j.chembiol.2019.12.006,2020.0
10.1016/j.chembiol.2020.04.003,2020.0
10.1016/j.chembiol.2020.04.008,2020.0
10.1016/j.chembiol.2020.08.010,2020.0
10.1016/j.chembiol.2020.12.004,2021.0
10.1016/j.chembiol.2021.04.018,2021.0
10.1016/j.chembiol.2022.08.003,2022.0
10.1016/j.chembiol.2022.08.004,2022.0
10.1016/j.chembiol.2022.09.004,2022.0
10.1016/j.chembiol.2022.10.007,2022.0
10.1016/j.chembiol.2023.01.004,2023.0
10.1016/j.chembiol.2023.01.007,2023.0
10.1016/j.chembiol.2023.07.010,2023.0
10.1016/j.chembiol.2023.09.014,2024.0
10.1016/j.chembiol.2023.10.023,2024.0
10.1016/j.chembiol.2024.01.003,2024.0
10.1016/j.chembiol.2024.05.007,2024.0
10.1016/j.chembiol.2024.09.004,2024.0
10.1016/j.chembiol.2024.10.008,2025.0
10.1016/j.crchbi.2022.100029,2022.0
10.1016/j.ebiom.2019.10.013,2019.0
10.1016/j.ebiom.2023.104500,2023.0
10.1016/j.ejmech.2018.03.066,2018.0
10.1016/j.ejmech.2018.03.071,2018.0
10.1016/j.ejmech.2019.01.023,2019.0
10.1016/j.ejmech.2019.01.080,2019.0
10.1016/j.ejmech.2019.05.046,2019.0
10.1016/j.ejmech.2019.111952,2020.0
10.1016/j.ejmech.2019.112028,2020.0
10.1016/j.ejmech.2020.112061,2020.0
10.1016/j.ejmech.2020.112186,2020.0
10.1016/j.ejmech.2020.112190,2020.0
10.1016/j.ejmech.2020.112199,2020.0
10.1016/j.ejmech.2020.112377,2020.0
10.1016/j.ejmech.2020.112397,2020.0
10.1016/j.ejmech.2020.112451,2020.0
10.1016/j.ejmech.2020.112505,2020.0
10.1016/j.ejmech.2020.112654,2020.0
10.1016/j.ejmech.2020.112781,2020.0
10.1016/j.ejmech.2020.112800,2020.0
10.1016/j.ejmech.2020.112903,2021.0
10.1016/j.ejmech.2020.112949,2021.0
10.1016/j.ejmech.2020.113150,2021.0
10.1016/j.ejmech.2021.113307,2021.0
10.1016/j.ejmech.2021.113328,2021.0
10.1016/j.ejmech.2021.113335,2021.0
10.1016/j.ejmech.2021.113341,2021.0
10.1016/j.ejmech.2021.113425,2021.0
10.1016/j.ejmech.2021.113435,2021.0
10.1016/j.ejmech.2021.113645,2021.0
10.1016/j.ejmech.2021.113820,2021.0
10.1016/j.ejmech.2021.113849,2021.0
10.1016/j.ejmech.2021.113850,2021.0
10.1016/j.ejmech.2021.113889,2021.0
10.1016/j.ejmech.2021.113922,2022.0
10.1016/j.ejmech.2021.114012,2022.0
10.1016/j.ejmech.2021.114013,2022.0
10.1016/j.ejmech.2021.114088,2022.0
10.1016/j.ejmech.2022,
10.1016/j.ejmech.2022.114253,2022.0
10.1016/j.ejmech.2022.114259,2022.0
10.1016/j.ejmech.2022.114321,2022.0
10.1016/j.ejmech.2022.114373,2022.0
10.1016/j.ejmech.2022.114455,2022.0
10.1016/j.ejmech.2022.114459,2022.0
10.1016/j.ejmech.2022.114462,2022.0
10.1016/j.ejmech.2022.114509,2022.0
10.1016/j.ejmech.2022.114528,2022.0
10.1016/j.ejmech.2022.114770,2022.0
10.1016/j.ejmech.2022.114786,2022.0
10.1016/j.ejmech.2022.114792,2022.0
10.1016/j.ejmech.2022.114810,2022.0
10.1016/j.ejmech.2022.114821,2022.0
10.1016/j.ejmech.2022.114830,2022.0
10.1016/j.ejmech.2022.114910,2023.0
10.1016/j.ejmech.2022.115027,2023.0
10.1016/j.ejmech.2022.115033,2023.0
10.1016/j.ejmech.2022.115072,2023.0
10.1016/j.ejmech.2022.115082,2023.0
10.1016/j.ejmech.2023.115248,2023.0
10.1016/j.ejmech.2023.115342,2023.0
10.1016/j.ejmech.2023.115343,2023.0
10.1016/j.ejmech.2023.115381,2023.0
10.1016/j.ejmech.2023.115393,2023.0
10.1016/j.ejmech.2023.115403,2023.0
10.1016/j.ejmech.2023.115497,2023.0
10.1016/j.ejmech.2023.115580,2023.0
10.1016/j.ejmech.2023.115664,2023.0
10.1016/j.ejmech.2023.115690,2023.0
10.1016/j.ejmech.2023.115774,2023.0
10.1016/j.ejmech.2023.115857,2023.0
10.1016/j.ejmech.2023.115872,2023.0
10.1016/j.ejmech.2023.115974,2024.0
10.1016/j.ejmech.2023.116067,2024.0
10.1016/j.ejmech.2023.116110,2024.0
10.1016/j.ejmech.2024.116154,2024.0
10.1016/j.ejmech.2024.116159,2024.0
10.1016/j.ejmech.2024.116167,2024.0
10.1016/j.ejmech.2024.116184,2024.0
10.1016/j.ejmech.2024.116202,2024.0
10.1016/j.ejmech.2024.116237,2024.0
10.1016/j.ejmech.2024.116488,2024.0
10.1016/j.ejmech.2024.116489,2024.0
10.1016/j.ejmech.2024.116494,2024.0
10.1016/j.ejmech.2024.116539,2024.0
10.1016/j.ejmech.2024.116572,2024.0
10.1016/j.ejmech.2024.116612,2024.0
10.1016/j.ejmech.2024.116613,2024.0
10.1016/j.ejmech.2024.116629,2024.0
10.1016/j.ejmech.2024.116665,2024.0
10.1016/j.ejmech.2024.116751,2024.0
10.1016/j.ejmech.2024.116780,2024.0
10.1016/j.ejmech.2024.116789,2024.0
10.1016/j.ejmech.2024.116827,2024.0
10.1016/j.ejmech.2024.116843,2024.0
10.1016/j.ejmech.2024.116883,2024.0
10.1016/j.ejmech.2024.117016,2025.0
10.1016/j.ejmech.2024.117052,2025.0
10.1016/j.ejmech.2024.117062,2025.0
10.1016/j.ejmech.2024.117079,2025.0
10.1016/j.ejps.2023.106624,2024.0
10.1016/j.immuni.2024.04.025,2024.0
10.1016/j.isci.2023.107535,2023.0
10.1016/j.isci.2024.109015,2024.0
10.1016/j.jare.2023.10.014,2024.0
10.1016/j.jare.2024.10.004,2025.0
10.1016/j.jbc.2022.102555,2022.0
10.1016/j.jbc.2023.104825,2023.0
10.1016/j.jsbmb.2022.106154,2022.0
10.1016/j.redox.2022.102552,2023.0
10.1016/j.redox.2023.102783,2023.0
10.1016/j.xcrm.2024.101752,2024.0
10.1021/acs.biochem.1c00377,2021.0
10.1021/acs.biochem.2c00288,2022.0
10.1021/acs.biochem.8b00391,2018.0
10.1021/acs.bioconjchem.3c00535,2024.0
10.1021/acs.jmedchem.0c00339,2020.0
10.1021/acs.jmedchem.0c00471,2020.0
10.1021/acs.jmedchem.0c00821,2020.0
10.1021/acs.jmedchem.0c00929,2020.0
10.1021/acs.jmedchem.0c00967,2020.0
10.1021/acs.jmedchem.0c01111,2020.0
10.1021/acs.jmedchem.0c01125,2020.0
10.1021/acs.jmedchem.0c01342,2020.0
10.1021/acs.jmedchem.0c01609,2020.0
10.1021/acs.jmedchem.0c01845,2021.0
10.1021/acs.jmedchem.0c01846,2021.0
10.1021/acs.jmedchem.0c02234,2021.0
10.1021/acs.jmedchem.1c00146,2021.0
10.1021/acs.jmedchem.1c00270,2021.0
10.1021/acs.jmedchem.1c00373,2021.0
10.1021/acs.jmedchem.1c00460,2021.0
10.1021/acs.jmedchem.1c00517,2021.0
10.1021/acs.jmedchem.1c00882,2021.0
10.1021/acs.jmedchem.1c00900,2021.0
10.1021/acs.jmedchem.1c00996,2021.0
10.1021/acs.jmedchem.1c01118,2021.0
10.1021/acs.jmedchem.1c01206,2021.0
10.1021/acs.jmedchem.1c01350,2021.0
10.1021/acs.jmedchem.1c01476,2021.0
10.1021/acs.jmedchem.1c01496,2021.0
10.1021/acs.jmedchem.1c01768,2022.0
10.1021/acs.jmedchem.1c01774,2022.0
10.1021/acs.jmedchem.1c01827,2022.0
10.1021/acs.jmedchem.1c01948,2022.0
10.1021/acs.jmedchem.1c02013,2022.0
10.1021/acs.jmedchem.1c02179,2022.0
10.1021/acs.jmedchem.1c02221,2022.0
10.1021/acs.jmedchem.2c00324,2022.0
10.1021/acs.jmedchem.2c00345,2022.0
10.1021/acs.jmedchem.2c00384,2022.0
10.1021/acs.jmedchem.2c00739,2022.0
10.1021/acs.jmedchem.2c00756,2022.0
10.1021/acs.jmedchem.2c00771,2022.0
10.1021/acs.jmedchem.2c00807,2022.0
10.1021/acs.jmedchem.2c01149,2022.0
10.1021/acs.jmedchem.2c01218,2022.0
10.1021/acs.jmedchem.2c01243,2022.0
10.1021/acs.jmedchem.2c01300,2022.0
10.1021/acs.jmedchem.2c01454,2022.0
10.1021/acs.jmedchem.2c01505,2022.0
10.1021/acs.jmedchem.2c01659,2022.0
10.1021/acs.jmedchem.2c01665,2023.0
10.1021/acs.jmedchem.2c01682,2023.0
10.1021/acs.jmedchem.2c01817,2023.0
10.1021/acs.jmedchem.2c01843,2023.0
10.1021/acs.jmedchem.2c01859,2023.0
10.1021/acs.jmedchem.2c01864,2023.0
10.1021/acs.jmedchem.2c01941,2023.0
10.1021/acs.jmedchem.2c01990,2022.0
10.1021/acs.jmedchem.2c02032,2023.0
10.1021/acs.jmedchem.2c02078,2023.0
10.1021/acs.jmedchem.3c00075,2023.0
10.1021/acs.jmedchem.3c00118,2023.0
10.1021/acs.jmedchem.3c00150,2023.0
10.1021/acs.jmedchem.3c00176,2023.0
10.1021/acs.jmedchem.3c00274,2023.0
10.1021/acs.jmedchem.3c00405,2023.0
10.1021/acs.jmedchem.3c00492,2023.0
10.1021/acs.jmedchem.3c00505,2023.0
10.1021/acs.jmedchem.3c00520,2023.0
10.1021/acs.jmedchem.3c00585,2023.0
10.1021/acs.jmedchem.3c00665,2023.0
10.1021/acs.jmedchem.3c00822,2023.0
10.1021/acs.jmedchem.3c00824,2023.0
10.1021/acs.jmedchem.3c00851,2023.0
10.1021/acs.jmedchem.3c00864,2023.0
10.1021/acs.jmedchem.3c00912,2023.0
10.1021/acs.jmedchem.3c00953,2023.0
10.1021/acs.jmedchem.3c00982,2023.0
10.1021/acs.jmedchem.3c01007,2024.0
10.1021/acs.jmedchem.3c01137,2023.0
10.1021/acs.jmedchem.3c01144,2023.0
10.1021/acs.jmedchem.3c01186,2023.0
10.1021/acs.jmedchem.3c01264,2023.0
10.1021/acs.jmedchem.3c01348,2023.0
10.1021/acs.jmedchem.3c01414,2024.0
10.1021/acs.jmedchem.3c01468,2024.0
10.1021/acs.jmedchem.3c01493,2023.0
10.1021/acs.jmedchem.3c01521,2023.0
10.1021/acs.jmedchem.3c01613,2023.0
10.1021/acs.jmedchem.3c01622,2024.0
10.1021/acs.jmedchem.3c01719,2024.0
10.1021/acs.jmedchem.3c01765,2024.0
10.1021/acs.jmedchem.3c01781,2024.0
10.1021/acs.jmedchem.3c01789,2024.0
10.1021/acs.jmedchem.3c01823,2024.0
10.1021/acs.jmedchem.3c02123,2024.0
10.1021/acs.jmedchem.3c02124,2024.0
10.1021/acs.jmedchem.3c02135,2024.0
10.1021/acs.jmedchem.3c02136,2024.0
10.1021/acs.jmedchem.3c02195,2024.0
10.1021/acs.jmedchem.3c02259,2024.0
10.1021/acs.jmedchem.3c02340,2024.0
10.1021/acs.jmedchem.3c02410,2024.0
10.1021/acs.jmedchem.3c02417,2024.0
10.1021/acs.jmedchem.4c00051,2024.0
10.1021/acs.jmedchem.4c00107,2024.0
10.1021/acs.jmedchem.4c00141,2024.0
10.1021/acs.jmedchem.4c00181,2024.0
10.1021/acs.jmedchem.4c00193,2024.0
10.1021/acs.jmedchem.4c00196,2024.0
10.1021/acs.jmedchem.4c00269,2024.0
10.1021/acs.jmedchem.4c00335,2024.0
10.1021/acs.jmedchem.4c00356,2024.0
10.1021/acs.jmedchem.4c00403,2024.0
10.1021/acs.jmedchem.4c00454,2024.0
10.1021/acs.jmedchem.4c00481,2024.0
10.1021/acs.jmedchem.4c00538,2024.0
10.1021/acs.jmedchem.4c00577,2024.0
10.1021/acs.jmedchem.4c00644,2024.0
10.1021/acs.jmedchem.4c00761,2024.0
10.1021/acs.jmedchem.4c00815,2024.0
10.1021/acs.jmedchem.4c00836,2024.0
10.1021/acs.jmedchem.4c00883,2024.0
10.1021/acs.jmedchem.4c00949,2024.0
10.1021/acs.jmedchem.4c00965,2024.0
10.1021/acs.jmedchem.4c00971,2024.0
10.1021/acs.jmedchem.4c01009,2024.0
10.1021/acs.jmedchem.4c01100,2024.0
10.1021/acs.jmedchem.4c01130,2024.0
10.1021/acs.jmedchem.4c01134,2024.0
10.1021/acs.jmedchem.4c01192,2024.0
10.1021/acs.jmedchem.4c01205,2024.0
10.1021/acs.jmedchem.4c01223,2024.0
10.1021/acs.jmedchem.4c01305,2024.0
10.1021/acs.jmedchem.4c01401,2024.0
10.1021/acs.jmedchem.4c01412,2024.0
10.1021/acs.jmedchem.4c01521,2024.0
10.1021/acs.jmedchem.4c01596,2024.0
10.1021/acs.jmedchem.4c01767,2024.0
10.1021/acs.jmedchem.4c01818,2024.0
10.1021/acs.jmedchem.4c01878,2024.0
10.1021/acs.jmedchem.4c01906,2024.0
10.1021/acs.jmedchem.4c01926,2024.0
10.1021/acs.jmedchem.4c01946,2024.0
10.1021/acs.jmedchem.4c02083,2024.0
10.1021/acs.jmedchem.6b01781,2017.0
10.1021/acs.jmedchem.6b01816,2017.0
10.1021/acs.jmedchem.6b01872,2017.0
10.1021/acs.jmedchem.6b01912,2017.0
10.1021/acs.jmedchem.6b01912; 10.1021/acschembio.5b00216,
10.1021/acs.jmedchem.7b00168,2017.0
10.1021/acs.jmedchem.7b01655,2018.0
10.1021/acs.jmedchem.8b00506,2018.0
10.1021/acs.jmedchem.8b00909,2018.0
10.1021/acs.jmedchem.8b01413,2018.0
10.1021/acs.jmedchem.8b01572,2019.0
10.1021/acs.jmedchem.8b01631,2019.0
10.1021/acs.jmedchem.8b01826,2019.0
10.1021/acs.jmedchem.9b00455,2019.0
10.1021/acs.jmedchem.9b00516,2019.0
10.1021/acs.jmedchem.9b00810,2019.0
10.1021/acs.jmedchem.9b00871,2019.0
10.1021/acs.jmedchem.9b00919,2019.0
10.1021/acs.jmedchem.9b01264,2019.0
10.1021/acs.jmedchem.9b01393,2019.0
10.1021/acs.jmedchem.9b01528,2019.0
10.1021/acs.jmedchem.9b01530,2019.0
10.1021/acs.jmedchem.9b01566,2020.0
10.1021/acs.jmedchem.9b02058,2020.0
10.1021/acs.jmedchem.9b02083,2020.0
10.1021/acs.jnatprod.2c00912,2023.0
10.1021/acs.molpharmaceut.9b00673,2019.0
10.1021/acs.nanolett.4c00201,2024.0
10.1021/acs.orglett.9b01326,2019.0
10.1021/acsami.2c20312,2023.0
10.1021/acscentsci.0c00411,2020.0
10.1021/acscentsci.2c01369,2023.0
10.1021/acscentsci.9b00713,2019.0
10.1021/acschembio.0c00140,2020.0
10.1021/acschembio.0c00266,2020.0
10.1021/acschembio.0c00348,2020.0
10.1021/acschembio.1c00376,2021.0
10.1021/acschembio.1c00681,2021.0
10.1021/acschembio.2c00145,2022.0
10.1021/acschembio.2c00439,2022.0
10.1021/acschembio.2c00797,2023.0
10.1021/acschembio.2c00804,2023.0
10.1021/acschembio.2c00902,2023.0
10.1021/acschembio.3c00017,2023.0
10.1021/acschembio.3c00084,2023.0
10.1021/acschembio.3c00548,2023.0
10.1021/acschembio.3c00642,2024.0
10.1021/acschembio.5b00216,2015.0
10.1021/acschembio.5b00216; 10.1021/acs.jmedchem.1c01496,
10.1021/acschembio.7b00969,2018.0
10.1021/acschembio.8b00693,2018.0
10.1021/acschembio.8b00698,2018.0
10.1021/acschembio.8b00705,2018.0
10.1021/acschembio.8b01083,2019.0
10.1021/acschembio.9b00092,2019.0
10.1021/acschembio.9b00505,2019.0
10.1021/acschembio.9b00704,2019.0
10.1021/acschemneuro.3c00096,2023.0
10.1021/acschemneuro.3c00390,2023.0
10.1021/acsmedchemlett.0c00046,2020.0
10.1021/acsmedchemlett.0c00192,2020.0
10.1021/acsmedchemlett.0c00194,2020.0
10.1021/acsmedchemlett.0c00235,2020.0
10.1021/acsmedchemlett.0c00236,2020.0
10.1021/acsmedchemlett.0c00290,2020.0
10.1021/acsmedchemlett.0c00347,2020.0
10.1021/acsmedchemlett.0c00423,2020.0
10.1021/acsmedchemlett.0c00474,2020.0
10.1021/acsmedchemlett.0c00589,2020.0
10.1021/acsmedchemlett.0c00605,2021.0
10.1021/acsmedchemlett.1c00155,2021.0
10.1021/acsmedchemlett.1c00178,2021.0
10.1021/acsmedchemlett.1c00244,2021.0
10.1021/acsmedchemlett.1c00245,2021.0
10.1021/acsmedchemlett.1c00368,2021.0
10.1021/acsmedchemlett.1c00498,2021.0
10.1021/acsmedchemlett.1c00580,2021.0
10.1021/acsmedchemlett.1c00645,2022.0
10.1021/acsmedchemlett.1c00650,2022.0
10.1021/acsmedchemlett.1c00657,2021.0
10.1021/acsmedchemlett.2c00039,2022.0
10.1021/acsmedchemlett.2c00300,2022.0
10.1021/acsmedchemlett.2c00402,2022.0
10.1021/acsmedchemlett.2c00436,2023.0
10.1021/acsmedchemlett.2c00446,2022.0
10.1021/acsmedchemlett.3c00082,2023.0
10.1021/acsmedchemlett.3c00449,2023.0
10.1021/acsmedchemlett.3c00490,2024.0
10.1021/acsmedchemlett.3c00498,2024.0
10.1021/acsmedchemlett.3c00571,2024.0
10.1021/acsmedchemlett.4c00029,2024.0
10.1021/acsmedchemlett.4c00065,2024.0
10.1021/acsmedchemlett.4c00255,2024.0
10.1021/acsmedchemlett.4c00357,2024.0
10.1021/acsmedchemlett.7b00247,2017.0
10.1021/acsmedchemlett.8b00011,2018.0
10.1021/acsmedchemlett.9b00025,2019.0
10.1021/acsmedchemlett.9b00042,2019.0
10.1021/acsmedchemlett.9b00115,2019.0
10.1021/acsmedchemlett.9b00219,2019.0
10.1021/acsmedchemlett.9b00283,2019.0
10.1021/acsmedchemlett.9b00296,2019.0
10.1021/acsmedchemlett.9b00372,2019.0
10.1021/acsmedchemlett.9b00385,2019.0
10.1021/acsmedchemlett.9b00397,2019.0
10.1021/acsmedchemlett.9b00423,2019.0
10.1021/acsmedchemlett.9b00424,2019.0
10.1021/acsmedchemlett.9b00584,2019.0
10.1021/acsptsci.2c00100,2022.0
10.1021/acsptsci.4c00405,2024.0
10.1021/acsptsci.4c00421,2024.0
10.1021/ja100691p,2010.0
10.1021/jacs.1c00990,2021.0
10.1021/jacs.1c03980,2022.0
10.1021/jacs.2c05499,2022.0
10.1021/jacs.2c08964,2022.0
10.1021/jacs.2c09255,2022.0
10.1021/jacs.2c10177,2022.0
10.1021/jacs.3c01852,2023.0
10.1021/jacs.4c05393,2024.0
10.1021/jacs.8b05807,2018.0
10.1021/jacs.8b08008,2018.0
10.1021/jacs.8b10320,2018.0
10.1021/jacs.9b13907,2020.0
10.1021/jacsau.3c00228,2023.0
10.1021/jacsau.4c00040,2024.0
10.1021/jacsau.4c00292,2024.0
10.1038/nchembio.1858,2015.0
10.1038/nchembio.2329,2017.0
10.1038/nchembio.2538,2017.0
10.1038/s41375-019-0440-x,2019.0
10.1038/s41375-019-0467-z,2019.0
10.1038/s41375-022-01735-6,2022.0
10.1038/s41388-022-02340-8,2022.0
10.1038/s41388-024-03121-1,2024.0
10.1038/s41401-024-01266-z,2024.0
10.1038/s41401-024-01312-w,2024.0
10.1038/s41416-023-02399-4,2023.0
10.1038/s41418-023-01180-7,2023.0
10.1038/s41418-024-01282-w,2024.0
10.1038/s41421-018-0079-1,2019.0
10.1038/s41422-018-0055-1,2018.0
10.1038/s41422-021-00533-6,2021.0
10.1038/s41467-017-00954-1,2017.0
10.1038/s41467-018-08027-7,2019.0
10.1038/s41467-019-11429-w,2019.0
10.1038/s41467-020-15838-0,2020.0
10.1038/s41467-020-17997-6,2020.0
10.1038/s41467-020-18377-w,2020.0
10.1038/s41467-021-21159-7,2021.0
10.1038/s41467-021-27210-x,2021.0
10.1038/s41467-022-33430-6,2022.0
10.1038/s41467-022-34562-5,2022.0
10.1038/s41467-023-39657-1,2023.0
10.1038/s41467-023-39904-5,2023.0
10.1038/s41467-023-44031-2,2023.0
10.1038/s41467-023-44237-4,2024.0
10.1038/s41467-024-46572-6,2024.0
10.1038/s41467-024-46922-4,2024.0
10.1038/s41467-024-49161-9,2024.0
10.1038/s41467-024-52966-3,2024.0
10.1038/s41467-024-54500-x,2024.0
10.1038/s41557-023-01379-8,2023.0
10.1038/s41586-021-04246-z,2021.0
10.1038/s41586-022-05333-5,2022.0
10.1038/s41589-018-0010-y,2018.0
10.1038/s41589-018-0021-8,2018.0
10.1038/s41589-018-0055-y,2018.0
10.1038/s41589-019-0279-5,2019.0
10.1038/s41589-019-0294-6,2019.0
10.1038/s41589-019-0304-8,2019.0
10.1038/s41589-019-0379-2,2019.0
10.1038/s41589-020-00652-y,2020.0
10.1038/s41589-020-00686-2,2020.0
10.1038/s41589-020-0609-7,2020.0
10.1038/s41589-021-00742-5,2021.0
10.1038/s41589-021-00765-y,2021.0
10.1038/s41589-022-01248-4,2023.0
10.1038/s41589-024-01683-5,2024.0
10.1038/s41591-019-0668-z,2019.0
10.1038/s41594-023-01146-w,2024.0
10.1038/s41598-019-56177-5,2019.0
10.1038/s42003-018-0105-8,2018.0
10.1038/s42003-018-0105-8; 10.1021/acsmedchemlett.0c00194,
10.1038/s42003-020-0868-6,2020.0
10.1038/s42003-024-06238-x,2024.0
10.1038/s42004-024-01177-4,2024.0
10.1038/s42004-024-01263-7,2024.0
10.1038/s43018-021-00174-z,2021.0
10.1038/s43018-024-00782-5,2024.0
10.1039/c7cc03879h,2017.0
10.1039/c8cc07813k,2019.0
10.1039/c8cc08716d,2019.0
10.1039/c8cc09541h,2019.0
10.1039/c9cc00163h,2019.0
10.1039/c9cc07217a,2019.0
10.1039/c9cc08238g,2020.0
10.1039/c9cc08509b,2019.0
10.1039/d0cc01485k,2020.0
10.1039/d0cc02201b,2020.0
10.1039/d0cc03243c,2020.0
10.1039/d0sc00167h,2020.0
10.1039/d1cc05715d,2021.0
10.1039/d2cb00223j,2023.0
10.1039/d2cc00272h,2022.0
10.1039/d2cc02094g,2022.0
10.1039/d2cc03092f,2022.0
10.1039/d2md00064d,2022.0
10.1039/d2md00199c,2022.0
10.1039/d2md00284a,2022.0
10.1039/d3cb00103b,2023.0
10.1039/d3md00216k,2023.0
10.1039/d3ra02133e,2023.0
10.1039/d3sc04064j,2023.0
10.1039/d3sc04541b,2023.0
10.1039/d3sc04629j,2024.0
10.1039/d3sc06558h,2024.0
10.1039/d3tb03046f,2024.0
10.1039/d4cb00184b,2024.0
10.1039/d4cc05138f,2024.0
10.1039/d4md00122b,2024.0
10.1039/d4md00252k,2024.0
10.1073/pnas.1521738113,2016.0
10.1073/pnas.1521738113; 10.1021/acs.jmedchem.1c01496,
10.1073/pnas.1803662115,2018.0
10.1074/jbc.M116.768853,2017.0
10.1074/jbc.RA117.001091,2018.0
10.1080/14756366.2020.1804382,2020.0
10.1080/14756366.2022.2062338,2022.0
10.1080/14756366.2022.2100886,2022.0
10.1080/14756366.2022.2135510,2022.0
10.1093/carcin/bgae006,2024.0
10.1093/eurheartj/ehae379,2024.0
10.1101/2023.08.09.552650,2023.0
10.1101/2023.08.14.553289,2023.0
10.1101/2023.09.15.557708,2023.0
10.1101/2023.09.29.560163,2023.0
10.1101/2023.12.30.573733,2024.0
10.1101/2024.02.22.581560,2024.0
10.1101/2024.02.26.582210,2024.0
10.1101/2024.02.27.582353,2024.0
10.1101/2024.02.29.582768,2024.0
10.1101/2024.03.25.586133,2024.0
10.1101/2024.03.29.587346,2024.0
10.1101/2024.05.14.593352,2024.0
10.1101/2024.06.01.596987,2024.0
10.1101/2024.07.09.602803,2024.0
10.1101/2024.07.23.604814,2024.0
10.1101/2024.08.23.608456,2024.0
10.1101/gad.349717.122,2022.0
10.1111/cas.13198,2017.0
10.1111/cas.13284,2017.0
10.1111/cas.15401,2022.0
10.1111/cas.15733,2023.0
10.1111/cns.70012,2024.0
10.1126/sciadv.aay5064,2020.0
10.1126/sciadv.abq2216,2022.0
10.1126/sciadv.ado1432,2024.0
10.1126/science.aab1433,2015.0
10.1126/science.adi5798,2024.0
10.1126/scisignal.adf2670. Epub 2024 Feb 27,
10.1126/scitranslmed.abj1578,2021.0
10.1155/2022/4056398,2022.0
10.1158/0008-5472.CAN-16-2622,2017.0
10.1158/0008-5472.CAN-18-2918,2019.0
10.1158/0008-5472.CAN-19-1236,2019.0
10.1158/1078-0432.CCR-23-3465,2024.0
10.1158/1535-7163.MCT-20-0417,2021.0
10.1158/1535-7163.MCT-21-0835,2022.0
10.1158/1535-7163.MCT-23-0513,2024.0
10.1158/1538-7445.SABCS18-P5-04-18,2019.0
10.1172/jci.insight.160606,2022.0
10.1182/blood-2018-07-862953,2019.0
10.1182/blood.2019003604,2020.0
10.1182/blood.2022016934,2023.0
10.1182/bloodadvances.2022008121,2023.0
10.1186/s12885-024-11966-8,2024.0
10.1186/s12929-023-00921-7,2023.0
10.1186/s13045-022-01258-8,2022.0
10.1186/s13578-022-00936-x,2022.0
10.1200/JCO.2019.37.7_suppl.259,2019.0
10.1248/cpb.c18-00567,2019.0
10.1248/cpb.c22-00576,2023.0
10.1248/cpb.c23-00026,2024.0
10.1371/journal.pbio.3002550,2024.0
10.1371/journal.pone.0299665,2024.0
10.15212/amm-2022-0022,2022.0
10.3389/fchem.2021.674967,2021.0
10.3389/fchem.2023.1219883,2023.0
10.3389/fimmu.2023.1135373,2023.0
10.3389/fncel.2022.801179,2022.0
10.3389/fonc.2022.851065,2022.0
10.3389/fphar.2022.944455,2022.0
10.3389/fphar.2024.1351792,2024.0
10.3390/biom13071099,2023.0
10.3390/cancers15030611,2023.0
10.3390/cells13060528,2024.0
10.3390/cells9051083,2020.0
10.3390/ijms23147535,2022.0
10.3390/ijms242216290,2023.0
10.3390/molecules25081948,2020.0
10.3390/molecules25214991,2020.0
10.3390/molecules26237241,2021.0
10.3390/molecules27051655,2022.0
10.3390/molecules27238513,2022.0
10.3390/molecules28093912,2023.0
10.3390/molecules28114458,2023.0
10.3390/molecules28196947,2023.0
10.3390/molecules29081845,2024.0
10.3390/pharmaceutics14122829,2022.0
10.3390/pharmaceutics15051467,2023.0
10.5812/ijpr-129251,2022.0
10.7150/thno.55680,2021.0
10.7150/thno.75421,2022.0
10.7554/eLife.45457,2019.0
