ik14,Smiles,Uniprot,Target,E3 ligase,e3u,dc50_nM,dmax_pct,n_assay,active,leaked
ADNQFJRANZZPKY,O=C1CCC(N2C(=O)C3=CC=C(OCCOCCOCCOCCN4CCN(CC5=CC=C6N=C(NC(=O)C7=CC=CC(C(F)(F)F)=C7)N([C@H]7CC[C@@H](CO)CC7)C6=C5)CC4)C=C3C2=O)C(=O)N1,Q9NWZ3,IRAK4,CRBN,Q96SW2,30.0,70.0,1,0,True
ADTXLFJKQHYGPM,COC1=CC(C(=O)NCCOCCOCCOCCC(=O)NC2=CC=CC3=C2C(=O)N(C2CCC(=O)NC2=O)C3=O)=CC=C1NC1=NC=C(C(F)(F)F)C(OC2=CC=CC3=C2C(=O)CC3)=N1,Q05397,FAK,CRBN,Q96SW2,204.5,64.5,4,0,True
AFQYUHBTQNKWIU,CNCCOC1=CC(C2=C(C)N=CS2)=CC=C1CNC(=O)[C@@H]1C[C@@H](O)CN1C(=O)[C@@H](NC(=O)COCCOCCOCCNC(=O)C[C@@H]1N=C(C2=CC=C(Cl)C=C2)C2=C(SC(C)=C2C)N2C(C)=NN=C12)C(C)(C)C,O60885,BRD4,VHL,P40337,780.0,99.0,1,0,True
AIFXAXRMMBWMAG,CC(=O)N1C2=CC=C(C3=CC=C(C(=O)NCCOCCOCC(=O)N[C@H](C(=O)N4C[C@H](O)C[C@H]4C(=O)NCC4=CC=C(C5=C(C)N=CS5)C=C4)C(C)(C)C)C=C3)C=C2[C@H](NC2=CC=C(Cl)C=C2)C[C@@H]1C,Q15059,BRD3,VHL,P40337,142.0,84.0,2,0,True
AJTLGUJXIKEZCQ,NC1=NC=NC2=C1C(C1=CC=C(OC3=CC=CC=C3)C=C1)=NN2C1CCN(CCOCCOCC(=O)NC2=CC=C3C(=O)N(C4CCC(=O)NC4=O)C(=O)C3=C2)CC1,Q06187,BTK,CRBN,Q96SW2,9.1,99.0,3,1,True
AMPBLCGZRAITTM,CC(C)(C)[C@H](NC(=O)COCCCCCOC1=CC=C(C(=O)N[C@H]2C(C)(C)[C@H](OC3=CC=C(C#N)C(Cl)=C3)C2(C)C)C=C1)C(=O)N1C[C@H](O)C[C@H]1C(=O)NCC1=CC=C(C2=CN=CS2)C=C1,P10275,AR,VHL,P40337,50.0,71.0,1,0,True
AORZPRLVKUMTOJ,CC[C@@H]1C2=NN=C(C)N2C2=CN=C(NC3=CC=C(C(=O)NC4CCN(C(=O)COC5=CC=CC6=C5C(=O)N(C5CCC(=O)NC5=O)C6=O)CC4)C=C3OC)N=C2N1CC1CCCCC1,O60885,BRD4,CRBN,Q96SW2,1.0,99.0,1,1,True
ATTMBNXPUWOYNQ,CN(C1=CC=CC(CNC2=NC(NC3=CC=C(OCCCOCCC(=O)NCCOC4=CC=CC5=C4C(=O)N(C4CCC(=O)NC4=O)C5=O)C=C3)=NC=C2C(F)(F)F)=C1)S(C)(=O)=O,Q05397,FAK,CRBN,Q96SW2,8.2,98.0,1,1,True
AWOLTJZICWTLFS,NC1=NC=NC2=C1C(C1=CC=C(OC3=CC=CC=C3)C=C1)=NN2[C@@H]1CCCN(C(=O)/C=C/COCCOCCOCCOCCOCCOC2=CC=CC3=C2C(=O)N(C2CCC(=O)NC2=O)C3=O)C1,Q06187,BTK,CRBN,Q96SW2,8.6,91.0,1,1,True
BEEAHZAQHFFDHP,CN(C1=CC=C(C#N)C(Cl)=C1)[C@H]1CC[C@H](NC(=O)C2=CC=C(N3CCC(N4CCN(C5=CC=C6C(=O)N(C7CCC(=O)NC7=O)C(=O)C6=C5)CC4)CC3)C=C2)CC1,P10275,AR,CRBN,Q96SW2,0.195,97.0,2,1,True
BOXZMOCGSKLDAH,CC1=C(C2=CC=C(CNC(=O)[C@@H]3C[C@@H](O)CN3C(=O)[C@@H](NC(=O)COCCCCCCCCCOCC(=O)NC3=CC=C(C(=O)NC4=CC=CC=C4N)C=C3)C(C)(C)C)C=C2)SC=N1,O15379,HDAC3,VHL,P40337,540.0,71.5,2,0,True
BQKBBOYUPLMTRW,C[C@H]1CCCN1CC1=NC2=CC=C(NC(=O)C3=CC=C4C(=C3)C=NN4CCCCNC3=CC=CC4=C3C(=O)N(C3CCC(=O)NC3=O)C4=O)C=C2[NH]1,Q03111,MLLT1,CRBN,Q96SW2,72.0,89.0,2,1,True
BQXUPNKLZNSUMC,CCN(CCCCCOCC(=O)N[C@H](C(=O)N1C[C@H](O)C[C@H]1C(=O)N[C@@H](C)C1=CC=C(C2=C(C)N=CS2)C=C1)C(C)(C)C)CCOC1=CC=C(C(=O)C2=C(C3=CC=C(O)C=C3)SC3=CC(O)=CC=C23)C=C1,P03372,ER,VHL,P40337,0.17,95.0,1,1,True
BRIZMACXBJUXJT,CC1=C(C2=CC=C([C@H](C)NC(=O)[C@@H]3C[C@@H](O)CN3C(=O)[C@@H](NC(=O)CCCC(=O)N3CCN(CC4(C)CCC(C5=CC=C(Cl)C=C5)=C(CN5CCN(C6=CC=C(C(=O)NS(=O)(=O)C7=CC=C(N[C@H](CCN8CCOCC8)CSC8=CC=CC=C8)C(S(=O)(=O)C(F)(F)F)=C7)C=C6)CC5)C4)CC3)C(C)(C)C)C=C2)SC=N1,Q07817,BCL-xL,VHL,P40337,316.2,56.0,1,0,True
BUDQKNIUFHYJQZ,CC1=C(C2=CC=C(CNC(=O)[C@@H]3C[C@@H](O)CN3C(=O)[C@@H](NC(=O)CCCCCCCN3C=C(COC4=CC5=NC=NC(NC6=CC=C(F)C(Cl)=C6)=C5C=C4NC(=O)/C=C/CN4CCCCC4)N=N3)C(C)(C)C)C=C2)SC=N1,P00533,EGFR e19d,VHL,P40337,7.95,98.0,1,1,True
BVEMTZIKXNJFIM,CC1=C(C2=CC=C(CNC(=O)[C@@H]3C[C@@H](O)CN3C(=O)[C@@H](NC(=O)COCCC3=CC(N)=CC(OCCNC(=O)C[C@@H]4N=C(C5=CC=C(Cl)C=C5)C5=C(SC(C)=C5C)N5C(C)=NN=C45)=C3)C(C)(C)C)C=C2)SC=N1,O60885,BRD4,VHL,P40337,85.0,98.0,1,1,True
BVQZWOPTIZSOAW,O=C1CCC(N2C(=O)C3=CC=CC(NCCOCCOCCOCCOCCOCCOCCOCCNCCNC4=NON=C4/C(=N\O)NC4=CC=C(F)C(Br)=C4)=C3C2=O)C(=O)N1,P14902,IDO1,CRBN,Q96SW2,2840.0,93.0,1,0,True
BWJIJVUAQRLZRJ,CCC1=CC2=C(C=C1N1CCC(N3CCN(C(=O)CNC4=CC=CC5=C4CN(C4CCC(=O)NC4=O)C5=O)CC3)CC1)C(C)(C)C1=C(C2=O)C2=CC=C(C#N)C=C2[NH]1,Q9UM73,ALK,CRBN,Q96SW2,6.1,87.7,1,1,True
BXHBYEPLXDQKAT,CC1=C(C2=CC=C(CNC(=O)[C@@H]3C[C@@H](O)CN3C(=O)[C@@H](NC(=O)CCCCCOCCCCOCCCCOC3=CC4=NC=NC(NC5=CC=C(F)C(Cl)=C5)=C4C=C3NC(=O)/C=C/CN(C)C)C(C)(C)C)C=C2)SC=N1,P00533,EGFR,VHL,P40337,215.8,79.1,1,0,True
BYXQFJDQDXLTHH,CCOC1=CC(C(C)(C)C)=CC=C1C1=NC(C2=CC=C(Cl)C=C2)C(C2=CC=C(Cl)C=C2)N1C(=O)N1CCN(CC(=O)NCCOCCOCCOCCNC(=O)CN2CCN(C(=O)N3C(C4=CC=C(C(C)(C)C)C=C4OCC)=NC(C4=CC=C(Cl)C=C4)C3C3=CC=C(Cl)C=C3)CC2=O)C(=O)C1,Q00987,MDM2,MDM2,Q00987,1010.0,95.0,1,0,True
CDKSZVJXSCKNQN,CN(CCOCCOCCOCCOCCOCCNC1=CC=CC2=C1C(=O)N(C1CCC(=O)NC1=O)C2=O)CC1=CC=C(C2=C3CCNC(=O)C4=C3C(=CC(F)=C4)[NH]2)C=C1,P09874,PARP1,CRBN,Q96SW2,35.7,90.0,1,1,True
CESHFJRNQNNGLW,NC1=NC=NC2=C1C(C1=CC=C(OC3=CC=CC=C3)C=C1)=NN2C1CCN(CCCOCCCOCCC(=O)NC2=CC=CC3=C2C(=O)N(C2CCC(=O)NC2=O)C3=O)CC1,Q06187,BTK,CRBN,Q96SW2,68.3,95.0,1,1,True
CGIQKSDNJNCLMP,CC1=C(C2=CC=C([C@H](C)NC(=O)[C@@H]3C[C@@H](O)CN3C(=O)[C@@H](NC(=O)CCCCCCCCC(=O)N3CCN(CC4(C)CCC(C5=CC=C(Cl)C=C5)=C(CN5CCN(C6=CC=C(C(=O)NS(=O)(=O)C7=CC=C(N[C@H](CCN8CCOCC8)CSC8=CC=CC=C8)C(S(=O)(=O)C(F)(F)F)=C7)C=C6)CC5)C4)CC3)C(C)(C)C)C=C2)SC=N1,P10415,BCL2,VHL,P40337,183.45000000000002,75.0,2,0,True
CHNBEZLJAQUZEX,CN[C@@H](C)C(=O)N[C@H](C(=O)N1C[C@@H](NC(=O)C2=CN=C(N3CCN(CCCOC4=CC5=NC=NC(NC6=N[NH]C(C)=C6C)=C5C=C4S(=O)(=O)C(C)(C)C)CC3)C=N2)C[C@H]1C(=O)NC1=C(F)C=CC=C1F)C(C)(C)C,O43353,RIPK2,cIAP1,Q13490,0.4,94.3,1,1,True
CLCTZVRHDOAUGJ,N#CC1=CC=C(O[C@H]2CC[C@H](NC(=O)C3=CC=C(N4CCC(CN5CCN(C6=CC7=C(C=C6F)C(=O)N(C6CCC(=O)NC6=O)C7=O)CC5)CC4)N=N3)CC2)C=C1Cl,P10275,AR,CRBN,Q96SW2,2.69,88.5,2,1,True
CPDVGNBJFIONLX,CC1=C(C)C2=C(S1)N1C(C)=NN=C1[C@H](CC(=O)NCCOCCOCCNC(=O)CN1CCOC3=CC(N(CCC#N)C(=O)CCl)=CC=C31)N=C2C1=CC=C(Cl)C=C1,O60885,BRD4,FEM1B,Q9UK73,1100.0,85.0,1,0,True
CVBRBVVZZZJXQO,CC1=C(C2=CC=C(CNC(=O)[C@@H]3C[C@@H](O)CN3C(=O)[C@@H](NC(=O)C3(F)CC3)C(C)(C)C)C(OCCC3=CC=C(OCCN4CCN(C5=CC(C6=CC=CC=C6O)=NN=C5N)CC4)C=C3)=C2)SC=N1,P51531,SMARCA2,VHL,P40337,33.5,99.0,2,1,True
CVMXJJVQILKJCT,CC1=C(C2=CC=C(CNC(=O)[C@@H]3C[C@@H](O)CN3C(=O)[C@@H](NC(=O)CCOCCOCCOCCOCCOC3=CC=C(NC4=NC=C(C(F)(F)F)C(NCC5=CC=CC(N(C)S(C)(=O)=O)=C5)=N4)C=C3)C(C)(C)C)C=C2)SC=N1,Q05397,FAK,VHL,P40337,48.1,91.0,1,1,True
CWGVEMFBQJUWLU,CC1=C(C2=CC=C([C@H](CC(=O)N3CCC(N4CCC(C#CC5=CC=C(C(=O)N[C@H]6C(C)(C)[C@H](OC7=CC=C(C#N)C(Cl)=C7)C6(C)C)C=C5)CC4)CC3)NC(=O)[C@@H]3C[C@@H](O)CN3C(=O)[C@@H](NC(=O)C3(F)CC3)C(C)(C)C)C=C2)SC=N1,P10275,AR,VHL,P40337,0.86,95.0,1,1,True
DAQQIWJQNSGFLU,CCCS(=O)(=O)NC1=CC=C(F)C(N2C=C(C3=CN=CN=C3)C3=NC(N(C)C4CCN(CC(=O)NCCCOCCCCOCCCNC5=CC=CC6=C5C(=O)N(C5CCC(=O)NC5=O)C6=O)CC4)=CC=C32)=C1F,P15056,BRAF V600E,CRBN,Q96SW2,25.0,71.0,1,0,True
DEABZGHTSXTNRF,CC(C)(/C=C(/C#N)C(=O)N1CCC[C@@H](N2N=C(C3=CC=C(OC4=CC=CC=C4)C=C3)C3=C(N)N=CN=C32)C1)CCCOCCOCCOCCOCCOC1=CC=CC2=C1C(=O)N(C1CCC(=O)NC1=O)C2=O,Q06187,BTK,CRBN,Q96SW2,6.0,85.0,1,1,True
DHVQDOJINANBTP,CC(C)NC1=CC(N2C=CC3=CC(C#N)=CN=C32)=NC=C1C(=O)N[C@H]1CC[C@H](C(=O)NCCCNC(=O)COC2=CC=CC3=C2C(=O)N(C2CCC(=O)NC2=O)C3=O)CC1,Q9NWZ3,IRAK4,CRBN,Q96SW2,485.0,92.0,1,0,True
DKNBVZGJLBYCQJ,CC1=C(C2=CC=C([C@H](C)NC(=O)[C@@H]3C[C@@H](O)CN3C(=O)[C@@H](NC(=O)COCCCOCCCCCOC3=C(F)C=C(N4C(=S)N(C5=CC=C(C#N)C(C(F)(F)F)=C5)C(=O)C4(C)C)C=C3F)C(C)(C)C)C=C2)SC=N1,P10275,AR,VHL,P40337,50.0,71.0,1,0,True
DLBCMVGHLAVPJQ,O=C(CCCO/N=C1C(=C2/C(=O)N(CC3=CN(CCOCCNC4=CC=CC5=C4C(=O)N(C4CCC(=O)NC4=O)C5=O)N=N3)C3=CC=CC=C23)/NC2=CC=CC=C/12)NO,Q9UBN7,HDAC6,CRBN,Q96SW2,108.9,88.0,1,0,True
DNHMBIDODIOPOD,CC1=C(C2=CC=C([C@H](C)NC(=O)[C@@H]3C[C@@H](O)CN3C(=O)[C@@H](NC(=O)CCCOC3=CC=C(C4=CSC(N5CCOCC5)=N4)C=C3)C(C)(C)C)C=C2)SC=N1,P10275,AR-V7,VHL,P40337,350.0,53.0,1,0,True
DQGQXFRCIYCGOE,CCCCN(CC1=CC=C(C(=O)NO)C=C1)C(=O)NC1=CC=C(OCCCCCN2C=C(CNC3=CC=CC4=C3C(=O)N(C3CCC(=O)NC3=O)C4=O)N=N2)C=C1,Q9UBN7,HDAC6,CRBN,Q96SW2,1.92,86.13,2,1,True
DRJLXMYTVYIROA,CC1=C(C2=CC=C(CNC(=O)[C@@H]3C[C@@H](O)CN3C(=O)[C@@H](NC(=O)CCOCCOCCOC3=CC=C(NC4=NC=C(C(F)(F)F)C(NCC5=CC=CC(N(C)S(C)(=O)=O)=C5)=N4)C=C3)C(C)(C)C)C=C2)SC=N1,Q05397,FAK,VHL,P40337,20.8,99.0,1,1,True
DRSGINHARUFRQE,O=C1CCC(N2C(=O)C3=CC=C(OCCOCCOCCN4CCN(CC5=CC=C6N=C(NC(=O)C7=CC=CC(C(F)(F)F)=C7)N([C@H]7CC[C@@H](CO)CC7)C6=C5)CC4)C=C3C2=O)C(=O)N1,Q9NWZ3,IRAK4,CRBN,Q96SW2,30.0,70.0,1,0,True
DTEBXQFNWWUSPH,CCC(=O)N[C@H]1CC[C@@H](N2C(=O)C=C(C)C3=CN=C(NC4=CC=C(N5CCN(C(=O)CCCCCCCCCC#CC6=CC=C7CN(C8CCC(=O)NC8=O)C(=O)C7=C6)CC5)C=C4OC)N=C32)CC1,P33981,TTK,CRBN,Q96SW2,19.09,87.0,1,1,True
DTFBEQQOOYQAKH,N#CC1=NC=C(N2C(=O)C3(CCC3)N(C3=CC=C(C(=O)N4CCN(C5CCN(C6=CC=C7C(=O)N(C8CCC(=O)NC8=O)C(=O)C7=C6)CC5)CC4)C(F)=C3)C2=S)C=C1C(F)(F)F,P10275,AR,CRBN,Q96SW2,1000.0,27.0,1,0,True
DUPAJELXESPTNF,CC1=C(C2=CC=C(CNC(=O)[C@@H]3C[C@@H](O)CN3C(=O)[C@@H](NC(=O)COCCCCOC3=CC=C(C4=CC=C(N5C(=S)N(C6=CC=C(C#N)C(C(F)(F)F)=C6)C(=O)C5(C)C)C=C4)C=C3)C(C)(C)C)C=C2)SC=N1,P10275,AR,VHL,P40337,5.0,98.0,1,1,True
FCEBHUUCGVQXGJ,COC1=CC2=C(OC3=CC=C(NC(=O)C4(C(=O)NC5=CC=C(F)C=C5)CC4)C=C3F)C=CN=C2C=C1OCCOCCOCCC(=O)N[C@H](C(=O)N1C[C@H](O)C[C@H]1C(=O)NCC1=CC=C(C2=C(C)N=CS2)C=C1)C(C)(C)C,Q16539,p38alpha,VHL,P40337,45.75,87.19999999999999,2,1,True
FDBSHOXCSNLRGD,CC1=C(C2=CC=C(CNC(=O)[C@@H]3C[C@@H](O)CN3C(=O)[C@@H](NC(=O)COCCCOCCN3CCC(C4=CC=C(N5C(=S)N(C6=CC=C(C#N)C(C(F)(F)F)=C6)C(=O)C5(C)C)C=C4)CC3)C(C)(C)C)C=C2)SC=N1,P10275,AR,VHL,P40337,501.0,51.0,1,0,True
FFRMYNSJXNXLED,CCCS(=O)(=O)NC1=CC=C(F)C(N2C=C(C3=CN=CN=C3)C3=NC(N(C)C4CCN(C(=O)CCOCCOCCOCCOCCC(=O)N[C@H](C(=O)N5C[C@H](O)C[C@H]5C(=O)NCC5=CC=C(C6=C(C)N=CS6)C=C5)C(C)(C)C)CC4)=CC=C32)=C1F,P15056,BRAF V600E,VHL,P40337,100.0,40.0,1,0,True
FLLKKIZFEMVEEL,CC1=C(C2=CC=C([C@H](C)NC(=O)[C@@H]3C[C@@H](O)CN3C(=O)[C@@H](NC(=O)COCCCOCCCCCOC3=CC=C(N4C(=S)N(C5=CC=C(C#N)C(C(F)(F)F)=C5)C(=O)C4(C)C)C=C3F)C(C)(C)C)C=C2)SC=N1,P10275,AR,VHL,P40337,50.0,71.0,1,0,True
FMUGAZVOOIUFAT,CCCS(=O)(=O)NC1=CC=C(F)C(N2C=C(C3=CN=CN=C3)C3=NC(N(C)C4CCN(C(=O)CCOCCOCCOCCNC5=CC=CC6=C5C(=O)N(C5CCC(=O)NC5=O)C6=O)CC4)=CC=C32)=C1F,P15056,BRAF V600E,CRBN,Q96SW2,100.0,65.0,1,0,True
FOJOYRKGPBBUCX,CC1=C(C2=CC=C(CNC(=O)[C@@H]3C[C@@H](O)CN3C(=O)[C@@H](NC(=O)COCCOCCOCCNC(=O)C[C@@H]3N=C(C4=CC=C(Cl)C=C4)C4=C(SC(C)=C4C)N4C(C)=NN=C34)C(C)(C)C)C(OC3CCNCC3)=C2)SC=N1,O60885,BRD4,VHL,P40337,350.0,100.0,1,0,True
FSMCKEYFGVIYBM,CN(C1=CC=C(C#N)C(Cl)=C1)[C@H]1CC[C@H](NC(=O)C2=CC=C(N3CCN(CC4CCN(C5=CC=C6C(=O)N(C7CCC(=O)NC7=O)C(=O)C6=C5)CC4)CC3)C=C2)CC1,P10275,AR,CRBN,Q96SW2,1.4,93.0,1,1,True
FVEFTVCRDXCSLR,CCCN(C1=CC=C(C#N)C(Cl)=C1)[C@H]1CC[C@H](NC(=O)C2=CC=C(N3CCC(N4CCN(C5=CC=C6C(=O)N(C7CCC(=O)NC7=O)C(=O)C6=C5)CC4)CC3)C=C2)CC1,P10275,AR,CRBN,Q96SW2,1.4,88.0,1,1,True
FWZROUMFDYURRM,CC1=C(C2=CC=C(CNC(=O)[C@@H]3C[C@@H](O)CN3C(=O)[C@@H](NC(=O)CCCCCCCCCCNC(=O)CNC3=CC=CC4=C3C(=O)N(C3CCC(=O)NC3=O)C4=O)C(C)(C)C)C=C2)SC=N1,Q96SW2,CRBN,VHL,P40337,28.8,98.4,1,1,True
FXEIENSZGMCCEE,CC1=C(C2=CC=C(CNC(=O)[C@@H]3C[C@@H](O)CN3C(=O)[C@@H](NC(=O)COCC#CC#CCNC(=O)C[C@@H]3N=C(C4=CC=C(Cl)C=C4)C4=C(SC(C)=C4C)N4C(C)=NN=C34)C(C)(C)C)C=C2)SC=N1,O60885,BRD4,VHL,P40337,7.2,99.0,1,1,True
FYSWLIFIYIVHPI,CC(=O)N1C2=CC=C(C3=CC=C(C(=O)NCCOCCOCCOCC(=O)N[C@H](C(=O)N4C[C@H](O)C[C@H]4C(=O)NCC4=CC=C(C5=C(C)N=CS5)C=C4)C(C)(C)C)C=C3)C=C2[C@H](NC2=CC=C(Cl)C=C2)C[C@@H]1C,Q15059,BRD3,VHL,P40337,29.0,94.5,2,1,True
FZVBQSWNRMPEHR,N#CC1=CC=C(O[C@H]2CC[C@H](NC(=O)C3=CC=C(NCCCCCNC4=CC=C5C(=O)N(C6CCC(=O)NC6=O)C(=O)C5=C4)C=C3)CC2)C=C1Cl,P10275,AR,CRBN,Q96SW2,0.2,95.0,1,1,True
GAXWAKXJBZHVQF,C[C@H]1CC2(CCN(C3=CC=C(C(=O)N4CCC(CN5CC6=CC7=C(C=C6C5)C(=O)N(C5CCC(=O)NC5=O)C7=O)CC4)C=C3)CC2)CN1C1=CC=C(C#N)C(Cl)=C1,P10275,AR,CRBN,Q96SW2,4.55,96.5,4,1,True
GGBZAQUSRYNTSQ,CC1=C(C2=CC=C([C@H](C)NC(=O)[C@@H]3C[C@@H](O)CN3C(=O)[C@@H](NC(=O)CCCCOC3=CC=C(C4=CSC(N5CCOCC5)=N4)C=C3)C(C)(C)C)C=C2)SC=N1,P10275,AR-V7,VHL,P40337,320.0,67.0,1,0,True
GGEHXEZNDKXJIX,COC1=CC(N2CCN(C(=O)OCC(=O)N[C@H](C(=O)N3C[C@H](O)C[C@H]3C(=O)NCC3=CC=C(C4=C(C)N=CS4)C=C3)C(C)(C)C)CC2)=CC=C1NC(=O)C1=CC=CC(C2=CC=N[NH]2)=N1,P51617,IRAK1,VHL,P40337,16.0,97.0,1,1,True
GHFASOYKYKNVGE,COC1=CC(N2CC[C@@H](OCC(=O)N[C@H](C(=O)N3C[C@H](O)C[C@H]3C(=O)N[C@@H](C)C3=CC=C(C4=C(C)N=CS4)C=C3)C(C)(C)C)[C@H](C)C2)=CC=C1NC(=O)C1=CC=CC(C2=CC=N[NH]2)=N1,P51617,IRAK1,VHL,P40337,21.0,96.0,1,1,True
GJCIYFAPQUEGNE,CCCS(=O)(=O)NC1=CC=C(F)C(N2C=C(C3=CN=CN=C3)C3=NC(N(C)C4CCN(C(=O)CCOCCOCCOCCOCCNC5=CC=CC6=C5C(=O)N(C5CCC(=O)NC5=O)C6=O)CC4)=CC=C32)=C1F,P15056,BRAF V600E,CRBN,Q96SW2,15.0,82.0,1,1,True
GLYGYEQLMMPSAW,CC1=C(C2=CC=C(CNC(=O)[C@@H]3C[C@@H](O)CN3C(=O)[C@@H](NC(=O)CCCCCCCCCC(=O)NCCN3CCN(CC4=CC=CC(C5=CC=C(N6CCN(C)CC6)C(NC(=O)C6=C[NH]C(=O)C=C6C(F)(F)F)=C5)=C4)CC3)C(C)(C)C)C=C2)SC=N1,P61964,WDR5,VHL,P40337,260.0,71.0,1,0,True
GPLDNHBAUYMIMT,CC1=C(C2=CC=C(CNC(=O)[C@@H]3C[C@@H](O)CN3C(=O)[C@@H](NC(=O)COCCC3=CC=C(C4=CC=C(C(=O)N[C@H]5C(C)(C)[C@H](OC6=CC=C(C#N)C(Cl)=C6)C5(C)C)C=C4)C=C3)C(C)(C)C)C=C2)SC=N1,P10275,AR,VHL,P40337,50.0,71.0,1,0,True
GPZDKLVDAYMWLZ,CC1(C)C(=O)N(C2=CC=C(C#N)C(C(F)(F)F)=C2)C(=S)N1C1=CC=C(C(=O)N2CCN(C3CCN(C4=CC=C5C(=O)N(C6CCC(=O)NC6=O)C(=O)C5=C4)CC3)CC2)C(F)=C1,P10275,AR,CRBN,Q96SW2,1000.0,14.0,1,0,True
GPZQCKOJSPAJES,CC1=C(C2=CC=C(CNC(=O)[C@@H]3C[C@@H](O)CN3C(=O)[C@@H](NC(=O)COCCOCCOCCNC(=O)C3=CC4=C(C=C3CS(C)(=O)=O)C3=CN(C)C(=O)C5=C3C(=C[NH]5)CN4C3=NC=C(F)C=C3F)C(C)(C)C)C=C2)SC=N1,O60885,BRD4,VHL,P40337,7.5,98.0,1,1,True
GTUJRUVNUQLCDT,N[C@@H](CC1=CC=C(O)C(O)=C1)C(=O)NCCCCCNC1=CC=CC2=C1C(=O)N(C1CCC(=O)NC1=O)C2=O,P14679,TYR,CRBN,Q96SW2,50000.0,61.0,1,0,True
GVOFKFUVWFBDKE,CCCS(=O)(=O)NC1=CC=C(F)C(N2C=C(C3=CN=CN=C3)C3=NC(N(C)C4CCN(C(=O)CCC(=O)NCCCOCCOCCOCCCNC5=CC=CC6=C5C(=O)N(C5CCC(=O)NC5=O)C6=O)CC4)=CC=C32)=C1F,P15056,BRAF V600E,CRBN,Q96SW2,100.0,51.0,1,0,True
GXDYWQXTEYENEU,COC1=CC2=C(OC3=CC=C(NC(=O)C4(C(=O)NC5=CC=C(F)C=C5)CC4)C=C3F)C=CN=C2C=C1OCCCCOCCCCOCC(=O)N[C@H](C(=O)N1C[C@H](O)C[C@H]1C(=O)NCC1=CC=C(C2=C(C)N=CS2)C=C1)C(C)(C)C,Q16539,p38alpha,VHL,P40337,584.75,62.349999999999994,2,0,True
GXUBCAYGWJGCKT,N#CC1=CC=C(O[C@H]2CC[C@H](NC(=O)C3=CC=C(N4CCC(N5CCN(C6=CC=C7C(=O)N(C8CCC(=O)NC8=O)C(=O)C7=C6)CC5)CC4)C=C3)C2)C=C1Cl,P10275,AR,CRBN,Q96SW2,1000.0,20.0,1,0,True
HAHDZDUOFHMMEA,O=C1CCC(N2C(=O)C3=CC=CC(NCCCCCCCC(=O)NC4=CC=C(N5CC6=CC=C(O)C=C6OC5=O)C=C4)=C3C2=O)C(=O)N1,P14174,MIF,CRBN,Q96SW2,100.0,90.0,1,0,True
HBHSDSLZXDASLT,CC1=C(C2=CC=C([C@H](C)NC(=O)[C@@H]3C[C@@H](O)CN3C(=O)[C@@H](NC(=O)CNC(=O)C3=CC=C(F)C(C4=CC=C(N5C[C@H](C)N(C)[C@H](C)C5)C(NC(=O)C5=C[NH]C(=O)C=C5C(F)(F)F)=C4)=C3)C(C)(C)C)C=C2)SC=N1,P61964,WDR5,VHL,P40337,3.7,94.0,1,1,True
HIEUPGKCAGGMLO,NC(=O)C1=C(N)N([C@@H]2CCCN(C(=O)OCCOCCOCCOCCOCCNC3=CC=CC4=C3C(=O)N(C3CCC(=O)NC3=O)C4=O)C2)N=C1C1=CC=C(OC2=CC=C(F)C=C2F)C=C1,Q06187,BTK,CRBN,Q96SW2,4.5,87.0,1,1,True
HKHMBOOYLKOYAW,CCCCN(CC1=CC=C(C(=O)NO)C=C1)C(=O)NC1=CC=C(OCCN2C=C(CCCNC3=CC=CC4=C3C(=O)N(C3CCC(=O)NC3=O)C4=O)N=N2)C=C1,Q9UBN7,HDAC6,CRBN,Q96SW2,2.54,86.3,1,1,True
HPBWDZVXFSTVMR,O=C(CCCCCCCCCCC(=O)N1CCN(C(=O)C2=CC(CC3=N[NH]C(=O)C4=CC=CC=C34)=CC=C2F)CC1)NCCNC1=CC=CC2=C1C(=O)N(C1CCC(=O)NC1=O)C2=O,P09874,PARP1,CRBN,Q96SW2,0.578,99.0,3,1,True
HTGWWWOBPGTSLC,CC1=C(C2=CC=C(CNC(=O)[C@@H]3C[C@@H](O)CN3C(=O)[C@@H](NC(=O)COCCCOCCCCOC3=CC=C(N4C(=S)N(C5=CC=C(C#N)C(Cl)=C5)C(=O)C4(C)C)C=C3)C(C)(C)C)C=C2)SC=N1,P10275,AR,VHL,P40337,50.0,71.0,1,0,True
HTWBTPRKNVRYHW,CC(C)NC1=CC(N2C=CC3=CC(C#N)=CN=C32)=NC=C1C(=O)N[C@H]1CC[C@H](C(=O)NCCCCNC(=O)COC2=CC=CC3=C2C(=O)N(C2CCC(=O)NC2=O)C3=O)CC1,Q9NWZ3,IRAK4,CRBN,Q96SW2,190.0,93.0,1,0,True
HTWXOMYINZDUGN,O=C1CCC(N2C(=O)C3=CC=CC(NCCOCCOCCOCCNC(=O)N[C@H]4CC[C@@H](NC5=NC=NC6=C5C(C(=O)C5=CC=C(OC7=CC=CC=C7)C=C5Cl)=C[NH]6)CC4)=C3C2=O)C(=O)N1,Q06187,BTK,CRBN,Q96SW2,31.2,80.6,2,1,True
HVIFXYXSTAVNJM,CC1=C(C2=CC=C(CNC(=O)[C@@H]3C[C@@H](O)CN3C(=O)[C@@H](NC(=O)COCCCOCCCCOC3=CC=C(N4C(=S)N(C5=CC=C(C#N)C(C(F)(F)F)=C5)C(=O)C4(C)C)C=C3F)C(C)(C)C)C=C2)SC=N1,P10275,AR,VHL,P40337,50.0,71.0,1,0,True
IACCNUDTPQOEHL,CC1=C(C2=CC=C(CNC(=O)[C@@H]3C[C@@H](O)CN3C(=O)[C@@H](NC(=O)COCCCOCCCCOC3=CC=C(C4=CC=C(N5C(=S)N(C6=CC=C(C#N)C(C(F)(F)F)=C6)C(=O)C5(C)C)C=C4)C=C3)C(C)(C)C)C=C2)SC=N1,P10275,AR,VHL,P40337,50.0,71.0,1,0,True
IDIGRNKYBBGIKH,NC(=O)C1=C(N)N([C@@H]2CCCN(C(=O)OCCOCCOCCOCCNC3=CC=CC4=C3C(=O)N(C3CCC(=O)NC3=O)C4=O)C2)N=C1C1=CC=C(OC2=CC=C(F)C=C2F)C=C1,Q06187,BTK,CRBN,Q96SW2,36.9,85.0,1,1,True
IEXUFNUFUSSKQI,CC1=C(C)C2=C(S1)N1C(C)=NN=C1[C@H](CC(=O)NCCCCCNC(=O)CN1CCOC3=CC(N(CCC#N)C(=O)CCl)=CC=C31)N=C2C1=CC=C(Cl)C=C1,O60885,BRD4,FEM1B,Q9UK73,250.0,94.0,1,0,True
IFCKDGNCNVHZTM,N#CC1=CC=C(O[C@H]2CC[C@H](NC(=O)C3=CC=C(N4CCN(C5CN(C6=CC=C7C(=O)N(C8CCC(=O)NC8=O)C(=O)C7=C6)C5)CC4)C=C3)CC2)C=C1Cl,P10275,AR,CRBN,Q96SW2,0.1,76.0,1,0,True
IIJORMBEWMYDEN,COC1=CC(/C=C2\SC(=O)N(CCOCCC(=O)N[C@H](C(=O)N3C[C@H](O)C[C@H]3C(=O)NCC3=CC=C(C4=C(C)N=CS4)C=C3)C(C)(C)C)C2=O)=CC=C1OC1=CC=C(C#N)C=C1C(F)(F)F,P11474,ERRalpha,VHL,P40337,100.0,86.0,1,0,True
IJOXNAXACYQBRL,CCC(=O)N[C@H]1CC[C@@H](N2C(=O)C=C(C)C3=CN=C(NC4=CC=C(N5CCN(C(=O)CCCC#CC6=CC=C7CN(C8CCC(=O)NC8=O)C(=O)C7=C6)CC5)C=C4OC)N=C32)CC1,P33981,TTK,CRBN,Q96SW2,3.31,77.0,1,0,True
ILIHAEQFLUWMRH,CCC(=O)N[C@H]1CC[C@@H](N2C(=O)C=C(C)C3=CN=C(NC4=CC=C(N5CCN(C(=O)CCCC#CC6=CC=CC7=C6CN(C6CCC(=O)NC6=O)C7=O)CC5)C=C4OC)N=C32)CC1,P33981,TTK,CRBN,Q96SW2,598.7,28.0,1,0,True
ILQRGGWQVGLOSJ,CCC(=O)N[C@H]1CC[C@@H](N2C(=O)C=C(C)C3=CN=C(NC4=CC=C(N5CCN(C(=O)CCCCCCCC#CC6=CC=C7CN(C8CCC(=O)NC8=O)C(=O)C7=C6)CC5)C=C4OC)N=C32)CC1,P33981,TTK,CRBN,Q96SW2,7.03,84.0,1,1,True
IOIPLMHHWKGICH,N#CC1=CC=C(O[C@H]2CC[C@H](NC(=O)C3=CC=C(N4CCN(CCCNC5=CC=C6C(=O)N(C7CCC(=O)NC7=O)C(=O)C6=C5)CC4)C=C3)CC2)C=C1Cl,P10275,AR,CRBN,Q96SW2,2.7,82.0,1,1,True
IPNTVOAQOGRLQB,COC1=CC(C(=O)NCCOCCOCCOCCNC(=O)C[C@@H]2N=C(C3=CC=C(Cl)C=C3)C3=C(SC(C)=C3C)N3C(C)=NN=C23)=CC=C1NC(=O)[C@@H]1N[C@@H](CC(C)(C)C)[C@](C#N)(C2=CC=C(Cl)C=C2F)[C@H]1C1=CC=CC(Cl)=C1F,O60885,BRD4,MDM2,Q00987,32.0,98.0,1,1,True
IRDHCECVXOCRLY,N#CC1=CC=C(N[C@H]2CC[C@H](NC(=O)C3=CC=C(N4CCC(N5CCN(C6=CC=C7C(=O)N(C8CCC(=O)NC8=O)C(=O)C7=C6)CC5)CC4)C=C3)CC2)C=C1Cl,P10275,AR,CRBN,Q96SW2,0.3,78.0,1,0,True
ITIRIVDRAPMHII,COC1=CC(N2CC[C@@H](OCC(=O)N[C@H](C(=O)N3C[C@H](O)C[C@H]3C(=O)N[C@@H](C)C3=CC=C(C4=C(C)N=CS4)C=C3)C(C)(C)C)C[C@@H]2C)=CC=C1NC(=O)C1=CC=CC(C2=CC=N[NH]2)=N1,P51617,IRAK1,VHL,P40337,13.0,94.0,1,1,True
IVAWBGJHAWQINS,CC1=C(C2=CC=C(CNC(=O)[C@@H]3C[C@@H](O)CN3C(=O)[C@@H](NC(=O)COCCOCCOCC3=CN(CCNC(=O)C[C@@H]4N=C(C5=CC=C(Cl)C=C5)C5=C(SC(C)=C5C)N5C(C)=NN=C45)N=N3)C(C)(C)C)C=C2)SC=N1,O60885,BRD4,VHL,P40337,2260.0,69.0,1,0,True
IVICRPGKKOLGDE,O=C(CNC1=NC=NC2=C1C(C(=O)C1=CC=C(OC3=CC=CC=C3)C=C1Cl)=C[NH]2)NCCOCCOCCOCCOCCNC1=CC=CC2=C1C(=O)N(C1CCC(=O)NC1=O)C2=O,Q06187,BTK,CRBN,Q96SW2,31.05,67.55,2,0,True
JAJUSXSEHHKCEK,CC1=C(C2=CC=C(CNC(=O)[C@@H]3C[C@@H](O)CN3C(=O)[C@@H](NC(=O)COCCCOCCCCCOC3=CC=C(N4C(=O)N(C5=CC=C(C#N)C(C(F)(F)F)=C5)C(=O)C4(C)C)C=C3)C(C)(C)C)C=C2)SC=N1,P10275,AR,VHL,P40337,50.0,71.0,1,0,True
JGQPZPLJOBHHBK,CC1=C(C)C2=C(S1)N1C(C)=NN=C1[C@H](CC(=O)NCCCCCCCCNC(=O)COC1=CC=CC3=C1C(=O)N(C1CCC(=O)NC1=O)C3=O)N=C2C1=CC=C(Cl)C=C1,O60885,BRD4,CRBN,Q96SW2,10.0,94.0,4,1,True
JJEBSGCXKQODDX,NC1=NC=NC2=C1C(C1=CC=C(OC3=CC=CC=C3)C=C1)=NN2C1CCN(CCCCOCCCCOCC(=O)NC2=CC=CC3=C2C(=O)N(C2CCC(=O)NC2=O)C3=O)CC1,Q06187,BTK,CRBN,Q96SW2,90.1,93.0,1,1,True
JJODRHXPKVBYEY,CC1=C(C2=CC=C(CNC(=O)[C@@H]3C[C@@H](O)CN3C(=O)[C@@H](NC(=O)COCCOCCOCCNC3=CC=CC4=C3C(=O)N(C3CCC(=O)NC3=O)C4=O)C(C)(C)C)C=C2)SC=N1,Q96SW2,CRBN,VHL,P40337,367.8,85.1,1,0,True
JLHRNNVFNFHLTO,N#C/C(=C/CCCCOCCOCCOCCOCCOC1=CC=CC2=C1C(=O)N(C1CCC(=O)NC1=O)C2=O)C(=O)N1CCC[C@@H](N2N=C(C3=CC=C(OC4=CC=CC=C4)C=C3)C3=C(N)N=CN=C32)C1,Q06187,BTK,CRBN,Q96SW2,35.0,66.0,1,0,True
JQHNOZDZLLPAJF,CC1=C(C2=CC=C(CNC(=O)[C@@H]3C[C@@H](O)CN3C(=O)[C@@H](NC(=O)COCCC3=CC(O)=CC(OCCNC(=O)C4=CC5=C(C=C4CS(C)(=O)=O)C4=CN(C)C(=O)C6=C4C(=C[NH]6)CN5C4=NC=C(F)C=C4F)=C3)C(C)(C)C)C=C2)SC=N1,O60885,BRD4,VHL,P40337,1.4,100.0,1,1,True
JQIURFOHEWHROK,C=CC(=O)N1C[C@@H](N2N=C(C3=CC=C(OC4=CC=CC=C4)C=C3)C3=C(N)N=CN=C32)C[C@H]1C(=O)OCCOCCOCC(=O)N[C@H](C(=O)N1C[C@H](O)C[C@H]1C(=O)NCC1=CC=C(C2=C(C)N=CS2)C=C1)C(C)(C)C,Q06187,BTK,VHL,P40337,178.0,81.5,2,0,True
JQTRUKZGCBXQDD,CC1=C(C2=CC=C([C@H](C)NC(=O)[C@@H]3C[C@@H](O)CN3C(=O)[C@@H](NC(=O)COCCCCCNC3=CC=C(C(=O)N[C@H]4C(C)(C)[C@H](OC5=CC=C(C#N)C(Cl)=C5)C4(C)C)C=C3)C(C)(C)C)C=C2)SC=N1,P10275,AR,VHL,P40337,50.0,71.0,1,0,True
JSCBAQVBPQZYHJ,CC1=C(C2=CC=C(CNC(=O)[C@@H]3C[C@@H](O)CN3C(=O)[C@@H](NC(=O)CCC3=CC(N)=CC(CCOCCOCC#CC4=CC=C(C5=N[C@@H](CC(=O)NCCS(=O)(=O)O)C6=NN=C(C)N6C6=C5C(C)=C(C)S6)C=C4)=C3)C(C)(C)C)C=C2)SC=N1,O60885,BRD4,VHL,P40337,6500.0,100.0,1,0,True
JWNZXWGMBRXMPK,CC(=O)C1=C(C)C2=CN=C(NC3=CC=C(N4CCN(CCOCCOCCNC(=O)CNC5=CC=CC6=C5C(=O)N(C5CCC(=O)NC5=O)C6=O)CC4)C=N3)N=C2N(C2CCCC2)C1=O,P11802,CDK4,CRBN,Q96SW2,12.0,83.5,2,1,True
KCRCMDOSXFUJPF,NC1=NC=NC2=C1C(C1=CC=C(OC3=CC=CC=C3)C=C1)=NN2C1CCN(CCOCCOCCOC2=CC=C3C(=O)N(C4CCC(=O)NC4=O)C(=O)C3=C2)CC1,Q06187,BTK,CRBN,Q96SW2,8.3,91.0,1,1,True
KEXVSUAHVFYWJC,CC1=C(C2=CC=C(CNC(=O)[C@@H]3C[C@@H](O)CN3C(=O)[C@@H](NC(=O)COCC3=CN(CCNC(=O)C[C@@H]4N=C(C5=CC=C(Cl)C=C5)C5=C(SC(C)=C5C)N5C(C)=NN=C45)N=N3)C(C)(C)C)C=C2)SC=N1,O60885,BRD4,VHL,P40337,518.0,91.0,1,0,True
KKFAKGWHXAANIL,CC1=C(C2=CC=C(CNC(=O)[C@@H]3C[C@@H](O)CN3C(=O)[C@@H](NC(=O)C3(F)CC3)C(C)(C)C)C(OCCCC3=CC=C(CN4CCN(C5=CC(C6=CC=CC=C6O)=NN=C5N)CC4)C=C3)=C2)SC=N1,P51531,SMARCA2,VHL,P40337,41.5,91.0,2,1,True
KLUHWCISGKYNHH,N#CC1=CC=C(O[C@H]2CC[C@H](NC(=O)C3=CC=C(NCCCCCCCNC4=CC=C5C(=O)N(C6CCC(=O)NC6=O)C(=O)C5=C4)C=C3)CC2)C=C1Cl,P10275,AR,CRBN,Q96SW2,0.7,99.0,1,1,True
KPYLNSRIYNAOJF,N#CC1=CC=C(O[C@H]2CC[C@H](NC(=O)C3=CC=C(NCCCCCCCCCCCNC4=CC=C5C(=O)N(C6CCC(=O)NC6=O)C(=O)C5=C4)C=C3)CC2)C=C1Cl,P10275,AR,CRBN,Q96SW2,1000.0,42.0,1,0,True
KQEMZZJSHJCPSI,CC1=C(C2=CC=C([C@H](C)NC(=O)[C@@H]3C[C@@H](O)CN3C(=O)[C@@H](NC(=O)CCCCCCC(=O)N3CCN(CC4(C)CCC(C5=CC=C(Cl)C=C5)=C(CN5CCN(C6=CC=C(C(=O)NS(=O)(=O)C7=CC=C(N[C@H](CCN8CCOCC8)CSC8=CC=CC=C8)C(S(=O)(=O)C(F)(F)F)=C7)C=C6)CC5)C4)CC3)C(C)(C)C)C=C2)SC=N1,P10415,BCL2,VHL,P40337,24.5,86.2,4,1,True
KSDCGXPRMXBENQ,COC1=CC2=NN(C3CCN(CCOCCOC4=CC=C5CN(C6CCC(=O)NC6=O)C(=O)C5=C4)CC3)C=C2C=C1NC(=O)C1=CC=CC(C(F)(F)F)=N1,Q9NWZ3,IRAK4,CRBN,Q96SW2,30.0,50.0,1,0,True
KSXVXTSIDVRZBR,CC1=C(C2=CC=C(CNC(=O)[C@@H]3C[C@@H](O)CN3C(=O)[C@@H](NC(=O)CCCCCCCCCCNC3=CC=CC4=C3C(=O)N(C3CCC(=O)NC3=O)C4=O)C(C)(C)C)C=C2)SC=N1,Q96SW2,CRBN,VHL,P40337,20.4,99.6,1,1,True
KUCKATJPXILIRH,N#CC1=CC=C(O[C@H]2CC[C@H](NC(=O)C3=CC=C(N4CCN(CCNC5=CC=C6C(=O)N(C7CCC(=O)NC7=O)C(=O)C6=C5)CC4)C=C3)CC2)C=C1Cl,P10275,AR,CRBN,Q96SW2,0.8,77.0,1,0,True
KVQKGBLSBLWZKE,CC1=C(C2=CC=C([C@H](C)NC(=O)[C@@H]3C[C@@H](O)CN3C(=O)[C@@H](NC(=O)CCCCC(=O)N3CCN(CC4(C)CCC(C5=CC=C(Cl)C=C5)=C(CN5CCN(C6=CC=C(C(=O)NS(=O)(=O)C7=CC=C(N[C@H](CCN8CCOCC8)CSC8=CC=CC=C8)C(S(=O)(=O)C(F)(F)F)=C7)C=C6)CC5)C4)CC3)C(C)(C)C)C=C2)SC=N1,Q07817,BCL-xL,VHL,P40337,39.9,91.0,1,1,True
LCBLIBYLVHDHMI,COC1=CC2=C(OC3=CC=C(NC(=O)C4(C(=O)NC5=CC=C(F)C=C5)CC4)C=C3F)C=CN=C2C=C1OCCCCOCCCCOC1=CC(C2=C(C)N=CS2)=CC=C1CNC(=O)[C@@H]1C[C@@H](O)CN1C(=O)[C@H](C(C)C)N1CC2=CC=CC=C2C1=O,Q16539,p38alpha,VHL,P40337,116.5,34.4,2,0,True
LCTCXOPSLJEXKE,CC1=C(C2=CC=C(CNC(=O)[C@@H]3C[C@@H](O)CN3C(=O)[C@@H](NC(=O)CCCCCCN3CCN(C4=CC=C(NC5=CC6=C(N7CCC(CO)CC7)N=C(NC7=CC=C(F)C=C7)N=C6C=N5)N=C4)CC3)C(C)(C)C)C=C2)SC=N1,P00533,EGFR,VHL,P40337,34.8,98.0,1,1,True
LGAMKMQUDXCHFO,O=C1CCC(N2C(=O)C3=CC=C(OC4CCC(CN5CCN(CC6=CC=C7N=C(NC(=O)C8=CC=CC(C(F)(F)F)=C8)N([C@H]8CC[C@@H](CO)CC8)C7=C6)CC5)CC4)C=C3C2=O)C(=O)N1,Q9NWZ3,IRAK4,CRBN,Q96SW2,30.0,70.0,1,0,True
LHQBPRGJSOSPMT,C=C(F)C(=O)N1CCN(C2=NC(OC[C@@H]3CCCN3CCOCCOCCC(=O)N[C@H](C(=O)N3C[C@H](O)C[C@H]3C(=O)NCC3=CC=C(C4=C(C)N=CS4)C=C3)C(C)(C)C)=NC3=C2CCN(C2=CC=CC4=CC=CC(Cl)=C24)C3)C[C@@H]1CC#N,P01116,KRAS G12C,VHL,P40337,10000.0,50.0,1,0,True
LIAPRZHHMHGLCS,N#CC1=CC=C(O[C@H]2CC[C@H](NC(=O)C3=CC=C(NCCCCCCCCNC4=CC=C5C(=O)N(C6CCC(=O)NC6=O)C(=O)C5=C4)C=C3)CC2)C=C1Cl,P10275,AR,CRBN,Q96SW2,1.5,97.0,1,1,True
LIRKMAWQWVEHBG,CC1=C(C2=CC=C(CNC(=O)[C@@H]3C[C@@H](O)CN3C(=O)[C@@H](NC(=O)COCCCCOCCCOC3=CC=C(NC(=O)C[C@@H]4N=C(C5=CC=C(Cl)C=C5)C5=C(SC(C)=C5C)N5C(C)=NN=C45)C=C3)C(C)(C)C)C=C2)SC=N1,O60885,BRD4,VHL,P40337,23.1,89.0,1,1,True
LJQXZKRBYGZAEU,CC1=C(C2=CC=C(CNC(=O)[C@@H]3C[C@@H](O)CN3C(=O)[C@@H](NC(=O)COCCOCC3=CN(CCNC(=O)C[C@@H]4N=C(C5=CC=C(Cl)C=C5)C5=C(SC(C)=C5C)N5C(C)=NN=C45)N=N3)C(C)(C)C)C=C2)SC=N1,O60885,BRD4,VHL,P40337,726.0,78.0,1,0,True
LOFIFWMXRZZLIL,CN(C1=CC=C(C#N)C(Cl)=C1)[C@H]1CC[C@H](NC(=O)C2=CC=C(N3CC(CN4CCN(C5=CC=C6C(=O)N(C7CCC(=O)NC7=O)C(=O)C6=C5)CC4)C3)C=C2)CC1,P10275,AR,CRBN,Q96SW2,1.0,99.5,2,1,True
LOJJAKUNUJJOKC,CC1=C(C2=CC=C(CNC(=O)[C@@H]3C[C@@H](O)CN3C(=O)[C@@H](NC(=O)CCOCCOCCOCCOCCOCCOCC#CC3=CC=C(OCCCC4=C(C(=O)O)N=C(N5CCC6=CC=CC(C(=O)NC7=NC8=CC=CC=C8S7)=C6C5)S4)C=C3)C(C)(C)C)C=C2)SC=N1,Q07817,BCL-xL,VHL,P40337,4.8,76.0,1,0,True
LOWACICYXXELEY,N#CC1=CC=C(O[C@H]2CCC[C@@H](NC(=O)C3=CC=C(N4CCC(N5CCN(C6=CC=C7C(=O)N(C8CCC(=O)NC8=O)C(=O)C7=C6)CC5)CC4)C=C3)CCC2)C=C1Cl,P10275,AR,CRBN,Q96SW2,1000.0,54.0,1,0,True
LPYXXDVKMQAWIP,CC1=C(C2=CC=C(CNC(=O)[C@@H]3C[C@@H](O)CN3C(=O)[C@@H](NC(=O)C3(F)CC3)C(C)(C)C)C(OCCCOC3=CC=C(CN4CCN(C5=CC(C6=CC=CC=C6O)=NN=C5N)CC4)C=C3)=C2)SC=N1,P51531,SMARCA2,VHL,P40337,21.0,99.5,2,1,True
LSELSHXLKGXPPF,CC1=C(C2=CC=C(CNC(=O)[C@@H]3C[C@@H](O)CN3C(=O)[C@@H](NC(=O)COCCOCCOCCOCCNC(=O)C[C@@H]3N=C(C4=CC=C(Cl)C=C4)C4=C(SC(C)=C4C)N4C(C)=NN=C34)C(C)(C)C)C=C2)SC=N1,P25440,BRD2,VHL,P40337,200.0,99.0,3,0,True
LUCHABJUYSYJAT,CN(C1=CC=C(C#N)C(Cl)=C1)[C@H]1CC[C@H](NC(=O)C2=CC=C(N3CCN(C4CN(C5=CC=C6C(=O)N(C7CCC(=O)NC7=O)C(=O)C6=C5)C4)CC3)C=C2)CC1,P10275,AR,CRBN,Q96SW2,0.07,98.5,2,1,True
LUPSPQQYVRGZLI,CCC(=O)N[C@H]1CC[C@@H](N2C(=O)C=C(C)C3=CN=C(NC4=CC=C(N5CCN(C(=O)CCCCCCCCCC#CC6=CC=CC7=C6CN(C6CCC(=O)NC6=O)C7=O)CC5)C=C4OC)N=C32)CC1,P33981,TTK,CRBN,Q96SW2,2.25,87.0,1,1,True
LVQCYBJKHQGJSR,COC1=CC2=C(OC3=CC=C(NC(=O)C4(C(=O)NC5=CC=C(F)C=C5)CC4)C=C3F)C=CN=C2C=C1OCCCOCCCOCCCOC1=CC(C2=C(C)N=CS2)=CC=C1CNC(=O)[C@@H]1C[C@@H](O)CN1C(=O)[C@H](C(C)C)N1CC2=CC=CC=C2C1=O,Q16539,p38alpha,VHL,P40337,722.0,26.7,2,0,True
LWHJKWAUKAHIGC,CCC(=O)N[C@H]1CC[C@@H](N2C(=O)C=C(C)C3=CN=C(NC4=CC=C(N5CCN(C(=O)CCCC#CC6=CC=C7C(=O)N(C8CCC(=O)NC8=O)CC7=C6)CC5)C=C4OC)N=C32)CC1,P33981,TTK,CRBN,Q96SW2,1.75,88.0,1,1,True
LYUUIIZKBMBNQV,COC1=CC2=C(OC3=CC=C(NC(=O)C4(C(=O)NC5=CC=C(F)C=C5)CC4)C=C3F)C=CN=C2C=C1OCCOCCOCCOC1=CC(C2=C(C)N=CS2)=CC=C1CNC(=O)[C@@H]1C[C@@H](O)CN1C(=O)[C@H](C(C)C)N1CC2=CC=CC=C2C1=O,Q16539,p38alpha,VHL,P40337,62.55,66.45,2,0,True
MAECKIKUFSSWJT,NC(=O)C1=C(N)N([C@@H]2CCCN(C(=O)OCCOCCOCCNC3=CC=CC4=C3C(=O)N(C3CCC(=O)NC3=O)C4=O)C2)N=C1C1=CC=C(OC2=CC=C(F)C=C2F)C=C1,Q06187,BTK,CRBN,Q96SW2,1487.0,64.0,1,0,True
MBCAVOCJJAQHHT,CCCS(=O)(=O)NC1=CC=C(F)C(C(=O)C2=C[NH]C3=NC=C(C4=CC=C(N5CCN(CC(=O)N[C@H](C(=O)N6C[C@H](O)C[C@H]6C(=O)NCC6=CC=C(C7=C(C)N=CS7)C=C6)C(C)(C)C)CC5)C=C4)C=C23)=C1F,P15056,BRAF G466V,VHL,P40337,15.0,95.0,3,1,True
MCPFQJKJCFMAIH,CC1=C(C2=CC=C(CNC(=O)[C@@H]3C[C@@H](O)CN3C(=O)[C@@H](NC(=O)CCCCCCN3CCN(C4=CC=C(NC5=NC=C6N=C(NC7=CC=CC=C7)N(C7CCCC7)C6=N5)C=C4)CC3)C(C)(C)C)C=C2)SC=N1,P00533,EGFR L858R/T790M,VHL,P40337,63.355000000000004,85.35,2,1,True
MHILTYZXXFOWJH,O=C(CCCCCCC(=O)N/N=C/C1=CC=C(OCCOCCOCCN2C=C(CNC3=CC=CC4=C3C(=O)N(C3CCC(=O)NC3=O)C4=O)N=N2)C=C1)NO,Q9UBN7,HDAC6,CRBN,Q96SW2,21.56,77.285,2,0,True
MHRNVFQJUUXQIG,COC1=CC(N2CCC(OCC(=O)N[C@H](C(=O)N3C[C@H](O)C[C@H]3C(=O)N[C@@H](C)C3=CC=C(C4=C(C)N=CS4)C=C3)C(C)(C)C)CC2)=CC=C1NC(=O)C1=CC=CC(C2=CC=N[NH]2)=N1,P51617,IRAK1,VHL,P40337,3.0,96.0,1,1,True
MTZBLTXMAXNSIO,CC1=C(C2=CC=C(CNC(=O)[C@@H]3C[C@@H](O)CN3C(=O)[C@@H](NC(=O)COCCCOCCCCCOC3=CC=C(N4C(=S)N(C5=CC=C(C#N)C(C(F)(F)F)=C5)C(=O)C4(C)C)C=C3)C(C)(C)C)C=C2)SC=N1,P10275,AR,VHL,P40337,15.0,76.0,1,0,True
MVULIYLBRNHLEE,CC1=C(C2=CC=C(CNC(=O)[C@@H]3C[C@@H](O)CN3C(=O)[C@@H](NC(=O)CCOCCOC3=CC=C(NC4=NC=C(C(F)(F)F)C(NCC5=CC=CC(N(C)S(C)(=O)=O)=C5)=N4)C=C3)C(C)(C)C)C=C2)SC=N1,Q05397,FAK,VHL,P40337,3.0,99.0,1,1,True
MVXHKLZUALKPTB,C=CC(=O)NC1=CC(NC2=NC=CC(C3=CN(C)C4=CC=CC=C34)=N2)=C(OC)C=C1N(C)CCN(C)CCOCCOCCOCCOCC(=O)NC1=CC=CC2=C1CN(C1CCC(=O)NC1=O)C2=O,P00533,EGFR,CRBN,Q96SW2,161.0,68.0,1,0,True
MWQAAQOVPMFJQP,COC1=CC(N2CCN(C(=O)OCC(=O)N[C@H](C(=O)N3C[C@H](O)C[C@H]3C(=O)N[C@@H](C)C3=CC=C(C4=C(C)N=CS4)C=C3)C(C)(C)C)CC2)=CC=C1NC(=O)C1=CC=CC(C2=CC=N[NH]2)=N1,P51617,IRAK1,VHL,P40337,9.0,90.0,1,1,True
MXAKQOVZPDLCDK,COC1=CC(C2=CN(C)C(=O)C3=CN=CC=C23)=CC(OC)=C1CN1CCN(CCOCCOCCOC2=CC(C3=C(C)N=CS3)=CC=C2CNC(=O)[C@@H]2C[C@@H](O)CN2C(=O)[C@@H](NC(=O)C2(F)CC2)C(C)(C)C)CC1,Q9H8M2,BRD9,VHL,P40337,560.0,80.0,1,0,True
MXYBZGJJYHQKSU,CC1=C(C2=CC=C(CNC(=O)[C@@H]3C[C@@H](O)CN3C(=O)[C@@H](NC(=O)CCC3=CC(N)=CC(CCOCCOCC#CC4=CC=C(C5=N[C@@H](CC6=NC=CS6)C6=NN=C(C)N6C6=C5C(C)=C(C)S6)C=C4)=C3)C(C)(C)C)C=C2)SC=N1,O60885,BRD4,VHL,P40337,87.0,100.0,1,1,True
MYAUGYDOTJZSSR,COC1(CN2CC3=CC4=C(C=C3C2)C(=O)N(C2CCC(=O)NC2=O)C4=O)CCN(C(=O)C2=CC=C(N3CCC4(CC3)C[C@H](C)N(C3=CC=C(C#N)C(Cl)=C3)C4)C=C2)CC1,P10275,AR,CRBN,Q96SW2,0.3,99.0,1,1,True
NAADBQUVFJWCFU,CC1=C(C2=CC=C(CNC(=O)[C@@H]3C[C@@H](O)CN3C(=O)[C@@H](NC(=O)C3(F)CC3)C(C)(C)C)C(OCCCCCCCCCCCC(=O)NC3=CC=C(C(=O)NC4=CC=CC=C4N)C=C3)=C2)SC=N1,O15379,HDAC3,VHL,P40337,440.0,77.0,1,0,True
NANCWGWHLCCPLL,CC1=C(C2=CC=C(CNC(=O)[C@@H]3C[C@@H](O)CN3C(=O)[C@@H](NC(=O)CCCCCCCCCCNC(=O)COC3=CC=CC4=C3C(=O)N(C3CCC(=O)NC3=O)C4=O)C(C)(C)C)C=C2)SC=N1,Q96SW2,CRBN,VHL,P40337,367.7,82.0,1,0,True
NEMQBDGIUBMFBU,COC1=CC(N2CCC(OCC(=O)N[C@H](C(=O)N3C[C@H](O)C[C@H]3C(=O)NCC3=CC=C(C4=C(C)N=CS4)C=C3F)C(C)(C)C)CC2)=CC=C1NC(=O)C1=CC=CC(C2=CC=N[NH]2)=N1,P51617,IRAK1,VHL,P40337,13.0,96.0,1,1,True
NICKHWYZMNLEPJ,COC1=CC2=NC=NC(NC3=CC=C(F)C(Cl)=C3)=C2C=C1OCCCCCOCCOCCC(=O)N[C@H](C(=O)N1C[C@H](O)C[C@H]1C(=O)NCC1=CC=C(C2=C(C)N=CS2)C=C1)C(C)(C)C,P00533,EGFR,VHL,P40337,11.7,98.9,1,1,True
NOGGUZVPDPKPMG,CC(C)NC1=CC(N2C=CC3=CC(C#N)=CN=C32)=NC=C1C(=O)N[C@H]1CC[C@H](C(=O)NCCCCCNC(=O)COC2=CC=CC3=C2C(=O)N(C2CCC(=O)NC2=O)C3=O)CC1,Q9NWZ3,IRAK4,CRBN,Q96SW2,293.0,97.0,1,0,True
NONAQRYFKJIZQD,CC1=C(C2=CC=C(CNC(=O)[C@@H]3C[C@@H](O)CN3C(=O)[C@@H](NC(=O)CCCCCCNC3=CC=CC4=C3C(=O)N(C3CCC(=O)NC3=O)C4=O)C(C)(C)C)C=C2)SC=N1,Q96SW2,CRBN,VHL,P40337,100.6,96.9,1,0,True
OAEOAAWVWTZNON,CC1=C(C2=CC=C(CNC(=O)[C@@H]3C[C@@H](O)CN3C(=O)[C@@H](NC(=O)CCCCCCCN3CCN(C4=CC=C(NC5=NC=C6N=C(NC7=CC=CC=C7)N(C7CCCC7)C6=N5)C=C4)CC3)C(C)(C)C)C=C2)SC=N1,P00533,EGFR L858R/T790M,VHL,P40337,77.36999999999999,77.55,2,0,True
OEMAZTSGRNBCPF,CCC(=O)N[C@H]1CC[C@@H](N2C(=O)C=C(C)C3=CN=C(NC4=CC=C(N5CCN(C(=O)CCCCCCCC#CC6=CC=CC7=C6CN(C6CCC(=O)NC6=O)C7=O)CC5)C=C4OC)N=C32)CC1,P33981,TTK,CRBN,Q96SW2,7.05,84.0,1,1,True
OGAOHACYLUBWJQ,CCC1=CC2=C(C=C1N1CCC(N3CCN(CCCC#CC4=CC=CC5=C4CN(C4CCC(=O)NC4=O)C5=O)CC3)CC1)C(C)(C)C1=C(C2=O)C2=CC=C(C#N)C=C2[NH]1,Q9UM73,ALK,CRBN,Q96SW2,3.9,70.3,1,0,True
OHIHMSVOYVOFIW,CC1(C)C(=O)N(C2=CC=C(C#N)C(C(F)(F)F)=C2)C(=S)N1C1=CC=C(OCCOCCOCCOCCOC2=CC=CC3=C2CN([C@H]2CCC(=O)NC2=O)C3=O)C=C1,P10275,AR,CRBN,Q96SW2,10.0,33.0,1,0,True
OIAOFDRZXBDDRR,O=C1CCC(N2C(=O)C3=CC=CC(NCCOCCOCCOCCOCCOCCNC(=O)N[C@H]4CC[C@@H](NC5=NC=NC6=C5C(C(=O)C5=CC=C(OC7=CC=CC=C7)C=C5Cl)=C[NH]6)CC4)=C3C2=O)C(=O)N1,Q06187,BTK,CRBN,Q96SW2,41.9,93.0,3,1,True
OLRLOHZCSMMOCS,CC(C)NC1=CC(N2C=CC3=CC(C#N)=CN=C32)=NC=C1C(=O)N[C@H]1CC[C@H](C(=O)NCCOCCOCCNC(=O)COC2=CC=CC3=C2C(=O)N(C2CCC(=O)NC2=O)C3=O)CC1,Q9NWZ3,IRAK4,CRBN,Q96SW2,7420.0,71.0,1,0,True
OURGGRRMESLKOS,CCCS(=O)(=O)NC1=CC=C(F)C(N2C=C(C3=CN=CN=C3)C3=NC(N(C)C4CCN(C(=O)CCOCCOCCOCCOCC#CC5=CC=CC6=C5CN(C5CCC(=O)NC5=O)C6=O)CC4)=CC=C32)=C1F,P15056,BRAF V600E,CRBN,Q96SW2,50.0,74.0,1,0,True
OWEARFNXBBNNKR,CC1(C)CCC(C2=CC=C(Cl)C=C2)=C(CN2CCN(C3=CC=C(C(=O)NS(=O)(=O)C4=CC=C(N[C@H](CCN5CCN(C(=O)CCCN6C=C(COCCOCCNC7=CC=CC8=C7C(=O)N(C7CCC(=O)NC7=O)C8=O)N=N6)CC5)CSC5=CC=CC=C5)C(S(=O)(=O)C(F)(F)F)=C4)C=C3)CC2)C1,Q07817,BCL-xL,CRBN,Q96SW2,46.0,96.2,1,1,True
OWYXKRGXEAHYMU,O=C1CCC(N2C(=O)C3=CC=CC(NCCOCCOCCOCCOCCNC(=O)C4=CC=C(CN(CC5CCNCC5)S(=O)(=O)C5=CC=C(S(=O)(=O)N(CC6=CC=C(Cl)C=C6)C6CCCC6)C=C5)C=C4)=C3C2=O)C(=O)N1,O43924,PDEdelta,CRBN,Q96SW2,48.0,83.4,1,1,True
PCQKARKEVDFIEV,C[C@H]1CCCN1CC1=NC2=CC=C(NC(=O)C3=CC=C4C(=C3)C=NN4CCCCCCNC3=CC=CC4=C3C(=O)N(C3CCC(=O)NC3=O)C4=O)C=C2[NH]1,Q03111,MLLT1,CRBN,Q96SW2,50.0,68.0,2,0,True
PCRYOGWRHSLIEZ,COC1=CC2=C(OC3=CC=C(NC(=O)C4(C(=O)NC5=CC=C(F)C=C5)CC4)C=C3F)C=CN=C2C=C1OCCCOCCOCCC(=O)N[C@H](C(=O)N1C[C@H](O)C[C@H]1C(=O)NCC1=CC=C(C2=C(C)N=CS2)C=C1)C(C)(C)C,Q16539,p38alpha,VHL,P40337,55.25,98.05000000000001,2,1,True
PDQGUWCWGITGBA,NC(=O)C1=C(N)N([C@@H]2CCCN(C(=O)COCCOCCOCCOCCOCCNC3=CC=CC4=C3C(=O)N(C3CCC(=O)NC3=O)C4=O)C2)N=C1C1=CC=C(OC2=CC=C(F)C=C2F)C=C1,Q06187,BTK,CRBN,Q96SW2,5.9,85.0,1,1,True
PEZCAXDTKNFUCR,CC1=C(C2=CC=C(CNC(=O)[C@@H]3C[C@@H](O)CN3C(=O)[C@@H](NC(=O)COCCCCCOCCOCCCCCOCC(=O)NCCNC3=CC=CC4=C3C(=O)N(C3CCC(=O)NC3=O)C4=O)C(C)(C)C)C=C2)SC=N1,Q96SW2,CRBN,VHL,P40337,200.0,75.0,1,0,True
PHBHADRVFSMQAN,CCCS(=O)(=O)NC1=CC=C(F)C(N2C=C(C3=CN=CN=C3)C3=NC(N(C)C4CCN(C(=O)CCOCCOCCOCCOCCOCCOCCNC5=CC=CC6=C5C(=O)N(C5CCC(=O)NC5=O)C6=O)CC4)=CC=C32)=C1F,P15056,BRAF V600E,CRBN,Q96SW2,90.0,84.0,1,1,True
PMTYRQFZOZEPEI,CC1(C)C(=O)N(C2=CC=C(C#N)C(C(F)(F)F)=C2)C(=S)N1C1=CC=C(C2=CC=C(O[C@@H]3CCN(C(=O)C4CCN(C5=CC=C6C(=O)N(C7CCC(=O)NC7=O)C(=O)C6=C5)CC4)C3)C=C2)C=C1,P10275,AR,CRBN,Q96SW2,75.0,75.0,1,0,True
PMXVLCRRMGVGJX,CC1=C(C2=CC=C(CNC(=O)[C@@H]3C[C@@H](O)CN3C(=O)[C@@H](NC(=O)COCCCOCCCOC3=CC(F)=C([C@@H]4C5=C(C[C@@H](C)N4CC(C)(C)F)C4=CC=CC=C4[NH]5)C(F)=C3)C(C)(C)C)C=C2)SC=N1,P03372,ERalpha,VHL,P40337,1.75,81.5,2,1,True
PPNNFXIBKLCMTI,CC1=C(C2=CC=C(CNC(=O)[C@@H]3C[C@@H](O)CN3C(=O)[C@@H](NC(=O)CCCNC(=O)C3=CC=C(C4=CN=C(NCC5=CC=CO5)N5C=NN=C45)C=C3)C(C)(C)C)C=C2)SC=N1,O75530,EED,VHL,P40337,610.0,92.0,5,0,True
PTAMRJLIOCHJMQ,CC1=C(C2=CC=C(CNC(=O)[C@@H]3C[C@@H](O)CN3C(=O)[C@@H](NC(=O)COCCOCCOCCNC(=O)C[C@@H]3N=C(C4=CC=C(Cl)C=C4)C4=C(SC(C)=C4C)N4C(C)=NN=C34)C(C)(C)C)C=C2)SC=N1,P25440,BRD2,VHL,P40337,40.0,98.0,5,1,True
PVBBNEIMTQFCAP,N#C/C(=C/COCCOCCOCCOCCOCCOC1=CC=CC2=C1C(=O)N(C1CCC(=O)NC1=O)C2=O)C(=O)N1CCC[C@@H](N2N=C(C3=CC=C(OC4=CC=CC=C4)C=C3)C3=C(N)N=CN=C32)C1,Q06187,BTK,CRBN,Q96SW2,10.0,68.0,1,0,True
PVLXFMAKABZOPF,CC(C)C1=C2C(N[C@H]3CC[C@@H](N4CCN(C(=O)CCC(=O)N5CCC(CN6CCN(C7=CC=C8C(=O)N(C9CCC(=O)NC9=O)C(=O)C8=C7)CC6)CC5)CC4)CC3)=NC=NN2C=C1,Q9Y616,IRAK3,CRBN,Q96SW2,52.0,74.0,1,0,True
PWCLOPMRUGHLET,COC1=CC(N2CCC(OCC(=O)N[C@H](C(=O)N3C[C@H](O)C[C@H]3C(=O)NCC3=CC=C(C4=C(C)N=CS4)C=C3)C(C)(C)C)CC2)=CC=C1NC(=O)C1=CC=CC(C2=CC=N[NH]2)=N1,P51617,IRAK1,VHL,P40337,16.0,95.0,1,1,True
PXVFFBGSTYQHRO,CC1=C(C2=CC=C([C@H](C)NC(=O)[C@@H]3C[C@@H](O)CN3C(=O)[C@@H](NC(=O)CCCCCC(=O)N3CCN(CC[C@H](CSC4=CC=CC=C4)NC4=CC=C(S(=O)(=O)NC(=O)C5=CC=C(N6CCN(CC7=C(C8=CC=C(Cl)C=C8)CCC(C)(C)C7)CC6)C=C5)C=C4S(=O)(=O)C(F)(F)F)CC3)C(C)(C)C)C=C2)SC=N1,Q07817,BCL-xL,VHL,P40337,35.0,79.0,2,0,True
PZNXLFVCWNTMGE,NC(=O)C1=C(N)N([C@@H]2CCCN(C(=O)COCCOCCOCCOCCNC3=CC=CC4=C3C(=O)N(C3CCC(=O)NC3=O)C4=O)C2)N=C1C1=CC=C(OC2=CC=C(F)C=C2F)C=C1,Q06187,BTK,CRBN,Q96SW2,21.8,84.0,1,1,True
QANLZMZKZIPVPD,CC1=C(C2=CC=C(CNC(=O)[C@@H]3C[C@@H](O)CN3C(=O)[C@@H](NC(=O)CCCCCCCCOCC(=O)NC3=CC=C(C(=O)NC4=CC=CC=C4N)C=C3)C(C)(C)C)C=C2)SC=N1,O15379,HDAC3,VHL,P40337,910.0,59.0,3,0,True
QCDUJVGYYULYRO,CC1=C(C2=CC=C([C@H](C)NC(=O)[C@@H]3C[C@@H](O)CN3C(=O)[C@@H](NC(=O)CCCOC3=CC=C(/C=N/NC(=O)C4=CC=C(OC5=C(C6=CC=C(O)C=C6)SC6=CC(O)=CC=C56)C=C4)C=C3)C(C)(C)C)C=C2)SC=N1,P03372,ER,VHL,P40337,5.2,75.0,1,0,True
QCULBRPVCWJUKY,CC1=C(C2=CC=C(CNC(=O)[C@@H]3C[C@@H](O)CN3C(=O)[C@@H](NC(=O)C3(F)CC3)C(C)(C)C)C(OCCOCCOCCN3CCN(C4=CC(C5=CC=CC=C5O)=NN=C4N)CC3)=C2)SC=N1,P51531,SMARCA2,VHL,P40337,275.0,67.5,2,0,True
QEDFXQXPBXHVGU,CCC(=O)N[C@H]1CC[C@@H](N2C(=O)C=C(C)C3=CN=C(NC4=CC=C(N5CCN(C(=O)CCCCCC#CC6=CC=CC7=C6CN(C6CCC(=O)NC6=O)C7=O)CC5)C=C4OC)N=C32)CC1,P33981,TTK,CRBN,Q96SW2,4.97,76.0,1,0,True
QFBDIBRAVHTJHW,N#CC1=CC=C(O[C@H]2CC[C@H](NC(=O)C3=CC=C(N4CCN(CCCCNC5=CC=C6C(=O)N(C7CCC(=O)NC7=O)C(=O)C6=C5)CC4)C=C3)CC2)C=C1Cl,P10275,AR,CRBN,Q96SW2,16.2,67.0,1,0,True
QJBZJBJONOIDIV,CC1=C(C2=CC=C(CNC(=O)[C@@H]3C[C@@H](O)CN3C(=O)[C@@H](NC(=O)CCCCCCCCCCNC(=O)C3=CC4=C(C=C3CS(C)(=O)=O)C3=CN(C)C(=O)C5=C3C(=C[NH]5)CN4C3=NC=C(F)C=C3F)C(C)(C)C)C(OC3CCNCC3)=C2)SC=N1,O60885,BRD4,VHL,P40337,3.4,98.0,1,1,True
QJZSKXPDZKWNIF,O=C1CCC(N2C(=O)C3=CC=CC(NCCOCCOCCOCCOCCNC(=O)N[C@H]4CC[C@@H](NC5=NC=NC6=C5C(C(=O)C5=CC=C(OC7=CC=CC=C7)C=C5Cl)=C[NH]6)CC4)=C3C2=O)C(=O)N1,Q06187,BTK,CRBN,Q96SW2,25.0,80.75,2,1,True
QJZUVOHJKPMREF,N#CC1=CC=C(O[C@H]2CC[C@H](NC(=O)C3=CC=C(N4CCN(CC5CCN(C6=CC=C7C(=O)N(C8CCC(=O)NC8=O)C(=O)C7=C6)CC5)CC4)C=C3)CC2)C=C1Cl,P10275,AR,CRBN,Q96SW2,77.75,93.5,2,1,True
QKBCJYTUWJPJPK,CCC(=O)N[C@H]1CC[C@@H](N2C(=O)C=C(C)C3=CN=C(NC4=CC=C(N5CCN(C(=O)CCCCCC#CC6=CC=CC7=C6C(=O)N(C6CCC(=O)NC6=O)C7)CC5)C=C4OC)N=C32)CC1,P33981,TTK,CRBN,Q96SW2,31.35,72.0,1,0,True
QLLXPSZTCLBVQY,CCCCN(CC1=CC=C(C(=O)NO)C=C1)C(=O)NC1=CC=C(OCCCCCCCCCCCN2C=C(CCCCC(=O)N[C@H](C(=O)N3C[C@H](O)C[C@H]3C(=O)NCC3=CC=C(C4=C(C)N=CS4)C=C3)C(C)(C)C)N=N2)C=C1,Q9UBN7,HDAC6,VHL,P40337,7.1,90.0,1,1,True
QMBOIOPJFSHXPV,CC1=C(C)C2=C(S1)N1C(C)=NN=C1[C@H](CC(=O)NCCOCCOCCOCCNC(=O)CN1CCOC3=CC(N(CCC#N)C(=O)CCl)=CC=C31)N=C2C1=CC=C(Cl)C=C1,O60885,BRD4,FEM1B,Q9UK73,3600.0,60.0,1,0,True
QRYUVTSBJUTMOL,CC1=C(C2=CC=C(CNC(=O)[C@@H]3C[C@@H](O)CN3C(=O)[C@@H](NC(=O)COCCCOCCCCOC3=CC=C(N4C(=S)N(C5=CN=C(C#N)C(C(F)(F)F)=C5)C(=O)C4(C)C)C=C3)C(C)(C)C)C=C2)SC=N1,P10275,AR,VHL,P40337,50.0,71.0,1,0,True
QSJKPPVXARILLJ,C=C(F)C(=O)N1CCN(C2=NC(OC[C@@H]3CCCN3CCC(=O)NCCC(=O)N[C@H](C(=O)N3C[C@H](O)C[C@H]3C(=O)NCC3=CC=C(C4=C(C)N=CS4)C=C3)C(C)(C)C)=NC3=C2CCN(C2=CC=CC4=CC=CC(Cl)=C24)C3)C[C@@H]1CC#N,P01116,KRAS G12C,VHL,P40337,640.0,85.0,1,0,True
QSLUWEWRUWTRBT,NC1=NC=NC2=C1C(C1=CC=C(OC3=CC=CC=C3)C=C1)=NN2[C@@H]1CCCN(C(=O)CCCCCCOCCOCCOCCOCCOC2=CC=CC3=C2C(=O)N(C2CCC(=O)NC2=O)C3=O)C1,Q06187,BTK,CRBN,Q96SW2,2.2,97.0,1,1,True
QVNLOGQWJMAEJT,CC1=C(C)C2=C(S1)N1C(C)=NN=C1[C@H](CC(=O)NCCOCCNC(=O)CN1CCOC3=CC(N(CCC#N)C(=O)CCl)=CC=C31)N=C2C1=CC=C(Cl)C=C1,O60885,BRD4,FEM1B,Q9UK73,815.0,76.0,2,0,True
QZQNVCJSORWNHR,CN(C1=CC=CC(CNC2=NC(NC3=CC=C(OCCOCCOCCOCCOCCC(=O)NCCOC4=CC=CC5=C4C(=O)N(C4CCC(=O)NC4=O)C5=O)C=C3)=NC=C2C(F)(F)F)=C1)S(C)(=O)=O,Q05397,FAK,CRBN,Q96SW2,10.0,87.0,1,1,True
QZSIUKWWOMOSBP,CC1=C(C2=CC=C(CNC(=O)[C@@H]3C[C@@H](O)CN3C(=O)[C@@H](NC(=O)COCCOCCOCCNC(=O)C3=CC4=C(C=C3CS(C)(=O)=O)C3=CN(C)C(=O)C5=C3C(=C[NH]5)CN4C3=NC=C(F)C=C3F)C(C)(C)C)C(OC3CCNCC3)=C2)SC=N1,O60885,BRD4,VHL,P40337,180.0,99.0,1,0,True
RACWFSYZHXHUJV,N#CC1=CC=C(OC2CCN(C(=O)C3=CC=C(N4CCC(N5CCN(C6=CC=C7C(=O)N(C8CCC(=O)NC8=O)C(=O)C7=C6)CC5)CC4)C=C3)CC2)C=C1Cl,P10275,AR,CRBN,Q96SW2,1000.0,19.0,1,0,True
RBUUUIFZYMVDPT,CC1=C(C2=CC=C(CNC(=O)[C@@H]3C[C@@H](O)CN3C(=O)[C@@H](NC(=O)CCCCCCCCCCN3C=C(COC4=CC5=NC=NC(NC6=CC=C(F)C(Cl)=C6)=C5C=C4NC(=O)/C=C/CN4CCCCC4)N=N3)C(C)(C)C)C=C2)SC=N1,P00533,EGFR e19d,VHL,P40337,3.57,91.0,1,1,True
RDTWXYREPJFRLJ,CC(O)(CS(=O)(=O)C1=CC=C(N2CCN(C3CCN(C4=CC=C5C(=O)N(C6CCC(=O)NC6=O)C(=O)C5=C4)CC3)CC2)C=C1)C(=O)NC1=CC=C(C#N)C(C(F)(F)F)=C1,P10275,AR,CRBN,Q96SW2,1000.0,32.0,1,0,True
RFDZITCLUUJECZ,CCC(=O)N[C@H]1CC[C@@H](N2C(=O)C=C(C)C3=CN=C(NC4=CC=C(N5CCN(C(=O)CCCCCCCCCC#CC6=CC=CC7=C6C(=O)N(C6CCC(=O)NC6=O)C7)CC5)C=C4OC)N=C32)CC1,P33981,TTK,CRBN,Q96SW2,21.71,88.0,1,1,True
RGPUSLXMPBTXNU,CC1=NOC([C@H](C(=O)N2C[C@H](O)C[C@H]2C(=O)N[C@@H](CC(=O)N2CCC(N3CCC(C#CC4=CC=C(C(=O)N[C@H]5C(C)(C)[C@H](OC6=CC=C(C#N)C(Cl)=C6)C5(C)C)C=C4)CC3)CC2)C2=CC=C(C3=C(C)N=CS3)C=C2)C(C)C)=C1,P10275,AR,VHL,P40337,7.2,95.0,1,1,True
RIBBYHBSLKRREX,N#CC1=CC=C(O[C@H]2CC[C@H](NC(=O)C3=CC=C(N4CCN(CCCCCNC5=CC=C6C(=O)N(C7CCC(=O)NC7=O)C(=O)C6=C5)CC4)C=C3)CC2)C=C1Cl,P10275,AR,CRBN,Q96SW2,0.9,85.0,1,1,True
RIEGJNXDHULIKM,CC1=C(C2=CC=C(CNC(=O)[C@@H]3C[C@@H](O)CN3C(=O)[C@@H](NC(=O)COCCOCCOCCOCCOC3=CC4=NC=CC(NC5=CC=C6SC=NC6=C5)=C4C=C3S(=O)(=O)C(C)(C)C)C(C)(C)C)C=C2)SC=N1,O43353,RIPK2,VHL,P40337,1.4,95.0,1,1,True
RIOHYDUGYNZWPD,CC1=C(C2=CC=C(CNC(=O)[C@@H]3C[C@@H](O)CN3C(=O)[C@@H](NC(=O)COCCOCCN3CCC(N4N=C(C5=CC=C(OC6=CC=CC=C6)C=C5)C5=C(N)N=CN=C54)CC3)C(C)(C)C)C=C2)SC=N1,Q06187,BTK,VHL,P40337,374.0,49.0,1,0,True
RJDRFOSUZYUZBV,O=C1CCC(N2C(=O)C3=CC=C(N4CCC(CN5CCN(CC6=CC=C7N=C(NC(=O)C8=CC=CC(C(F)(F)F)=C8)N([C@H]8CC[C@@H](CO)CC8)C7=C6)CC5)CC4)C=C3C2=O)C(=O)N1,Q9NWZ3,IRAK4,CRBN,Q96SW2,30.0,70.0,1,0,True
RJFFRTWDHINENB,N#CC1=CC=C(O[C@H]2CC[C@H](NC(=O)C3=CC=C(NCCCCCCCCCCNC4=CC=C5C(=O)N(C6CCC(=O)NC6=O)C(=O)C5=C4)C=C3)CC2)C=C1Cl,P10275,AR,CRBN,Q96SW2,1000.0,25.0,1,0,True
RJYPXJLNNMXFMD,CC1=C(C2=CC=C(CNC(=O)[C@@H]3C[C@@H](O)CN3C(=O)[C@@H](NC(=O)COCCOCCOCCNC(=O)C[C@@H]3N=C(C4=CC=C(C#CCN)C=C4)C4=C(SC(C)=C4C)N4C(C)=NN=C34)C(C)(C)C)C=C2)SC=N1,O60885,BRD4,VHL,P40337,930.0,79.0,1,0,True
RKQPBRYWQQLESB,CN(C1=CC=CC(CNC2=NC(NC3=CC=C(OCCOCCOCCC(=O)NCCOC4=CC=CC5=C4C(=O)N(C4CCC(=O)NC4=O)C5=O)C=C3)=NC=C2C(F)(F)F)=C1)S(C)(=O)=O,Q05397,FAK,CRBN,Q96SW2,26.7,99.0,1,1,True
RNZSZCNUPQYOIX,CN(C1=CC=C(C#N)C(Cl)=C1)[C@H]1CC[C@H](NC(=O)C2=CC=C(N3CC(N4CCN(C5=CC=C6C(=O)N(C7CCC(=O)NC7=O)C(=O)C6=C5)CC4)C3)C=C2)CC1,P10275,AR,CRBN,Q96SW2,0.75,80.0,2,1,True
RPGBSIRPMJGXHN,CCC(=O)N[C@H]1CC[C@@H](N2C(=O)C=C(C)C3=CN=C(NC4=CC=C(N5CCN(C(=O)CCCC#CC6=CC=CC7=C6C(=O)N(C6CCC(=O)NC6=O)C7)CC5)C=C4OC)N=C32)CC1,P33981,TTK,CRBN,Q96SW2,30.28,64.0,1,0,True
RQROXFBXOKHLAH,CCCS(=O)(=O)NC1=CC=C(F)C(N2C=C(C3=CN=CN=C3)C3=NC(N(C)C4CCN(C(=O)CCOCCOCCOCCOCCOCCNC5=CC=CC6=C5C(=O)N(C5CCC(=O)NC5=O)C6=O)CC4)=CC=C32)=C1F,P15056,BRAF V600E,CRBN,Q96SW2,70.0,82.0,1,1,True
RTNONCBKGZNCJS,CC1=NOC([C@H](C(=O)N2C[C@H](O)C[C@H]2C(=O)N[C@@H](CC(=O)N2CCC(C#CC3=CC=C(C(=O)N[C@H]4C(C)(C)[C@H](OC5=CC=C(C#N)C(Cl)=C5)C4(C)C)C=C3)CC2)C2=CC=CC=C2)C(C)C)=C1,P10275,AR,VHL,P40337,0.5,99.0,1,1,True
RWLOGRLTDKDANT,CC1=C(C)C2=C(S1)N1C(C)=NN=C1[C@H](CC(=O)NC1=CC=C(OCCOCCOCCOCCNC3=CC=CC4=C3C(=O)N(C3CCC(=O)NC3=O)C4=O)C=C1)N=C2C1=CC=C(Cl)C=C1,P25440,BRD2,CRBN,Q96SW2,0.8,97.0,3,1,True
RYXQXEGTLNBKEC,C=CC(=O)N1CCC[C@H](N2C(NC3=CC=CC=C3)=NC3=CN=C(NC4=CC=C(N5CCN(CCCCCCCC(=O)N[C@H](C(=O)N6C[C@H](O)C[C@H]6C(=O)N[C@@H](C)C6=CC=C(C7=C(C)N=CS7)C=C6)C(C)(C)C)CC5)C=C4)N=C32)C1,P00533,EGFR L858R/T790M,VHL,P40337,1.025,84.0,2,1,True
RZMAGXNWPGZVNP,COC1=CC2=C(OC3=CC=C(NC(=O)C4(C(=O)NC5=CC=C(F)C=C5)CC4)C=C3F)C=CN=C2C=C1OCCCOCCOCCCOC1=CC(C2=C(C)N=CS2)=CC=C1CNC(=O)[C@@H]1C[C@@H](O)CN1C(=O)[C@H](C(C)C)N1CC2=CC=CC=C2C1=O,Q16539,p38alpha,VHL,P40337,1325.0,47.75,2,0,True
SCUZPTNDZHEHLB,COC1=CC2=C(OC3=CC=C(NC(=O)C4(C(=O)NC5=CC=C(F)C=C5)CC4)C=C3F)C=CN=C2C=C1OCCCOCCCOCCC(=O)N[C@H](C(=O)N1C[C@H](O)C[C@H]1C(=O)NCC1=CC=C(C2=C(C)N=CS2)C=C1)C(C)(C)C,Q16539,p38alpha,VHL,P40337,230.0,90.1,3,0,True
SCZWWJDUQGVEMY,C[C@H]1CCCN1CC1=NC2=CC=C(NC(=O)C3=CC=C4C(=C3)C=NN4CCCCCCCCNC3=CC=CC4=C3C(=O)N(C3CCC(=O)NC3=O)C4=O)C=C2[NH]1,Q03111,MLLT1,CRBN,Q96SW2,37.0,95.0,2,1,True
SDKKICDYRHTFNX,CC1=NN=C2N1C1=CC=C(C3=CN(CCCCCCCN4CCC(C5=CC=CC6=C5CN(C5CCC(=O)NC5=O)C6=O)CC4)N=C3)C=C1C(C1=CC=C(Cl)C=C1)=NC21CC1,O60885,BRD4,CRBN,Q96SW2,5.0,97.0,1,1,True
SEKBVYVWYRALIG,N#CC1=CC=C(O[C@H]2CC[C@H](NC(=O)C3=CC=C(NCCCCNC4=CC=C5C(=O)N(C6CCC(=O)NC6=O)C(=O)C5=C4)C=C3)CC2)C=C1Cl,P10275,AR,CRBN,Q96SW2,1.1,89.0,1,1,True
SFODRSARUJDQSA,COC1=CC2=NC(N3CCN(C(=O)C4=CN(CCOCCOCCOCC(=O)NC5=CC=CC6=C5C(=O)N(C5CCC(=O)NC5=O)C6=O)N=N4)CC3)=NC(N)=C2C=C1OC,P35348,ADRA1A,CRBN,Q96SW2,2860.0,94.0,1,0,True
SGTVGCRQPJCKNZ,CC1=C(C2=CC=C(CNC(=O)[C@@H]3C[C@@H](O)CN3C(=O)[C@@H](NC(=O)COCCCOCCCCCOC3=CC=C(N4C(=S)N(C5=CN=C(C#N)C(C(F)(F)F)=C5)C(=O)C4(C)C)C=C3)C(C)(C)C)C=C2)SC=N1,P10275,AR,VHL,P40337,50.0,71.0,1,0,True
SHPXUUGJMCCMIO,CC1=C(C2=CC=C(CNC(=O)[C@@H]3C[C@@H](O)CN3C(=O)[C@@H](NC(=O)COCCCOC3=CC=C(NC4=NC=C(C(F)(F)F)C(NCC5=CC=CC(N(C)S(C)(=O)=O)=C5)=N4)C=C3)C(C)(C)C)C=C2)SC=N1,Q05397,FAK,VHL,P40337,7.6,99.0,1,1,True
SIFVRCPVOMAZLY,C[C@H]1CC2(CCN(C3=CC=C(C(=O)N4CC(CN5CC6=CC7=C(C=C6C5)C(=O)N(C5CCC(=O)NC5=O)C7=O)C4)C=C3)CC2)CN1C1=CC=C(C#N)C(Cl)=C1,P10275,AR,CRBN,Q96SW2,0.5,99.0,1,1,True
SLYLTYLJUFVQPH,N#CC1=CC=C(O[C@H]2CC[C@H](NC(=O)C3=CC=C(NCCCCCCNC4=CC=C5C(=O)N(C6CCC(=O)NC6=O)C(=O)C5=C4)C=C3)CC2)C=C1Cl,P10275,AR,CRBN,Q96SW2,0.6,99.0,1,1,True
SRMKEEIRTHASLG,N#CC1=CC=C(O[C@H]2CC[C@H](NC(=O)C3=CC=C(N4CCN(C5CCN(C6=CC=C7C(=O)N(C8CCC(=O)NC8=O)C(=O)C7=C6)CC5)CC4)C=C3)CC2)C=C1Cl,P10275,AR,CRBN,Q96SW2,0.3,88.0,1,1,True
SSNVICBSSPQZQX,CC1=C(C2=CC=C(CNC(=O)[C@@H]3C[C@@H](O)CN3C(=O)[C@@H](NC(=O)COCCOC3=CC=C(NC4=NC=C(C(F)(F)F)C(NCC5=CC=CC(N(C)S(C)(=O)=O)=C5)=N4)C=C3)C(C)(C)C)C=C2)SC=N1,Q05397,FAK,VHL,P40337,23.2,99.0,1,1,True
SVBNVWQRLLLMHI,O=C(CNC1=NC=NC2=C1C(C(=O)C1=CC=C(OC3=CC=CC=C3)C=C1Cl)=C[NH]2)NCCOCCOCCOCCOCCOCCNC1=CC=CC2=C1C(=O)N(C1CCC(=O)NC1=O)C2=O,Q06187,BTK,CRBN,Q96SW2,44.25,80.4,2,1,True
SWYBGHSSRFVKQG,N#CC1=CC=C(OC2CCCN(C(=O)C3=CC=C(N4CCC(N5CCN(C6=CC=C7C(=O)N(C8CCC(=O)NC8=O)C(=O)C7=C6)CC5)CC4)C=C3)CC2)C=C1Cl,P10275,AR,CRBN,Q96SW2,1000.0,35.0,1,0,True
SXPSRFOBNYZXKH,CCOC1=CC(C(C)(C)C)=CC=C1C1=N[C@@H](C2=CC=C(Cl)C=C2)[C@@H](C2=CC=C(Cl)C=C2)N1C(=O)N1CCN(CC#CC2=CC=CC3=C2CN(C2CCC(=O)NC2=O)C3=O)CC1,Q00987,MDM2,CRBN,Q96SW2,23.0,90.0,1,1,True
TTXCLAHYGSGCRI,NC1=NC=CC(C2=C(C3=CC=CC(NS(=O)(=O)C4=C(F)C=CC=C4F)=C3F)N=C(C3CCN(C(=O)CCOCCOCCOCCNC4=CC=CC5=C4C(=O)N(C4CCC(=O)NC4=O)C5=O)CC3)S2)=N1,P15056,BRAF V600E,CRBN,Q96SW2,500.0,50.0,1,0,True
TWFCHBNLUUPMHG,CC1=C(C2=CC=C(CNC(=O)[C@@H]3C[C@@H](O)CN3C(=O)[C@@H](NC(=O)C3(F)CC3)C(C)(C)C)C(OCCC3=CC=C(CN4CCN(C5=CC(C6=CC=CC=C6O)=NN=C5N)CC4)C(F)=C3)=C2)SC=N1,P51531,SMARCA2,VHL,P40337,44.0,95.0,2,1,True
TXQZPPRNSVBETP,CCCCN(CC1=CC=C(C(=O)NO)C=C1)C(=O)NC1=CC=C(OCCCCCCCCCCCCN2C=C(CCCCC(=O)N[C@H](C(=O)N3C[C@H](O)C[C@H]3C(=O)NCC3=CC=C(C4=C(C)N=CS4)C=C3)C(C)(C)C)N=N2)C=C1,Q9UBN7,HDAC6,VHL,P40337,11.0,89.0,1,1,True
TZZDVPMABRWKIZ,O=C1CC[C@H](N2CC3=CC(N4CCN(CC5CCN(C6=CC=C([C@@H]7C8=CC=C(O)C=C8CC[C@@H]7C7=CC=CC=C7)C=C6)CC5)CC4)=CC=C3C2=O)C(=O)N1,P03372,ERalpha,CRBN,Q96SW2,5.0,75.0,4,0,True
UAQDCZFGBBSHLT,CC1=C(C2=CC=C(CNC(=O)[C@@H]3C[C@@H](O)CN3C(=O)[C@@H](NC(=O)COCCOCCNC(=O)C[C@@H]3N=C(C4=CC=C(Cl)C=C4)C4=C(SC(C)=C4C)N4C(C)=NN=C34)C(C)(C)C)C=C2)SC=N1,P25440,BRD2,VHL,P40337,316.0,96.0,3,0,True
UFVWZVUFBJDPFK,C=CC(=O)NC1=CC2=C(NC3=CC=C(F)C(Cl)=C3)N=CN=C2C=C1OCCCN1CCN(C(=O)CCCCCNC2=CC=CC3=C2C(=O)N(C2CCC(=O)NC2=O)C3=O)CC1,P00533,EGFR e19d,CRBN,Q96SW2,100.0,40.0,1,0,True
UGQUDUNSDGAZIO,CCCS(=O)(=O)NC1=CC=C(F)C(N2C=C(C3=CN=CN=C3)C3=NC(N(C)C4CCN(C(=O)CCOCCOCCOCCOCCOCCOCCOCCOCCNC5=CC=CC6=C5C(=O)N(C5CCC(=O)NC5=O)C6=O)CC4)=CC=C32)=C1F,P15056,BRAF V600E,CRBN,Q96SW2,45.0,65.0,1,0,True
UHWNJFZTYJNBAN,CC(=O)N1C2=CC=C(C3=CC=C(C(=O)NCCOCCOCCOCCOCC(=O)N[C@H](C(=O)N4C[C@H](O)C[C@H]4C(=O)NCC4=CC=C(C5=C(C)N=CS5)C=C4)C(C)(C)C)C=C3)C=C2[C@H](NC2=CC=C(Cl)C=C2)C[C@@H]1C,Q15059,BRD3,VHL,P40337,14.0,93.5,2,1,True
UJJYPBWMGIPXOE,NC1=NC=NC2=C1C(C1=CC=C(OC3=CC=CC=C3)C=C1)=NN2C1CCN(CCOCCOCCOC2=CC=C3C(=O)N(C4CCC(=O)NC4=O)CC3=C2)CC1,Q06187,BTK,CRBN,Q96SW2,7.9,95.0,1,1,True
UNADZUGJDDCVKE,CC1=C(C2=CC=C(CNC(=O)[C@@H]3C[C@@H](O)CN3C(=O)[C@@H](NC(=O)COCCC3=CC(N)=CC(OCCNC(=O)C4=CC5=C(C=C4CS(C)(=O)=O)C4=CN(C)C(=O)C6=C4C(=C[NH]6)CN5C4=NC=C(F)C=C4F)=C3)C(C)(C)C)C=C2)SC=N1,O60885,BRD4,VHL,P40337,2.1,98.0,1,1,True
UQJOJHWASBETAR,CC1=C(C2=CC=C(CNC(=O)[C@@H]3C[C@@H](O)CN3C(=O)[C@@H](NC(=O)CCCCCCCCNC3=CC=CC4=C3C(=O)N(C3CCC(=O)NC3=O)C4=O)C(C)(C)C)C=C2)SC=N1,Q96SW2,CRBN,VHL,P40337,44.5,97.1,1,1,True
UUCUKSPUFPMKNK,CC1=C(C)C2=C(S1)N1C(C)=NN=C1[C@H](CC(=O)NCCOCCOCCOCCOCCNC(=O)CN1CCOC3=CC(N(CCC#N)C(=O)CCl)=CC=C31)N=C2C1=CC=C(Cl)C=C1,O60885,BRD4,FEM1B,Q9UK73,1600.0,80.0,1,0,True
UVVQLQQNGHYTOL,COC1=CC(C(=O)NCCOCCOCCOCC(=O)N[C@H](C(=O)N2C[C@H](O)C[C@H]2C(=O)NCC2=CC=C(C3=C(C)N=CS3)C=C2)C(C)(C)C)=CC=C1NC1=NC=C(C(F)(F)F)C(OC2=CC=CC3=C2C(=O)CC3)=N1,Q05397,FAK,VHL,P40337,59.5,79.5,4,0,True
VEFDAFDSPLDCMS,CC1=C(C2=CC=C(CNC(=O)[C@@H]3C[C@@H](O)CN3C(=O)[C@@H](NC(=O)COCC3=CC=C(OC(=O)N[C@H]4C(C)(C)[C@H](OC5=CC=C(C#N)C(Cl)=C5)C4(C)C)C=C3)C(C)(C)C)C=C2)OC=N1,P10275,AR,VHL,P40337,50.0,71.0,1,0,True
VFRJYHIRKCDWOQ,CC1=C(C2=CC=C(CNC(=O)[C@@H]3C[C@@H](O)CN3C(=O)[C@H](C(C)C)N3CC4=CC=CC=C4C3=O)C(OCCCCOCCCCN3CCC(N4N=C(C5=CC=C(OC6=CC=CC=C6)C=C5)C5=C(N)N=CN=C54)CC3)=C2)SC=N1,Q06187,BTK,VHL,P40337,162.0,50.0,1,0,True
VFSRJJPNEQKSQQ,CCCS(=O)(=O)NC1=CC=C(F)C(N2C=C(C3=CN=CN=C3)C3=NC(N(C)C4CCN(C(=O)CCOCCOCCN5C=C(COCCNC6=CC=CC7=C6C(=O)N(C6CCC(=O)NC6=O)C7=O)N=N5)CC4)=CC=C32)=C1F,P15056,BRAF V600E,CRBN,Q96SW2,80.0,72.0,1,0,True
VGMBSGNGVRXDBY,CCC(=O)N[C@H]1CC[C@@H](N2C(=O)C=C(C)C3=CN=C(NC4=CC=C(N5CCN(C(=O)CCCCCCCC#CC6=CC=C7C(=O)N(C8CCC(=O)NC8=O)CC7=C6)CC5)C=C4OC)N=C32)CC1,P33981,TTK,CRBN,Q96SW2,3.04,85.0,1,1,True
VGXZUMFEKIFIQW,N#CC1=CC=C(O[C@@H]2CCC[C@@H](NC(=O)C3=CC=C(N4CCC(N5CCN(C6=CC=C7C(=O)N(C8CCC(=O)NC8=O)C(=O)C7=C6)CC5)CC4)C=C3)CC2)C=C1Cl,P10275,AR,CRBN,Q96SW2,1000.0,45.0,1,0,True
VPGHQPSPNUQPLG,NC1=NC=NC2=C1C(C1=CC=C(OC3=CC=CC=C3)C=C1)=NN2C1CCN(CCCCOCCCCOCC(=O)NC2=CC=C3C(=O)N(C4CCC(=O)NC4=O)C(=O)C3=C2)CC1,Q06187,BTK,CRBN,Q96SW2,11.6,99.0,1,1,True
VRWPZJRZYSWRQV,NC(=O)C1=C(N)N([C@@H]2CCCN(C(=O)COCCOCCOCCOCCOCCOCCNC3=CC=CC4=C3C(=O)N(C3CCC(=O)NC3=O)C4=O)C2)N=C1C1=CC=C(OC2=CC=C(F)C=C2F)C=C1,Q06187,BTK,CRBN,Q96SW2,9.7,85.0,1,1,True
VSYZSMLAOKWORE,N#CC1=CC=C(O[C@H]2CC[C@H](NC(=O)C3=CC=C(NCCCCCCCCCNC4=CC=C5C(=O)N(C6CCC(=O)NC6=O)C(=O)C5=C4)C=C3)CC2)C=C1Cl,P10275,AR,CRBN,Q96SW2,3.2,96.0,1,1,True
VTPSYVSGGUUAFN,CC1=C(C2=CC=C(CNC(=O)[C@@H]3C[C@@H](O)CN3C(=O)[C@@H](NC(=O)CCCCCCCCCCNC(=O)C3=CC4=C(C=C3CS(C)(=O)=O)C3=CN(C)C(=O)C5=C3C(=C[NH]5)CN4C3=NC=C(F)C=C3F)C(C)(C)C)C=C2)SC=N1,O60885,BRD4,VHL,P40337,0.095,96.0,1,1,True
VVAVIHDLCKOZJR,CC1=C(C2=CC=C([C@H](C)NC(=O)[C@@H]3C[C@@H](O)CN3C(=O)[C@@H](NC(=O)CCCCOC3=CC=C(/C=N/NC(=O)C4=CC=C(C(=O)C5=C(C6=CC=C(O)C=C6)SC6=CC(O)=CC=C56)C=C4)C=C3)C(C)(C)C)C=C2)SC=N1,P03372,ER,VHL,P40337,7.7,95.0,1,1,True
VXEYUCNJDJXFGM,CC1=C(C2=CC=C([C@H](C)NC(=O)[C@@H]3C[C@@H](O)CN3C(=O)[C@@H](NC(=O)CCCCOC3=CC=C(CCNC(=O)C4=CC=C(C(=O)C5=C(C6=CC=C(O)C=C6)SC6=CC(O)=CC=C56)C=C4)C=C3)C(C)(C)C)C=C2)SC=N1,P03372,ER,VHL,P40337,1.1,98.0,1,1,True
VZVAWYNZTBXESG,CCN(C1=CC=C(C#N)C(Cl)=C1)[C@H]1CC[C@H](NC(=O)C2=CC=C(N3CCC(N4CCN(C5=CC=C6C(=O)N(C7CCC(=O)NC7=O)C(=O)C6=C5)CC4)CC3)C=C2)CC1,P10275,AR,CRBN,Q96SW2,0.1,99.0,1,1,True
WBEBZVDAHMXWJN,CCS(=O)(=O)N1CC(CC#N)(N2C=C(C3=NC(NC4=CC=C(C(=O)NCCCN5CCN(C6=CC=C(C7CCC(=O)NC7=O)C=C6)CC5)C=C4)=NC4=C3C=C[NH]4)C=N2)C1,P52333,JAK3,CRBN,Q96SW2,12.5,91.0,2,1,True
WDBUEMWHXKHQNB,COC1=CC(OC)=C(Cl)C(NC(=O)N(C)C2=CC(NC3=CC=C(N4CCN(CC(=O)N[C@H](C(=O)N5C[C@H](O)C[C@H]5C(=O)N[C@@H](C)C5=CC=C(C6=C(C)N=CS6)C=C5)C(C)(C)C)CC4)C=C3)=NC=N2)=C1Cl,P11362,FGFR1,VHL,P40337,37.175,79.5,2,0,True
WHJVBMNCPUFBSX,CN(C1=CC=C(C#N)C(Cl)=C1)[C@H]1CC[C@H](NC(=O)C2=CC=C(N3CCN(C4CCN(C5=CC=C6C(=O)N(C7CCC(=O)NC7=O)C(=O)C6=C5)CC4)CC3)C=C2)CC1,P10275,AR,CRBN,Q96SW2,0.25,95.5,2,1,True
WJQKJTMVUALADJ,O=C(CNC1=NC=NC2=C1C(C(=O)C1=CC=C(OC3=CC=CC=C3)C=C1Cl)=C[NH]2)NCCOCCOCCOCCOCCOCCOCCNC1=CC=CC2=C1C(=O)N(C1CCC(=O)NC1=O)C2=O,Q06187,BTK,CRBN,Q96SW2,30.299999999999997,88.6,2,1,True
WLMZSJVDMUNOHX,CCC(=O)N[C@H]1CC[C@@H](N2C(=O)C=C(C)C3=CN=C(NC4=CC=C(N5CCN(C(=O)CCCCCC#CC6=CC=C7C(=O)N(C8CCC(=O)NC8=O)CC7=C6)CC5)C=C4OC)N=C32)CC1,P33981,TTK,CRBN,Q96SW2,1.55,86.0,1,1,True
WNBZJWHJHXEDEO,CCC(=O)N[C@H]1CC[C@@H](N2C(=O)C=C(C)C3=CN=C(NC4=CC=C(N5CCN(C(=O)CCCCCCCCCC#CC6=CC=C7C(=O)N(C8CCC(=O)NC8=O)CC7=C6)CC5)C=C4OC)N=C32)CC1,P33981,TTK,CRBN,Q96SW2,5.6,85.0,1,1,True
WVWFJWJYLUTFRG,CC1=C(C2=CC=C(CNC(=O)[C@@H]3C[C@@H](O)CN3C(=O)[C@@H](NC(=O)CCOCCCOC3=CC=C(NC4=NC=C(C(F)(F)F)C(NCC5=CC=CC(N(C)S(C)(=O)=O)=C5)=N4)C=C3)C(C)(C)C)C=C2)SC=N1,Q05397,FAK,VHL,P40337,4.0,99.0,1,1,True
WWSBSFVKXFRDJO,CC1=C(C2=CC=C(CNC(=O)[C@@H]3C[C@@H](O)CN3C(=O)[C@@H](NC(=O)COCCOCCOCCOC3=CC(F)=C([C@@H]4C5=C(C[C@@H](C)N4CC(C)(C)F)C4=CC=CC=C4[NH]5)C(F)=C3)C(C)(C)C)C=C2)SC=N1,P03372,ERalpha,VHL,P40337,0.3,99.0,1,1,True
WYPMPGWHIPETEB,CC(=O)C1=C(C)C2=CN=C(NC3=CC=C(N4CCN(CCOCCOCCOC5=CC(C6=C(C)N=CS6)=CC=C5CNC(=O)[C@@H]5C[C@@H](O)CN5C(=O)[C@@H](NC(=O)C5(F)CC5)C(C)(C)C)CC4)C=N3)N=C2N(C2CCCC2)C1=O,Q00534,CDK6,VHL,P40337,5.1,95.0,1,1,True
XLQOXOVXCNIRJP,CN(C1=CC=C(C#N)C(Cl)=C1)[C@H]1CC[C@H](NC(=O)C2=CC=C(N3CCC(CN4CCN(C5=CC=C6C(=O)N(C7CCC(=O)NC7=O)C(=O)C6=C5)CC4)CC3)C=C2)CC1,P10275,AR,CRBN,Q96SW2,0.5,96.0,1,1,True
XLWFMSWFAKUJON,N#CC1=CC=C(O[C@H]2CC[C@H](NC(=O)C3=CC=C(NCCCNC4=CC=C5C(=O)N(C6CCC(=O)NC6=O)C(=O)C5=C4)C=C3)CC2)C=C1Cl,P10275,AR,CRBN,Q96SW2,1.0,85.0,1,1,True
XPJGKIYHVFVWKJ,CC(=O)N[C@H](C(=O)N1C[C@H](O)C[C@H]1C(=O)NCC1=CC=C(C2=C(C)N=CS2)C=C1OCCCCCCCCCCCC(=O)NC1=CC=C(C(=O)NC2=CC=CC=C2N)C=C1)C(C)(C)C,O15379,HDAC3,VHL,P40337,2480.0,72.0,2,0,True
XUJMNOQMXWVXQE,CC1=C(C2=CC=C([C@H](C)NC(=O)[C@@H]3C[C@@H](O)CN3C(=O)[C@@H](NC(=O)COCCOCCOCCOCCOCC(=O)N3CC(NC4=CC(C(=O)NC[C@H](O)CN5CCC6=CC=CC=C6C5)=NC=N4)C3)C(C)(C)C)C=C2)SC=N1,O14744,PRMT5,VHL,P40337,1100.0,74.0,1,0,True
XWOZFCIASHOPCP,CCC(=O)N[C@H]1CC[C@@H](N2C(=O)C=C(C)C3=CN=C(NC4=CC=C(N5CCN(C(=O)CCCCCC#CC6=CC=C7CN(C8CCC(=O)NC8=O)C(=O)C7=C6)CC5)C=C4OC)N=C32)CC1,P33981,TTK,CRBN,Q96SW2,3.15,82.0,1,1,True
XXKSDGIIEAJWCB,COC1=CC2=NN(C3CCN(CCOCCOC4=CC=C5C(=O)N(C6CCC(=O)NC6=O)C(=O)C5=C4)CC3)C=C2C=C1NC(=O)C1=CC=CC(C(F)(F)F)=N1,Q9NWZ3,IRAK4,CRBN,Q96SW2,30.0,50.0,1,0,True
XXNGOJVDXDGATG,NC(=O)C1=C(N)N([C@@H]2CCCN(C(=O)OCCOCCOCCOCCOCCOCCNC3=CC=CC4=C3C(=O)N(C3CCC(=O)NC3=O)C4=O)C2)N=C1C1=CC=C(OC2=CC=C(F)C=C2F)C=C1,Q06187,BTK,CRBN,Q96SW2,1.1,87.0,1,1,True
XXWWYTHQXVIKLW,CC1=C(C2=CC=C([C@H](C)NC(=O)[C@@H]3C[C@@H](O)CN3C(=O)[C@@H](NC(=O)CCCCCC(=O)N3CCN(CC4(C)CCC(C5=CC=C(Cl)C=C5)=C(CN5CCN(C6=CC=C(C(=O)NS(=O)(=O)C7=CC=C(N[C@H](CCN8CCOCC8)CSC8=CC=CC=C8)C(S(=O)(=O)C(F)(F)F)=C7)C=C6)CC5)C4)CC3)C(C)(C)C)C=C2)SC=N1,P10415,BCL2,VHL,P40337,96.35000000000001,82.0,2,1,True
XYRCFJBQFAIJBP,CC1=C(C2=CC=C(CNC(=O)[C@@H]3C[C@@H](O)CN3C(=O)[C@@H](NC(=O)COC[C@@H]3CNC[C@H](COCCNC(=O)C[C@@H]4N=C(C5=CC=C(Cl)C=C5)C5=C(SC(C)=C5C)N5C(C)=NN=C45)C3)C(C)(C)C)C=C2)SC=N1,O60885,BRD4,VHL,P40337,280.0,88.0,1,0,True
YASBQIQZXTUKLR,CC1=C(C2=CC=C(CNC(=O)[C@@H]3C[C@@H](O)CN3C(=O)[C@@H](NC(=O)CCCCCCCCCCNC(=O)O[C@H]3C[C@@H](C)C=C4C=C[C@H](C)[C@H](CCC(O)C[C@@H](O)CC(=O)O)[C@H]43)C(C)(C)C)C=C2)SC=N1,P04035,HMGCR,VHL,P40337,120.0,76.0,1,0,True
YCSHJMBQFQHZEP,CC1=C(C2=CC=C([C@H](C)NC(=O)[C@@H]3C[C@@H](O)CN3C(=O)[C@@H](NC(=O)CCCCCCCC(=O)N3CCN(CC4(C)CCC(C5=CC=C(Cl)C=C5)=C(CN5CCN(C6=CC=C(C(=O)NS(=O)(=O)C7=CC=C(N[C@H](CCN8CCOCC8)CSC8=CC=CC=C8)C(S(=O)(=O)C(F)(F)F)=C7)C=C6)CC5)C4)CC3)C(C)(C)C)C=C2)SC=N1,P10415,BCL2,VHL,P40337,164.5,87.5,2,0,True
YFWKTWXPNMNMSC,NC1=NC=NC2=C1C(C1=CC=C(OC3=CC=CC=C3)C=C1)=NN2C1CCN(CCCCCCOCCOCC(=O)NC2=CC=CC3=C2C(=O)N(C2CCC(=O)NC2=O)C3=O)CC1,Q06187,BTK,CRBN,Q96SW2,80.6,96.0,1,1,True
YHMDCINUVWULST,CN(CCOCCOCCOCCOCCOCCOCCNC1=CC=CC2=C1C(=O)N(C1CCC(=O)NC1=O)C2=O)CC1=CC=C(C2=C3CCNC(=O)C4=C3C(=CC(F)=C4)[NH]2)C=C1,P09874,PARP1,CRBN,Q96SW2,81.8,92.0,1,1,True
YNNBDJQWDDDBRU,CC(C)NC1=CC(N2C=CC3=CC(C#N)=CN=C32)=NC=C1C(=O)N[C@H]1CC[C@H](C(=O)NCCOCCNC(=O)COC2=CC=CC3=C2C(=O)N(C2CCC(=O)NC2=O)C3=O)CC1,Q9NWZ3,IRAK4,CRBN,Q96SW2,405.0,90.0,1,0,True
YTBOHZLAPNSENZ,CN(CCOCCOCCOCCN1CCN(C2=CC=C(NC3=NC=C4N=C(NC5=CC=CC=C5)N(C5CCCC5)C4=N3)C=C2)CC1)CC(=O)NC1=CC=CC2=C1CN(C1CCC(=O)NC1=O)C2=O,P00533,EGFR e19d,CRBN,Q96SW2,1.91,82.0,1,1,True
YUNXARYSBTUJHY,O=C(CNC1=NC=NC2=C1C(C(=O)C1=CC=C(OC3=CC=CC=C3)C=C1Cl)=C[NH]2)NCCOCCOCCOCCNC1=CC=CC2=C1C(=O)N(C1CCC(=O)NC1=O)C2=O,Q06187,BTK,CRBN,Q96SW2,28.5,67.1,1,0,True
YVMSHPWOPPUCHZ,CCCCN(CC1=CC=C(C(=O)NO)C=C1)C(=O)NC1=CC=C(OCCN2C=C(CNC3=CC=CC4=C3C(=O)N(C3CCC(=O)NC3=O)C4=O)N=N2)C=C1,Q9UBN7,HDAC6,CRBN,Q96SW2,3.41,88.01,1,1,True
YYULHFDWXXZSRM,CN(C1=CC=C(C#N)C(Cl)=C1)[C@H]1CC[C@H](NC(=O)C2=CC=C(N3CCN(CC4CN(C5=CC=C6C(=O)N(C7CCC(=O)NC7=O)C(=O)C6=C5)C4)CC3)C=C2)CC1,P10275,AR,CRBN,Q96SW2,0.455,99.0,2,1,True
ZAGCLFXBHOXXEN,COC1=CC(C2=CN(C)C(=O)C3=CN=CC=C23)=CC(OC)=C1CN1CCN(CCCCCOC2=CC(C3=C(C)N=CS3)=CC=C2CNC(=O)[C@@H]2C[C@@H](O)CN2C(=O)[C@@H](NC(=O)C2(F)CC2)C(C)(C)C)CC1,Q9H8M2,BRD9,VHL,P40337,3.13,95.0,2,1,True
ZAJXSUNUSHEGCB,COC1=CC2=C(OC3=CC=C(NC(=O)C4(C(=O)NC5=CC=C(F)C=C5)CC4)C=C3F)C=CN=C2C=C1OCCCOCCCOCCC(=O)NCCOC1=CC=CC2=C1C(=O)N(C1CCC(=O)NC1=O)C2=O,O15264,p38delta,CRBN,Q96SW2,27.0,91.0,1,1,True
ZBCXOELGHROVDK,CC1=C(C2=CC=C(CNC(=O)[C@@H]3C[C@@H](O)CN3C(=O)[C@@H](NC(=O)CCCCCC(=O)NC3=CC=CC4=C3C(=O)N(C3CCC(=O)NC3=O)C4=O)C(C)(C)C)C=C2)SC=N1,Q96SW2,CRBN,VHL,P40337,2546.1,77.9,1,0,True
ZCGQZLKPUVGCBQ,C=C(F)C(=O)N1CCN(C2=NC(OC[C@@H]3CCCN3CCCOCCC(=O)N[C@H](C(=O)N3C[C@H](O)C[C@H]3C(=O)NCC3=CC=C(C4=C(C)N=CS4)C=C3)C(C)(C)C)=NC3=C2CCN(C2=CC=CC4=CC=CC(Cl)=C24)C3)C[C@@H]1CC#N,P01116,KRAS G12C,VHL,P40337,420.0,85.0,2,0,True
ZEEFAZNIKLZENT,N#CC1=CC=C(O[C@H]2CC[C@H](NC(=O)C3=CC=C(N4CCC(N5CCN(C6=CC=C7C(=O)N(C8CCC(=O)NC8=O)C(=O)C7=C6)CC5)CC4)C=C3)CC2)C=C1Cl,P10275,AR,CRBN,Q96SW2,0.2,95.0,1,1,True
ZJJZBBBSQKVNHL,NC1=NC=NC2=C1C(C1=CC=C(OC3=CC=CC=C3)C=C1)=NN2[C@@H]1CCCN(C(=O)/C=C/CCCCOCCOCCOCCOCCOC2=CC=CC3=C2C(=O)N(C2CCC(=O)NC2=O)C3=O)C1,Q06187,BTK,CRBN,Q96SW2,1.9,88.0,1,1,True
ZPUBDTHTIYULJM,CCC(=O)N[C@H]1CC[C@@H](N2C(=O)C=C(C)C3=CN=C(NC4=CC=C(N5CCN(C(=O)CCCCCCCC#CC6=CC=CC7=C6C(=O)N(C6CCC(=O)NC6=O)C7)CC5)C=C4OC)N=C32)CC1,P33981,TTK,CRBN,Q96SW2,46.0,73.0,1,0,True
ZSCOIFSUFMYZEZ,CC1=C(C2=CC=C(CNC(=O)[C@@H]3C[C@@H](O)CN3C(=O)[C@@H](NC(=O)COCCOCCOC3=CC=C(C4=CC=C5N=CN=C(NC6=CC=C(OCC7=CC=CC(F)=C7)C(Cl)=C6)C5=C4)C=C3)C(C)(C)C)C=C2)SC=N1,P00533,EGFR,VHL,P40337,39.2,97.6,1,1,True
ZTFKFELOBVAACZ,C=C(F)C(=O)N1CCN(C2=NC(OC[C@@H]3CCCN3CCCCOCCC(=O)N[C@H](C(=O)N3C[C@H](O)C[C@H]3C(=O)NCC3=CC=C(C4=C(C)N=CS4)C=C3)C(C)(C)C)=NC3=C2CCN(C2=CC=CC4=CC=CC(Cl)=C24)C3)C[C@@H]1CC#N,P01116,KRAS G12C,VHL,P40337,880.0,90.0,1,0,True
ZUODKONSNNHSAJ,CC(C)C1=C2C(N[C@H]3CC[C@@H](N4CCN(C(=O)CCC(=O)N5CCC(CCN6CCN(C7=CC=C8C(=O)N(C9CCC(=O)NC9=O)C(=O)C8=C7)CC6)CC5)CC4)CC3)=NC=NN2C=C1,Q9Y616,IRAK3,CRBN,Q96SW2,2.0,98.0,1,1,True
ZWLPWTDAYPOQGR,O=C1CCC(N2CC3=C(NC(=O)CCCCCCCN4CCN(C5=CC=C(NC6=CC7=C(N8CCC(CO)CC8)N=C(NC8=CC=C(F)C=C8)N=C7C=N6)N=C5)CC4)C=CC=C3C2=O)C(=O)N1,P00533,EGFR,CRBN,Q96SW2,45.2,87.0,1,1,True
ZXOIALMBAAMQKG,N#CC1=CC=C(O[C@H]2CC[C@H](NC(=O)C3=CC=C(N4CCN(CC5CN(C6=CC=C7C(=O)N(C8CCC(=O)NC8=O)C(=O)C7=C6)C5)CC4)C=C3)CC2)C=C1Cl,P10275,AR,CRBN,Q96SW2,0.3,92.0,1,1,True
