ID,series,Smiles,ik14,skin_retention_pct,dc50_nM,dc50_censored,dmax_pct,dc50_raw,dmax_raw,leaked_stan_train,leaked_old_db,caco2_log10Papp_pred,caco2_Papp_pred_nm_s,logKp,MW,TPSA,stan_active_prob
A1,A,O=C1N(C2C(NC(CC2)=O)=O)C(C3=C1C=CC(N4CC(CN(CC5)CCC5C6=CC=C(C(F)(F)F)C=C6)C4)=C3)=O,BHFWRNDFPCQHOI,8.45,,,,,,False,False,-1.3012949,0.4996951,-7.253,554.569,90.03,0.613
A2,A,O=C1N(C2C(NC(CC2)=O)=O)C(C3=C1C=CC(N(C4)CCC4CN(CC5)CCC5C6=CC=C(C(F)(F)F)C=C6)=C3)=O,QUEAMSQLKNVUPL,1.94,,,,,,False,False,-1.4561245,0.34984484,-7.062,568.596,90.03,0.107
A3,A,O=C1N(C2C(NC(CC2)=O)=O)C(C3=C1C=CC(N4CCN(CC(CC5)CCN5C6=CC=C(C(F)(F)F)C=C6)CC4)=C3)=O,WXVPDRFGATVSIX,8.73,,,,,,False,False,-1.3360432,0.46127164,-7.627,583.611,93.27,0.205
A4,A,O=C1N(C2C(NC(CC2)=O)=O)C(C3=C1C=CC(N(C4)CCCC4CN(CC5)CCC5C6=CC=C(C(F)(F)F)C=C6)=C3)=O,HBVQLMCQNITKRJ,5.75,,,,,,False,False,-1.6531985,0.22222939,-6.87,582.623,90.03,0.489
A5,A,O=C1N(C2C(NC(CC2)=O)=O)C(C3=C1C=CC(N(C4)CC4N(CC5)CCN5C6=CC=C(C(F)(F)F)C=C6)=C3)=O,KHNWNCRFBKXCLJ,5.84,,,,,,False,False,-1.4300328,0.3715071,-8.1,541.53,93.27,0.055
A6,A,O=C(N(C1C(NC(CC1)=O)=O)C2=O)C(C2=CC=C3)=C3N(CC4)CC4CN(CC5)CCN5C6=CC=C(C(F)(F)F)C=C6,JFAPRUPBINEFPU,0.96,,,,,,False,False,-1.4177723,0.38214457,-7.818,569.584,93.27,0.058
A7,A,O=C(N1C2C(NC(CC2)=O)=O)C3=CC(N(CC4)CC4CN(CC5)CCN5C6=CC=C(C(F)(F)F)C=C6)=CC=C3C1=O,OMCNXABIZQBFFQ,0.68,,,,,,False,False,-1.5299053,0.29518527,-7.818,569.584,93.27,0.071
A8,A,O=C(N1C2C(NC(CC2)=O)=O)C3=C(NC4CCN(CC5CCN(C6=CC=C(C(F)(F)F)C=C6)CC5)CC4)C=CC=C3C1=O,BIOPFOQVWFOKFQ,4.34,,,,,,False,False,-1.4605668,0.34628466,-7.177,597.638,102.06,0.753
A9,A,O=C1N(C2C(NC(CC2)=O)=O)C(C3=CC(F)=C(N4CC(CN5CCC(C6=CC=C(C(F)(F)F)C=C6)CC5)C4)C=C31)=O,PGKGFERHZUZJRG,2.22,,,,,,False,False,-1.2167573,0.6070755,-7.264,572.559,90.03,0.514
A10,A,O=C(NC1C(NC(CC1)=O)=O)C(C=C2)=CC=C2N(CC3)CCN3CC(CC4)CCN4C5=CC=C(F)C=C5,VVOGSAIRLAXLFE,4.99,,,,,,False,False,-1.4245712,0.3762087,-7.693,507.61,84.99,0.083
A11,A,O=C(NC1C(NC(CC1)=O)=O)C(C=C2)=CC=C2N3CCN(C(CC4)CCN4C5=CC=C(F)C=C5)CC3,VUCUGYIPBBFFHH,9.12,,,,,,False,False,-1.5190364,0.30266595,-7.783,493.583,84.99,0.1
A12,A,O=C(NC1C(NC(CC1)=O)=O)C(C=C2)=CC=C2N3CCN(CCCCC4=CC=C(F)C=C4)CC3,KZTCOZBHANESAF,6.93,,,,,,False,False,-1.2706382,0.5362432,-7.367,466.557,81.75,0.599
A13,A,O=C(NC1C(NC(CC1)=O)=O)C(C=C2)=CC=C2N3CCN(CCC(CC4)CCN4C5=CC=C(F)C=C5)CC3,CCICTUHCXUHDKO,3.92,,,,,,False,False,-1.4628383,0.3444782,-7.502,521.637,84.99,0.432
A14,A,O=C(NC(CC1)=O)C1N(C2=O)CC3=C2C=CC=C3C#CCN4CCN(CC#CCOC5=CC=C(C(F)(F)F)C=C5)CC4,PBKGTFXVTBVJKT,1.91,,,,,,False,False,-1.3226722,0.4756941,-8.042,578.591,82.19,0.116
A15,A,O=C(NC(CC1)=O)C1N(C2=O)CC3=C2C=CC(C#CCN4CCN(CC#CCOC5=CC=C(C(F)(F)F)C=C5)CC4)=C3,NQHDMBJISHLYBF,5.41,,,,,,False,False,-1.2863395,0.5172023,-8.042,578.591,82.19,0.178
A16,A,O=C(NC(CC1)=O)C1N(C2=O)CC3=C2C=CC(C#CCN4CCN(C5=CC=C(C(F)(F)F)C=C5)CC4)=C3,CDOYIDHJIATCFS,2.48,,,,,,False,False,-1.337566,0.45965707,-7.54,510.516,72.96,0.066
B1,B,ClC1=C(C#N)C=CC(O[C@H]2CC[C@H](NC(C3=CC=C(C4CCN(CC5CN(C6=CC(C(N(C7C(NC(CC7)=O)=O)C8=O)=O)=C8C=C6)C5)CC4)C=C3)=O)CC2)=C1,BGGYXPZRKHXKTK,0.6,1000.0,>,48.0,> 1000,48.0,False,False,-1.5316544,0.29399887,-7.372,763.295,152.15,0.18
B2,B,O=C1N(C2C(NC(CC2)=O)=O)C(C3=C1C=CC(N(C4)CCCC4CN5CCC(C6=CC=C(C(N[C@H](CC7)CC[C@@H]7OC8=CC(Cl)=C(C#N)C=C8)=O)C=C6)CC5)=C3)=O,WXRDASAHRFKJHS,0.58,1000.0,>,37.0,> 1000,37.0,False,False,-1.702237,0.19850112,-6.989,791.349,152.15,0.669
B3,B,O=C1N(C2C(NC(CC2)=O)=O)C(C3=CC(N(CC4)CCC4CN5CCN(C6=CC=C(C(N[C@H](CC7)CC[C@@H]7OC8=CC(Cl)=C(C#N)C=C8)=O)C=C6)CC5)=CC=C31)=O,QJZUVOHJKPMREF,0.69,8.97,,76.0,8.97,76.0,True,True,-1.5464369,0.2841601,-7.746,792.337,155.39,0.254
B4,B,O=C1N(C2C(NC(CC2)=O)=O)C(C3=CC(N(CC4)CC4CN5CCN(C6=CC=C(C(N[C@H](CC7)CC[C@@H]7OC8=CC(Cl)=C(C#N)C=C8)=O)C=C6)CC5)=CC=C31)=O,ISCKBSGCEFRHME,0.74,1000.0,>,34.0,> 1000,34.0,False,False,-1.644754,0.22659272,-7.937,778.31,155.39,0.517
B5,B,O=C1N(C2C(NC(CC2)=O)=O)C(C3=CC(N(C4)CC4N5CCN(C6=CC=C(C(N[C@H](CC7)CC[C@@H]7OC8=CC(Cl)=C(C#N)C=C8)=O)C=C6)CC5)=CC=C31)=O,IFCKDGNCNVHZTM,1.41,1000.0,>,37.0,> 1000,37.0,True,True,-1.5117456,0.30778995,-8.219,750.256,155.39,0.161
B6,B,ClC1=C(C#N)C=CC(O[C@H]2CC[C@H](NC(C3=CC=C(N4CCC(CN5CCN(C6=CC(C(N(C7C(NC(CC7)=O)=O)C8=O)=O)=C8C=C6)CC5)CC4)C=C3)=O)CC2)=C1,KJKKWBXZQRPXEJ,0.62,207.03,,60.0,207.03,60.0,False,False,-1.5464369,0.2841601,-7.746,792.337,155.39,0.98
C1,C,O=C(NC1C(NC(CC1)=O)=O)C2=CC=C(N3CCN(C4CCN(C5=CC=C(C(N[C@H]6CC[C@H](OC7=CC(Cl)=C(C#N)C=C7)CC6)=O)C=C5)CC4)CC3)C=C2,QNVPVBBZBVQLGJ,1.31,103.87,,53.0,103.87,53.0,False,False,-1.4554137,0.3504179,-7.582,752.316,147.11,0.994
C2,C,O=C(NC1C(NC(CC1)=O)=O)C2=CC=C(N3CCN(CC4CCN(C5=CC=C(C(N[C@H]6CC[C@H](OC7=CC(Cl)=C(C#N)C=C7)CC6)=O)C=C5)CC4)CC3)C=C2,IMIAXBUFLNRVSC,0.81,1000.0,>,15.0,>1000,15.0,False,False,-1.3552704,0.44129562,-7.492,766.343,147.11,0.382
C3,C,O=C(NC1C(NC(CC1)=O)=O)C2=CC=C(N3CCN(CCC4CCN(C5=CC=C(C(N[C@H]6CC[C@H](OC7=CC(Cl)=C(C#N)C=C7)CC6)=O)C=C5)CC4)CC3)C=C2,GCLKTAHHIVNPAD,1.0,1000.0,>,42.0,>1000,42.0,False,False,-1.4358158,0.366593,-7.301,780.37,147.11,0.998
C4,C,ClC1=C(C#N)C=CC(O[C@H]2CC[C@H](NC(C3=CC=C(CCCCN4CCN(C5=CC=C(C=C5)C(NC6C(NC(CC6)=O)=O)=O)CC4)C=C3)=O)CC2)=C1,GKYHQXCFBAITDJ,1.49,1000.0,>,49.0,>1000,49.0,False,False,-1.2552108,0.55563456,-7.166,725.29,143.87,0.602
C5,C,O=C(C1=CC=C(C=C1)C2CCN(CC2)CC(C3)CN3C4=CC=C(C(NC5CCC(NC5=O)=O)=O)C=C4)N[C@@H](CC6)CC[C@H]6OC(C=C7)=CC(Cl)=C7C#N,JAYKQDRVSYXUTL,1.23,70.85,,66.0,70.85,66.0,False,False,-1.3574824,0.43905362,-7.118,737.301,143.87,1.0
C6,C,O=C(C1=CC=C(C=C1)C2CCN(CC2)CC3CCCN(C4=CC=C(C(NC5CCC(NC5=O)=O)=O)C=C4)C3)N[C@@H](CC6)CC[C@H]6OC(C=C7)=CC(Cl)=C7C#N,HIASROZGGWJIKC,2.48,199.5,,68.0,199.5,68.0,False,False,-1.5538614,0.27934355,-6.735,765.355,143.87,0.798
C7,C,O=C(NC1C(NC(CC1)=O)=O)C(C=C2)=CC=C2N3CC(CN4CCN(C5=CC=C(C(N[C@H]6CC[C@H](OC7=CC(Cl)=C(C#N)C=C7)CC6)=O)C=C5)CC4)CC3,PJVPTSGDMUPHDA,1.86,1000.0,>,50.0,>1000,50.0,False,False,-1.4505322,0.35437885,-7.683,752.316,147.11,0.999
