ik14,Uniprot,E3 ligase,cell_ribes,active,dc50_nM,dmax_pct,ribes_seen,ribes_proba_standard,ribes_major_standard,ribes_proba_target,ribes_major_target
ABUVLEBOCBCHTJ,Q9BY41,VHL,Jurkat,1,62.1,93.0,False,0.36174276,0,0.26285458,0
ACMROOUABKJKKG,P03372,CRBN,MCF-7,0,1.6,55.0,False,0.52815264,1,0.2848728,0
ACOYARXDWOCIQF,Q06187,CRBN,TMD8,1,0.63,96.0,False,0.8823414,1,0.67837954,1
ACPPLMFDTMNKCM,P01116,CRBN,AsPC-1,0,100.0,70.0,False,0.46988568,0,0.32441393,0
ACWNPHGMLLQDAP,P01116,CRBN,AsPC-1,0,100.0,70.0,False,0.4432368,0,0.36437556,0
ADRHCEUDBUBWKX,Q08881,CRBN,Jurkat,0,286.2,75.0,False,0.631685,1,0.5511239,1
AFOZBJWRMXDABQ,P03372,CRBN,MCF-7,0,5.0,50.0,False,0.5357227,1,0.29008082,0
AGGBOQMCNPMCEP,P03372,CRBN,MCF-7,1,0.3034,94.0,False,0.48351645,0,0.27283382,0
AIHGVELLLJOFHL,Q07889,VHL,NCI-H358,1,49.3,97.9,False,0.7492184,1,0.45404026,0
AIYNYUZXZDOMQJ,P01116,CRBN,AsPC-1,0,100.0,70.0,False,0.49311176,0,0.31505767,0
AJLHRCDOQDFNEX,P10275,CRBN,VCaP,0,125.0,79.0,False,0.7661293,1,0.5663526,1
AJSOJCBVVBEEBC,P03372,CRBN,MCF-7,0,5.0,50.0,False,0.5348459,1,0.2839703,0
AJWSNEGCXBPCNT,P01116,CRBN,AsPC-1,0,100.0,70.0,False,0.4582837,0,0.30468616,0
AJZOFKWTODCUAD,Q06187,CRBN,Ramos,1,7.2,88.0,False,0.7885663,1,0.59885603,1
ALNALCAXCHYNEZ,P01116,CRBN,AsPC-1,0,100.0,70.0,False,0.43363848,0,0.38456073,0
AMLZOEQMRXMGBU,P03372,CRBN,MCF-7,0,5.0,75.0,False,0.4921793,0,0.2813989,0
AMVGRMOPMWIDQT,P09874,CRBN,HCT 116,0,20000.0,30.21,False,0.7312011,1,0.437322,0
ANCKEXHDLITENC,P01116,CRBN,AsPC-1,0,1000.0,25.0,False,0.45271835,0,0.32803202,0
ANFFPFFAJDSUIN,Q92793,CRBN,RS4;11,1,0.7000000000000001,97.0,False,0.756289,1,0.5853674,1
APWOOBMCOBNDHY,P03372,CRBN,MCF-7,0,5.0,75.0,False,0.52720845,1,0.28652194,0
ARGWXWOIQUCZEV,Q92918,CRBN,Jurkat,0,214.0,64.0,False,0.4498299,0,0.427768,0
ARONHQOAKYUHEE,O75530,VHL,DB,0,33.5,54.0,False,0.59850204,1,0.3762337,0
ASAZRIHLBRZDGN,P01116,CRBN,AsPC-1,0,100.0,70.0,False,0.4419112,0,0.3194256,0
ASWBOXVCGUROKR,P10275,CRBN,LNCaP,1,50.0,80.0,False,0.63043565,1,0.53711146,1
ATBRMGQNZNGMFO,P01116,CRBN,AsPC-1,0,100.0,70.0,False,0.44862905,0,0.3130854,0
AUSKCHAXYLLRLE,P03372,CRBN,MCF-7,0,5.0,75.0,False,0.54184633,1,0.2934407,0
AUTNFFMAIXBPJH,Q92918,CRBN,Jurkat,1,83.0,84.0,False,0.4180963,0,0.4453154,0
AXPGRWCCCLWKQJ,Q92793,CRBN,RS4;11,1,0.6,93.0,False,0.7493853,1,0.5726604,1
AXRKIGKHAWQOIW,P01116,CRBN,AsPC-1,0,100.0,70.0,False,0.43788168,0,0.3627105,0
AYAZRRMDIRRQIO,P09874,CRBN,HCT 116,0,19050.0,53.86,False,0.7370313,1,0.46002278,0
AZHUEXVTSOWSHM,Q92918,CRBN,Jurkat,0,10000.0,38.0,False,0.45720974,0,0.45347953,0
AZUMMPMTXCIABP,P09874,CRBN,HCT 116,0,60.0,78.9,False,0.73406273,1,0.46349967,0
BABOKNCCEBLQBS,P01116,CRBN,AsPC-1,0,100.0,50.0,False,0.42691195,0,0.30828503,0
BACGQACNNRMVST,P01116,CRBN,AsPC-1,0,100.0,70.0,False,0.44376063,0,0.30432382,0
BACJQQPMNYUFEJ,P01116,CRBN,AsPC-1,0,100.0,70.0,False,0.44927943,0,0.36786273,0
BCEPXVPMTREAEK,P09874,CRBN,HCT 116,0,15560.0,59.38,False,0.7459359,1,0.47089612,0
BCTQCVAIXQOKKW,P01116,CRBN,AsPC-1,0,250.0,50.0,False,0.48128513,0,0.33204827,0
BCVLYCZNORVOHF,P01116,CRBN,AsPC-1,0,100.0,70.0,False,0.44186845,0,0.31833133,0
BDKALJFRDMDIAS,P09874,CRBN,HCT 116,0,20000.0,30.08,False,0.73272604,1,0.46972707,0
BDNSXFYBAGJQEM,P03372,CRBN,MCF-7,0,5.0,50.0,False,0.48463368,0,0.27557215,0
BFIQFJPAAODXMJ,P01116,CRBN,AsPC-1,0,100.0,70.0,False,0.45692244,0,0.33477613,0
BFJAUQYYPAGZSF,P03372,CRBN,MCF-7,1,0.5,84.0,False,0.5502321,1,0.2949295,0
BGFZCKUUCGMNJV,O60885,CRBN,HEK293T,1,8.0,99.0,False,0.7834428,1,0.645633,1
BGOYIRIGJGUHKW,P03372,CRBN,MCF-7,0,5.0,75.0,False,0.51912093,1,0.27489862,0
BHFGWNJOMROHBE,P03372,CRBN,MCF-7,1,0.6049,86.0,False,0.5281844,1,0.31849566,0
BHJMKXPWFAXZQO,P01116,CRBN,AsPC-1,0,100.0,70.0,False,0.49306354,0,0.32984257,0
BIAFTUVWZFGLLG,P03372,CRBN,MCF-7,0,5.0,75.0,False,0.5270328,1,0.2786753,0
BIASTFAZPRBBSG,Q92918,CRBN,Jurkat,0,295.1,58.1,False,0.46508315,0,0.4964786,0
BIDOMOZYZFXRJX,P01116,CRBN,AsPC-1,0,100.0,50.0,False,0.50353646,1,0.33524695,0
BIXUQMFHSNFYGK,Q9H8M2,CRBN,HEK293,1,12.9,99.0,False,0.4958302,0,0.3738474,0
BJMXASDRKLKNMF,Q92793,CRBN,VCaP,1,0.4,95.0,False,0.8685606,1,0.62662435,1
BKPOBOXXAAENEJ,P01116,VHL,AsPC-1,1,87.2,96.2,False,0.52537936,1,0.31281993,0
BMFQDIJFSLSDGG,Q92793,CRBN,VCaP,1,0.75,95.0,False,0.8683502,1,0.6325726,1
BNBZPIRDZWDOBS,Q92918,CRBN,Jurkat,0,10000.0,41.4,False,0.45531616,0,0.47522447,0
BNXHIGZFJKRLPQ,P09874,CRBN,HCT 116,0,20000.0,6.96,False,0.72664624,1,0.46035036,0
BNZBBHXKCFPTND,O60885,CRBN,HEK293,0,16.7,48.0,False,0.78761363,1,0.6435664,1
BOGUYWKARAFBPH,P03372,CRBN,MCF-7,1,0.03802,98.0,False,0.47221598,0,0.27632704,0
BOTLERLEUZNEQQ,Q9H8M2,CRBN,HEK293,0,144.0,68.0,False,0.4868008,0,0.38823223,0
BOTNYBYGXINQBK,P01116,CRBN,AsPC-1,0,100.0,50.0,False,0.4595648,0,0.3718004,0
BOVQJWFEGGGBSA,P01116,CRBN,AsPC-1,0,100.0,70.0,False,0.45391855,0,0.3031421,0
BOYDCCMACMIQHO,Q92918,CRBN,Jurkat,0,126.9,79.3,False,0.45618537,0,0.47199202,0
BPMPMTNALPLART,O60885,CRBN,HEK293T,0,168.0,82.0,False,0.77689177,1,0.6457769,1
BRTHDWUEKWQNLW,P03372,CRBN,MCF-7,0,50.0,75.0,False,0.53006256,1,0.27899122,0
BRVKXRGJXOTRLD,O60885,CRBN,HEK293T,1,48.0,99.0,False,0.7820236,1,0.6489242,1
BSQNILTVRXZUQD,P03372,CRBN,MCF-7,1,0.021,100.0,False,0.49920407,0,0.27989072,0
BTFZUHUKXYZEIP,Q92793,CRBN,22Rv1,1,45.35,82.0,False,0.70435214,1,0.50305724,1
BUEXWHUMUYQITQ,P21802,CRBN,KATO III,1,11.8,80.0,False,0.8040517,1,0.51672345,1
BUSHRVRBJUJRHC,P01116,CRBN,AsPC-1,0,100.0,70.0,False,0.45147458,0,0.32637084,0
BUVZNGYPKFISMJ,O60885,CRBN,HEK293T,1,8.0,99.0,False,0.78632885,1,0.6457132,1
BXBADDOYKAVBPB,P03372,CRBN,MCF-7,0,5.0,75.0,False,0.52698183,1,0.2895851,0
BXZCAZQCSDZOPG,P01116,CRBN,AsPC-1,0,625.0,60.0,False,0.4467485,0,0.37781954,0
CAIZDTGPHVIVNW,P01116,CRBN,AsPC-1,0,100.0,70.0,False,0.48933378,0,0.3172189,0
CCGDUFKHVCWPGU,P03372,CRBN,MCF-7,0,5.0,75.0,False,0.4960741,0,0.27279994,0
CDPPFGYWNYFBJP,P03372,CRBN,MCF-7,0,5.0,75.0,False,0.5322783,1,0.2884551,0
CDTOXJLABDJMQI,P03372,CRBN,MCF-7,0,5.0,75.0,False,0.5294406,1,0.26380205,0
CEQYTRYZACKCQQ,P50750,CRBN,MDA-MB-231,1,3.16,100.0,False,0.42087427,0,0.29135576,0
CFJHWTNVZZUCND,P01116,CRBN,AsPC-1,0,100.0,70.0,False,0.456071,0,0.31343606,0
CFKSLEVNKGAZLG,P03372,CRBN,MCF-7,1,0.03638,100.0,False,0.4869604,0,0.26983756,0
CJNXAWUQEHJXFM,P01116,CRBN,AsPC-1,0,100.0,50.0,False,0.4926331,0,0.33232605,0
CKXFAVYWVQQDCA,P62942,CRBN,HEK293T,0,586.0,96.0,False,0.46775284,0,0.34992108,0
CLMAGEKQBJFDQU,Q92793,CRBN,RS4;11,0,5.5,73.5,False,0.7581896,1,0.5937118,1
CLOGPFCVCQLTFP,P01116,CRBN,AsPC-1,0,1000.0,50.0,False,0.50454015,1,0.3336022,0
CMAGYLGVBWUBOU,P01116,VHL,AsPC-1,0,1310.0,90.2,False,0.5232306,1,0.31069174,0
CMHZLXRKWLPGRA,P01116,CRBN,AsPC-1,0,1000.0,50.0,False,0.5058317,1,0.336578,0
CNOWYWLQWIORPN,P01116,CRBN,AsPC-1,0,100.0,50.0,False,0.42367896,0,0.31524512,0
CRBGTTZMTNBASJ,P01116,CRBN,AsPC-1,0,1000.0,25.0,False,0.49767748,0,0.3186802,0
CRMDRFIUPPEYQV,O60885,CRBN,HEK293T,0,557.0,43.0,False,0.7904287,1,0.650353,1
CSNPVEIUSQQSBW,P50750,CRBN,MOLM-13,1,40.0,88.6,False,0.44819176,0,0.39672562,0
CUHQSAFKNPVULS,P10275,CRBN,LNCaP,1,7.0,97.0,False,0.62914014,1,0.5339441,1
CVKQCCMWCAPLPB,P09874,CRBN,HCT 116,0,16340.0,47.58,False,0.73182344,1,0.47190365,0
CVUVXYSJMLTDOZ,P03372,CRBN,MCF-7,0,5.0,75.0,False,0.51465887,1,0.29358113,0
CWPYAQAUDZXPCR,P03372,CRBN,MCF-7,1,0.0255,100.0,False,0.47421837,0,0.27423108,0
CXGNUIAJMASHEF,P01116,CRBN,AsPC-1,0,100.0,70.0,False,0.4272971,0,0.31929502,0
CXPSCYPEJFGWBU,P01116,CRBN,AsPC-1,0,100.0,70.0,False,0.42994773,0,0.29729235,0
CZJSNFIBYLCJGN,O60885,CRBN,HEK293,0,2.0,59.0,False,0.7825466,1,0.64012367,1
DBCBONGVJRKWGN,P03372,CRBN,MCF-7,0,5.0,75.0,False,0.53894275,1,0.2832641,0
DBLOHMVEVJIEPT,P01116,CRBN,AsPC-1,0,100.0,70.0,False,0.46833065,0,0.3244776,0
DBZBSIABLAXYQF,P03372,CRBN,MCF-7,0,5.0,50.0,False,0.54029566,1,0.2760068,0
DCQPFBPLVREYQW,Q92918,CRBN,Jurkat,1,52.4,81.0,False,0.40365443,0,0.43089923,0
DDGLFVWBLINNFM,P03372,CRBN,MCF-7,0,5.0,50.0,False,0.4869249,0,0.27573332,0
DDWYIJVVFDEBAV,Q92793,CRBN,VCaP,0,1000.0,50.0,False,0.8496828,1,0.6120477,1
DEWYRSGQGYGJMX,P01116,CRBN,AsPC-1,0,100.0,70.0,False,0.515292,1,0.3293762,0
DGOOGLKGZDROBO,P03372,CRBN,MCF-7,1,0.9,100.0,False,0.5128228,1,0.27255633,0
DGWYNZWAXVNGMI,P03372,CRBN,MCF-7,0,5.0,75.0,False,0.5272549,1,0.27176923,0
DISVDHINNIWQNG,Q92918,CRBN,Jurkat,0,385.6,52.0,False,0.40086064,0,0.44083142,0
DJUXJFYQMGQWDV,P01116,CRBN,AsPC-1,0,100.0,70.0,False,0.5031493,1,0.33125225,0
DKOUFZGFKKHOHN,Q92918,CRBN,Jurkat,0,10000.0,48.2,False,0.4563379,0,0.4766953,0
DKWMHDBRVHNYTN,Q08881,CRBN,Jurkat,0,105.9,92.0,False,0.65661883,1,0.56254226,1
DLOJSADPWFQRKI,P03372,CRBN,MCF-7,0,5.0,75.0,False,0.4940169,0,0.2730431,0
DMAHZRHMTGCTBW,P01116,CRBN,AsPC-1,0,100.0,60.0,False,0.42621037,0,0.31336406,0
DNUGNVSIOQHXBQ,P01116,CRBN,AsPC-1,0,100.0,70.0,False,0.4521929,0,0.3080472,0
DNYOJYXHYCVJKW,P10275,CRBN,VCaP,1,5.7,88.0,False,0.7839276,1,0.58240074,1
DOLDIZFTOSRBOK,Q06187,CRBN,TMD8,0,17.0,76.0,False,0.88163656,1,0.66308266,1
DPAZRRGSBQCZSC,P03372,CRBN,MCF-7,0,5.0,50.0,False,0.5249841,1,0.2822117,0
DPIXGXIUWQFJEU,P01116,CRBN,AsPC-1,0,1000.0,25.0,False,0.4712299,0,0.34453487,0
DPTJZVQTTIPIPR,O60885,CRBN,HEK293T,1,5.0,99.0,False,0.77466846,1,0.6423271,1
DQEMJFSABASELK,P10275,CRBN,LNCaP,1,22.0,100.0,False,0.6591834,1,0.56920975,1
DQGNINFYAAEZKL,O60885,CRBN,HEK293,0,21.1,65.0,False,0.7957535,1,0.6441832,1
DQMBTKIEXZWZMS,P09874,CRBN,HCT 116,0,20000.0,31.77,False,0.73956394,1,0.46152973,0
DQQMOQXMKRXELC,P50750,CRBN,MOLT-4,1,0.89,97.7,False,0.5710152,1,0.45657316,0
DRTSZGVKXLJNNH,P01116,VHL,AsPC-1,0,131.6,98.1,False,0.5221593,1,0.3121437,0
DRYYXCWLEXLNTB,P01116,CRBN,AsPC-1,0,100.0,70.0,False,0.4685184,0,0.32870623,0
DUEGKYWYMGQGDW,Q9NWZ3,CRBN,RAW 264.7,1,47.38,91.0,False,0.67336684,1,0.5507275,1
DUKYNDYQMHGOSD,P03372,CRBN,MCF-7,0,5.0,50.0,False,0.49466053,0,0.2670854,0
DVJGBZOCDDYJLY,P10275,CRBN,VCaP,1,18.0,81.0,False,0.7817052,1,0.5691147,1
DVPXXSLKFPXCBU,P03372,CRBN,MCF-7,0,5.0,50.0,False,0.53119737,1,0.29590437,0
DWEHMBLINDIOGQ,P11802,CRBN,Jurkat,0,281.25,73.5,False,0.47535226,0,0.3364118,0
DXWNLVKIDXFRLV,Q06187,CRBN,JeKo-1,1,9.3,93.6,False,0.78392416,1,0.6793669,1
DYTNKDWEMQWVKR,Q92793,CRBN,VCaP,1,0.45,95.0,False,0.8705098,1,0.6173056,1
DYVUTXZANNTVBU,P03372,CRBN,MCF-7,0,5.0,75.0,False,0.46940294,0,0.27071717,0
DZBLWYQPZXUQGG,O60885,CRBN,MDA-MB-231,0,134.0,79.0,False,0.73661333,1,0.4713281,0
DZIBQWKAJPUJCB,Q92918,CRBN,Jurkat,0,23.9,67.0,False,0.40920472,0,0.43493703,0
DZJCTNGKFRUZQI,P50750,CRBN,MOLM-13,0,100.0,93.1,False,0.42687353,0,0.40459123,0
DZMRIRHUWOIDDQ,P01116,VHL,AsPC-1,0,1014.0,96.7,False,0.5287114,1,0.3116919,0
FAEKXLSKLVRFEC,P62942,CRBN,HEK293T,1,27.0,99.0,False,0.48860657,0,0.34579393,0
FCQXHLPMLGYZHN,Q06187,CRBN,Ramos,1,2.4,95.0,False,0.8211855,1,0.637324,1
FFAXWQXTTRSZBR,P01116,CRBN,AsPC-1,0,100.0,70.0,False,0.48452973,0,0.32163134,0
FHKJSQYVZHOMIZ,Q92918,CRBN,Jurkat,0,33.9,59.9,False,0.46999457,0,0.4913851,0
FHKOVLSBVWFFKN,P03372,CRBN,MCF-7,1,0.4,100.0,False,0.48661825,0,0.2741572,0
FHWJSCBNRQSVKG,P03372,CRBN,MCF-7,1,0.16,89.0,False,0.5209125,1,0.2651628,0
FJPUZJRXDULWLZ,Q92918,CRBN,Jurkat,0,29.3,73.0,False,0.40799066,0,0.46067837,0
FJYJJKVJGBDHHG,P03372,CRBN,MCF-7,0,5.0,75.0,False,0.5004325,1,0.2834984,0
FKQOKRKMDMWDTM,Q92918,CRBN,Jurkat,0,385.0,56.0,False,0.41710165,0,0.4256002,0
FLBHHDGUOVAFMU,P10275,CRBN,LNCaP,1,26.0,92.0,False,0.6367762,1,0.5325278,1
FMGIOMVADBAONN,Q06187,CRBN,TMD8,1,1.0,96.0,False,0.8834002,1,0.6665246,1
FMWLMMJZHGPJKO,P01116,CRBN,AsPC-1,0,100.0,70.0,False,0.43226716,0,0.31316027,0
FNJHTSPTDABDEU,P10275,VHL,LNCaP,0,527.0,54.0,False,0.64739746,1,0.56742185,1
FNQIHJLUXRFLHT,O60885,CRBN,HEK293T,1,34.0,88.0,False,0.77450514,1,0.63602257,1
FOTJPEPDXXOTQF,O60885,CRBN,HEK293,1,12.8,94.0,False,0.7843705,1,0.64451724,1
FPHGKABLQJCHEB,Q92918,CRBN,Jurkat,0,10000.0,38.5,False,0.4599897,0,0.4869059,0
FPVWCOYFTMTBJA,Q92918,CRBN,Jurkat,1,78.8,84.1,False,0.46705675,0,0.49220815,0
FQAXUEQNJLYPKH,P01116,CRBN,AsPC-1,0,100.0,70.0,False,0.4437264,0,0.31360316,0
FRAWOGGHQRLUBB,Q9H8M2,CRBN,HEK293,1,70.0,99.0,False,0.4905158,0,0.3824787,0
FREVVLLMNHHIMW,P03372,CRBN,MCF-7,1,1.2,97.0,False,0.5322512,1,0.2832929,0
FRGPLXSNBSBCPG,P03372,CRBN,MCF-7,0,5.0,50.0,False,0.53562313,1,0.2755317,0
FSIRXDSTGGZBHJ,P03372,CRBN,MCF-7,0,5.0,75.0,False,0.5003424,1,0.2895189,0
FSXKBPXCHIQNHV,P01116,CRBN,AsPC-1,0,100.0,70.0,False,0.49013296,0,0.32197097,0
FTJXONGELSWLLE,P03372,CRBN,MCF-7,0,5.0,75.0,False,0.4833131,0,0.27202642,0
FTLFVUZDLOWJLU,P10275,CRBN,VCaP,0,290.0,71.0,False,0.78819007,1,0.60887575,1
FTNHSXYOMCZKKS,P03372,CRBN,MCF-7,0,50.0,75.0,False,0.52620584,1,0.28429148,0
FXGAVYWCFCECNW,P09874,CRBN,HCT 116,0,20100.0,49.82,False,0.7447686,1,0.4703308,0
FXHSLFPHSQGRHN,Q08881,CRBN,Jurkat,1,75.4,82.0,False,0.6424219,1,0.50998336,1
FYKDAWGISLGSMC,P36888,CRBN,MV4-11,0,2.26,77.2,False,0.5436928,1,0.40795037,0
FYZURCIGJWTNQB,Q9H8M2,CRBN,HEK293,1,5.7,99.0,False,0.4867251,0,0.392368,0
FZPFOKCSBXRUCY,O60885,CRBN,MDA-MB-231,1,97.1,88.0,False,0.7255604,1,0.467007,0
GBTBLBKXKPUBEP,P03372,CRBN,MCF-7,0,5.0,75.0,False,0.49876308,0,0.2717931,0
GCZBURKTXXRCIT,P01116,CRBN,AsPC-1,0,100.0,70.0,False,0.4907455,0,0.33730507,0
GFTPPVNUXHWDAA,P03372,CRBN,MCF-7,0,5.0,75.0,False,0.50542116,1,0.28050938,0
GFVYFOWLPWYPDD,P09874,CRBN,HCT 116,0,9565.0,85.515,False,0.7323182,1,0.448565,0
GGLGXBGGASXSIW,P29597,VHL,Jurkat,0,230.0,77.0,False,0.6428917,1,0.49280867,0
GIBHYBDXJQVMRG,P01116,CRBN,AsPC-1,0,100.0,60.0,False,0.48243427,0,0.31377044,0
GINGGRXLSOEZKB,P03372,CRBN,MCF-7,0,5.0,75.0,False,0.49001297,0,0.26336098,0
GIOJKPKLODMSGU,Q92793,CRBN,VCaP,1,0.25,95.0,False,0.8642804,1,0.61255693,1
GJBSUVKCGKFMQI,O60885,CRBN,HEK293T,0,780.0,77.0,False,0.793895,1,0.6538797,1
GMCWCUOAGNWNLO,P51531,VHL,SK-MEL-28,0,506.0,67.5,False,0.7914376,1,0.42781687,0
GMNPITQICRXILF,P01116,CRBN,AsPC-1,0,100.0,50.0,False,0.5002939,1,0.32213536,0
GNVVSENDBDNIGW,P03372,CRBN,MCF-7,1,0.07929,95.0,False,0.5319922,1,0.29416335,0
GOPHMTKUFKPSCI,P03372,CRBN,MCF-7,0,5.0,50.0,False,0.5012467,1,0.27896783,0
GPDMQQMGEDQVDE,P03372,CRBN,MCF-7,0,5.0,75.0,False,0.537379,1,0.29512778,0
GQEMFJCTLPYJIF,P01116,CRBN,AsPC-1,0,250.0,70.0,False,0.4981459,0,0.33075574,0
GQZPPJBTNANHER,Q92793,CRBN,RS4;11,1,1.8,86.0,False,0.75625354,1,0.56474036,1
GRCWKRCQBMPDDA,Q92793,CRBN,RS4;11,1,0.9,98.0,False,0.7413647,1,0.5805989,1
GRNGKZZXZZUMTM,P01116,CRBN,AsPC-1,0,1000.0,25.0,False,0.46673724,0,0.30569205,0
GRSNZWSQIYXFPM,P01116,CRBN,AsPC-1,0,100.0,50.0,False,0.4755632,0,0.320807,0
GRTUCEOYBLSCJP,Q92793,CRBN,RS4;11,1,0.95,80.5,False,0.7659914,1,0.57758564,1
GRVXOUZOUFEVRY,P01116,CRBN,AsPC-1,0,100.0,70.0,False,0.44040537,0,0.37622377,0
GRWBTVZBARTMKI,P01116,CRBN,AsPC-1,0,100.0,70.0,False,0.44693688,0,0.32342967,0
GTQNZEKBJQYAJI,Q9H8M2,CRBN,HEK293,1,94.0,97.0,False,0.48360893,0,0.37724462,0
GUKINEBETXGZNQ,O60885,CRBN,HEK293,0,2.6,62.0,False,0.80015486,1,0.65416133,1
GUQFDBHYZUFOJM,P03372,CRBN,MCF-7,0,5.0,50.0,False,0.5261419,1,0.28724188,0
GUWGCJCFMYJJCN,P03372,CRBN,MCF-7,1,0.1,100.0,False,0.49345127,0,0.26734722,0
GVINOWISVXZLKA,P01116,CRBN,AsPC-1,0,100.0,50.0,False,0.50651145,1,0.32134208,0
GWNHLXPYNJETCH,P01116,CRBN,AsPC-1,0,100.0,70.0,False,0.4858737,0,0.32628778,0
GXMZVRVWLSTSEG,Q06187,CRBN,Ramos,0,2885.0,51.0,False,0.8066206,1,0.6269479,1
GZPJFHIWNQNNSD,P01116,VHL,AsPC-1,0,226.3,82.4,False,0.5262118,1,0.31344151,0
HBEJXYBKHVCHGV,Q92918,CRBN,Jurkat,0,229.6,58.0,False,0.4119142,0,0.4610602,0
HBHGPBBNMZIAKT,P03372,CRBN,MCF-7,0,5.0,50.0,False,0.49667063,0,0.2695711,0
HBIFBOLRZZOMQV,P01116,CRBN,AsPC-1,0,100.0,70.0,False,0.49221405,0,0.33752403,0
HBMULTNZJNRNCG,P03372,CRBN,MCF-7,0,5.0,50.0,False,0.4926578,0,0.2742565,0
HDDDLGGWALGZKG,P01116,CRBN,AsPC-1,0,100.0,70.0,False,0.47579226,0,0.3170783,0
HDKHIHXXGKCSBP,P11802,CRBN,Jurkat,1,36.45,90.0,False,0.46113014,0,0.32556567,0
HFMNEWFVZKPATN,P01116,CRBN,AsPC-1,0,1000.0,25.0,False,0.4985172,0,0.33227715,0
HGEMTRSJRJKZAH,P03372,CRBN,MCF-7,0,0.3,25.0,False,0.50036025,1,0.27197427,0
HIMPUSAONKTVMA,Q9BY41,CRBN,HCT 116,0,441.0,77.0,False,0.39852035,0,0.22836763,0
HJLNFVSSNIFDNV,P10275,CRBN,LNCaP,0,16.0,79.0,False,0.62824565,1,0.6035826,1
HKMUULSLHVOHMZ,Q92793,CRBN,RS4;11,0,1.7,66.0,False,0.75945,1,0.58327514,1
HKYGFRGGDPTYPH,P03372,CRBN,MCF-7,0,5.0,50.0,False,0.53252035,1,0.27367127,0
HLFIMIUCZKHKSI,Q92793,CRBN,RS4;11,1,0.15,89.5,False,0.7618752,1,0.60121244,1
HLYLNRDFJAPWSR,P03372,CRBN,MCF-7,0,5.0,50.0,False,0.49354634,0,0.28028703,0
HMFPWZHVOGKYKT,P01116,CRBN,AsPC-1,0,100.0,70.0,False,0.49795708,0,0.33510694,0
HMGDRXZDHYGWAH,P01116,CRBN,AsPC-1,0,100.0,70.0,False,0.4453503,0,0.32033956,0
HMJPYTUDBOCFFX,P03372,CRBN,MCF-7,0,5.0,75.0,False,0.49073568,0,0.2600394,0
HMLXCHFBGHUPHQ,Q92793,CRBN,RS4;11,0,14.9,71.5,False,0.7465518,1,0.5888726,1
HNWIYSLNSNGHQL,P01116,CRBN,AsPC-1,0,100.0,70.0,False,0.4426491,0,0.30878362,0
HQGJFLMZLKUQQK,P09874,CRBN,HCT 116,0,20000.0,33.62,False,0.7158728,1,0.46728376,0
HRBKSBSBJGJLMD,P03372,CRBN,MCF-7,1,0.1267,92.0,False,0.52786463,1,0.32683077,0
HREXKQQPJFGTJW,P10275,CRBN,LNCaP,0,180.0,92.0,False,0.6510221,1,0.5604516,1
HSRYBYBNUIXGPN,P03372,CRBN,MCF-7,0,5.0,75.0,False,0.48721194,0,0.2737454,0
HTCYENAEFGXMBN,P11802,CRBN,Jurkat,0,508.15,68.5,False,0.47333148,0,0.3411697,0
HTRPLICOUPYTSA,Q9H8M2,CRBN,HEK293,1,37.0,90.0,False,0.49556932,0,0.3700405,0
HTTICGLXYYLMDH,P50750,CRBN,MDA-MB-231,1,3.94,96.0,False,0.4226583,0,0.28676194,0
HTZKEGBJQSNRPS,P01116,CRBN,AsPC-1,0,100.0,70.0,False,0.4398425,0,0.31713828,0
HUPQXHIYSCJHFN,P01116,CRBN,AsPC-1,0,100.0,70.0,False,0.481351,0,0.3291041,0
HVBHZDKTMNATQR,P01116,CRBN,AsPC-1,0,1000.0,50.0,False,0.5025055,1,0.34309736,0
HVCUHKYQOOWTKP,P03372,CRBN,MCF-7,0,5.0,50.0,False,0.49005497,0,0.27222982,0
HVGXJCYZTQDJAH,P01116,CRBN,AsPC-1,0,100.0,70.0,False,0.47629595,0,0.34310505,0
HVKRSVRPJLSWCD,P01116,CRBN,AsPC-1,0,100.0,70.0,False,0.50759536,1,0.32846233,0
HVNFFKLHUBPWOR,P03372,CRBN,MCF-7,0,5.0,75.0,False,0.52696973,1,0.27817884,0
HVVUCVPBWVLAFT,Q9H8M2,CRBN,HEK293,0,107.0,90.0,False,0.4803411,0,0.37972268,0
HWBJXQNUDFNRQJ,P03372,CRBN,MCF-7,0,5.0,50.0,False,0.49779296,0,0.28072944,0
HWEFEZUTECUWNS,Q13547,VHL,HCT 116,0,2840.0,62.0,False,0.40363416,0,0.23010798,0
HWEWHJKPIYCTHI,P03372,CRBN,MCF-7,1,0.9,100.0,False,0.48882505,0,0.26782843,0
HXJOBSTYEDSJNC,P01116,CRBN,AsPC-1,0,1000.0,25.0,False,0.4962789,0,0.33885765,0
HYHSJYMZWGTVLB,Q92793,CRBN,RS4;11,1,0.65,93.5,False,0.7490988,1,0.57656604,1
IBWMKKPVZHZHTL,P03372,CRBN,MCF-7,0,5.0,50.0,False,0.47872856,0,0.27292967,0
ICPREALNMMYIPF,P03372,CRBN,MCF-7,1,0.011,100.0,False,0.50895745,1,0.28888795,0
ICQRDWJIGVISFZ,Q9H8M2,CRBN,HEK293,1,3.0,99.0,False,0.488741,0,0.4055942,0
ICSOCJOBEUEOEV,O60885,CRBN,HEK293T,1,30.0,99.0,False,0.7971682,1,0.6438145,1
IDFDLTKSQGRMMG,Q92793,CRBN,RS4;11,1,1.75,93.0,False,0.74973947,1,0.5791607,1
IDVDIZDCUKZAOV,P03372,CRBN,MCF-7,0,5.0,75.0,False,0.526286,1,0.27959952,0
IEFJIESJXZXMBS,Q92918,CRBN,Jurkat,0,245.47,56.6,False,0.45809042,0,0.47204766,0
IESOKNQYZZGWEK,P03372,CRBN,MCF-7,0,5.0,75.0,False,0.49765268,0,0.27776837,0
IFFJMOZOLVHKAT,P03372,CRBN,MCF-7,0,5.0,50.0,False,0.5294001,1,0.28116485,0
IFGRJEDDLDJVFO,P50750,CRBN,MOLM-13,0,400.0,58.6,False,0.45571956,0,0.3734149,0
IFRRBNGUULWZMN,Q92793,CRBN,VCaP,1,1.2999999999999998,92.5,False,0.86537653,1,0.6052466,1
IGVWCTHYJFXSBS,P62942,CRBN,HEK293T,0,428.0,88.0,False,0.4946557,0,0.34740925,0
IHSNQZPLVFVVMX,P10275,CRBN,LNCaP,1,57.0,85.0,False,0.6281758,1,0.5347766,1
IIMIYRHGPQNUTI,Q92793,CRBN,RS4;11,1,1.7999999999999998,97.0,False,0.74467736,1,0.58162373,1
IIODAHZZCZHBBG,P03372,CRBN,MCF-7,0,5.0,62.5,False,0.5029889,1,0.28222454,0
IIOOLBGMXUJQLM,P11802,CRBN,Jurkat,0,70.05000000000001,79.0,False,0.48653135,0,0.35873857,0
IIUMLDLNPGCAPX,Q07889,VHL,NCI-H358,1,15.7,100.0,False,0.7455302,1,0.44854674,0
IJZXNTIKXSHEIV,P03372,CRBN,MCF-7,0,5.0,50.0,False,0.49701262,0,0.27845332,0
ILDJWQYNDNRRFS,O60885,CRBN,MDA-MB-231,0,184.0,86.0,False,0.7268799,1,0.477031,0
ILVRLRGBSSFKIE,Q92793,CRBN,RS4;11,1,1.3,93.0,False,0.74691623,1,0.6118297,1
IMFZXOQNKSCRDL,P03372,CRBN,MCF-7,0,5.0,75.0,False,0.5361827,1,0.2741705,0
INSWPZLUELYCJL,P01116,CRBN,AsPC-1,0,1000.0,25.0,False,0.50349593,1,0.326978,0
IOXZCFBYXCUJFT,P01116,CRBN,AsPC-1,0,250.0,25.0,False,0.4913204,0,0.3399833,0
IRNLRSRPNWJYIM,P03372,CRBN,MCF-7,0,5.0,75.0,False,0.49397123,0,0.27440116,0
IRRDUSVGQNEVTI,P03372,CRBN,MCF-7,0,5.0,75.0,False,0.53372294,1,0.2939812,0
ISEXZTLVHYGCIH,P01116,CRBN,AsPC-1,0,100.0,70.0,False,0.47631955,0,0.322258,0
ISJULPZNFXWDMM,P09874,CRBN,HCT 116,0,30.0,71.01,False,0.7452701,1,0.45690238,0
ITBYGVDOJZWBJJ,O60885,CRBN,HEK293T,0,1450.0,69.0,False,0.778646,1,0.64477056,1
ITDXUECDKFMKGU,O60885,CRBN,MDA-MB-231,0,239.0,81.0,False,0.73510486,1,0.47686508,0
ITFVEYMZPFOFJY,P01116,CRBN,AsPC-1,0,100.0,70.0,False,0.47385928,0,0.38311633,0
ITPRXUFQAIATQP,P03372,VHL,MCF-7,0,5.0,75.0,False,0.529995,1,0.27836934,0
ITSNPCRTAAEVPC,Q92793,CRBN,RS4;11,0,40.0,58.0,False,0.7564736,1,0.5957661,1
ITSRILWBOAUMKU,P11802,CRBN,Jurkat,1,6.5,98.0,False,0.48924994,0,0.3202528,0
ITZXGDOGIKODRB,Q92918,CRBN,Jurkat,1,29.2,87.0,False,0.45466423,0,0.42073917,0
IVPRENIRIBNJBG,P03372,CRBN,MCF-7,1,0.0277,82.0,False,0.5035922,1,0.2829312,0
IVXQINIZGYXEJQ,P03372,CRBN,MCF-7,0,50.0,50.0,False,0.5418134,1,0.28320548,0
JBXSWHJQZJJXBZ,Q92918,CRBN,Jurkat,0,1751.2,63.6,False,0.45181742,0,0.485449,0
JCHASSLZOGHKHL,P01116,CRBN,AsPC-1,0,1000.0,25.0,False,0.530721,1,0.35609826,0
JDHSDRNQZAVOGP,Q92918,CRBN,Jurkat,0,962.35,63.6,False,0.45624447,0,0.46323714,0
JDYBGBPAMLEXPQ,P03372,CRBN,MCF-7,1,2.0,86.0,False,0.5210882,1,0.27936932,0
JEJOSVAWAGNRAP,P03372,CRBN,MCF-7,0,27.5,62.5,False,0.5271991,1,0.26377085,0
JFSVSFBLGUFRRC,O60885,CRBN,HEK293,1,11.2,99.0,False,0.8003947,1,0.6422006,1
JGLKHXACODUKAA,Q08881,CRBN,Jurkat,1,10.0,85.0,False,0.64664483,1,0.5269447,1
JGXDPWZXCKIGCC,Q92918,CRBN,Jurkat,1,18.7,81.0,False,0.42142537,0,0.42366883,0
JGZZWIGUYGIMSC,P01116,CRBN,AsPC-1,0,100.0,70.0,False,0.4756811,0,0.3225206,0
JHVZXEQESAUISG,Q06187,CRBN,JeKo-1,1,7.4,90.6,False,0.794581,1,0.67686874,1
JHWDFSXFSRGZNA,P09874,CRBN,HCT 116,0,2210.0,58.8,False,0.73257065,1,0.45406947,0
JIAQFYBZFXKVGG,Q92918,CRBN,Jurkat,0,420.1,84.1,False,0.4606537,0,0.43728697,0
JJAOKTCUPOPPCN,P03372,CRBN,MCF-7,0,5.0,50.0,False,0.5467963,1,0.31476343,0
JJTZDEMRCYDOLS,P50750,CRBN,MDA-MB-231,1,9.39,100.0,False,0.41352525,0,0.27486375,0
JJWLIXJPPKOFQJ,Q92793,CRBN,RS4;11,1,0.2,99.0,False,0.7643559,1,0.60828733,1
JKRQXHCPIBZINH,P01116,CRBN,AsPC-1,0,100.0,70.0,False,0.4528316,0,0.38545692,0
JLMFQUVPPKMJDH,P01116,CRBN,AsPC-1,0,100.0,70.0,False,0.47877064,0,0.31440583,0
JLSDHTOSWKIMIP,P01116,CRBN,AsPC-1,0,100.0,70.0,False,0.46833882,0,0.3236712,0
JLTPUUTXJFECDU,P03372,CRBN,MCF-7,1,0.1476,87.0,False,0.50374025,1,0.29060218,0
JNBFRLRAULBTTO,P03372,CRBN,MCF-7,1,0.1675,100.0,False,0.49510026,0,0.28149468,0
JNESGEBHIQTVTD,Q06187,CRBN,Ramos,1,26.87,97.78,False,0.7908582,1,0.6131541,1
JNTVYQDGZFPURZ,P11802,CRBN,Jurkat,0,503.3,68.0,False,0.45469657,0,0.33435044,0
JOAPUHSOSFLPQT,P01116,CRBN,AsPC-1,0,1000.0,25.0,False,0.4885086,0,0.33244798,0
JRGCGYYFOJDXJB,P01116,CRBN,AsPC-1,0,100.0,70.0,False,0.4265077,0,0.3039591,0
JRMRZEZYXIMMJI,Q9H8M2,CRBN,HEK293,1,10.4,99.0,False,0.4957873,0,0.3805789,0
JSRVLXCZJSLCIE,P03372,CRBN,MCF-7,1,0.0341,100.0,False,0.482309,0,0.28667617,0
JSSQQBFOZFHGQK,P01116,CRBN,AsPC-1,0,100.0,70.0,False,0.46896443,0,0.37107375,0
JXHPWXKTNOBJEO,P01116,CRBN,AsPC-1,0,100.0,70.0,False,0.43711603,0,0.37238005,0
JYMXBPOHAJNIQZ,P01116,CRBN,AsPC-1,0,100.0,70.0,False,0.42079306,0,0.30244645,0
JYTKFPGXQWYDJN,P03372,CRBN,MCF-7,0,5.0,75.0,False,0.48949647,0,0.28416714,0
JZSBEVUPYXMLNW,P03372,CRBN,MCF-7,0,5.0,50.0,False,0.5246968,1,0.27616474,0
KBRMZLCZKKMRCU,P03372,CRBN,MCF-7,1,0.03053,100.0,False,0.5174525,1,0.28187972,0
KCISDTKUQMDSAB,P01116,CRBN,AsPC-1,0,1000.0,25.0,False,0.45625708,0,0.32765123,0
KDCYYVAKGGBCRY,Q08881,CRBN,Jurkat,1,62.2,93.0,False,0.6491,1,0.53307766,1
KDTNFRBAMMZQLW,P03372,CRBN,MCF-7,0,5.0,50.0,False,0.5340414,1,0.27346623,0
KGHDNYQIHSSPRB,Q06187,CRBN,Ramos,1,6.3,80.0,False,0.81440324,1,0.6428203,1
KHIURKSPHCFKCV,P01116,VHL,AsPC-1,1,38.06,98.9,False,0.5345318,1,0.3158627,0
KLYSMYCRNSVSBN,P03372,CRBN,MCF-7,0,50.0,50.0,False,0.48025098,0,0.27108985,0
KMHPNLLKJABVEG,P09874,CRBN,HCT 116,0,19090.0,47.71,False,0.74625355,1,0.47470403,0
KMQQCGMHNQZQAT,P03372,CRBN,MCF-7,0,5.0,75.0,False,0.49810615,0,0.27034053,0
KMRPJSGSHASTCU,Q92793,CRBN,VCaP,0,1000.0,50.0,False,0.8748684,1,0.61302835,1
KMYFHJHTJAUVMF,P62942,CRBN,HEK293T,1,48.0,99.0,False,0.49548373,0,0.33655632,0
KNQONRDAELENAD,P03372,CRBN,MCF-7,0,5.0,50.0,False,0.538858,1,0.292086,0
KNZBNFZCBUUGFF,P03372,CRBN,MCF-7,0,5.0,50.0,False,0.5397052,1,0.29018462,0
KNZQLGYCRUKXQY,Q9BY41,CRBN,Jurkat,1,16.7,88.0,False,0.3464881,0,0.24749212,0
KONIXAAENWXDHK,P01116,CRBN,AsPC-1,0,100.0,70.0,False,0.43742514,0,0.303665,0
KQYIIOGMBKKCCZ,P50750,CRBN,MOLM-13,1,60.0,88.3,False,0.43172136,0,0.38118896,0
KRVPZJHWNIRZJA,Q92918,CRBN,Jurkat,0,10000.0,39.4,False,0.45600808,0,0.46670988,0
KVNNMYZARVAXAH,P01116,CRBN,AsPC-1,0,100.0,70.0,False,0.50328064,1,0.31779012,0
KWUVPIGIRSXRLS,P03372,CRBN,MCF-7,1,0.01089,99.0,False,0.49795946,0,0.2906321,0
KXPOIDVWNQGMHV,P03372,CRBN,MCF-7,0,5.0,50.0,False,0.48841158,0,0.2619437,0
KXXLNHXQEBCMQC,P01116,CRBN,AsPC-1,0,1000.0,50.0,False,0.50570136,1,0.33503154,0
KYHAJKMOOZHQFA,P01116,VHL,AsPC-1,0,164.4,99.4,False,0.53390294,1,0.32889155,0
LAECKGLWOSIZEO,O60885,CRBN,MDA-MB-231,0,89.9,78.0,False,0.75212073,1,0.48424053,0
LBOQQOZSFDCXGL,P25440,CRBN,MV4-11,0,50.0,68.0,False,0.7729209,1,0.66324383,1
LDBCCXBMENSDJX,P01116,CRBN,AsPC-1,0,100.0,70.0,False,0.4504011,0,0.39631903,0
LEUWQTQWZRMFBC,Q08881,CRBN,Jurkat,1,5.3,90.0,False,0.6457126,1,0.51546067,1
LFEWLBGYDYYTPV,Q92918,CRBN,Jurkat,0,10000.0,3.4,False,0.4685267,0,0.4438349,0
LFMRXLMXCGNDAP,P10275,CRBN,LNCaP,0,750.0,100.0,False,0.6462812,1,0.58458704,1
LGKKOKNDCIZXCI,P01116,CRBN,AsPC-1,0,100.0,70.0,False,0.5065698,1,0.34701347,0
LGXPQFXPRCMMII,P03372,CRBN,MCF-7,1,0.004332,80.0,False,0.48132214,0,0.26965067,0
LHUVKOFLIPGEIS,O60885,CRBN,HEK293,0,11.2,55.0,False,0.8015318,1,0.6511948,1
LJYDOPFRVGCVNV,P01116,CRBN,AsPC-1,0,100.0,70.0,False,0.45677266,0,0.32516357,0
LKDUBCUGMNXYHO,P01116,CRBN,AsPC-1,0,100.0,70.0,False,0.43972135,0,0.38044068,0
LKXINOXWGXXHRE,P03372,CRBN,MCF-7,0,5.0,75.0,False,0.5345772,1,0.30561137,0
LLALFIRAFOKTLZ,P01116,CRBN,AsPC-1,0,1000.0,25.0,False,0.50094,1,0.3407892,0
LOJMZDCMSCZZAJ,Q08881,CRBN,Jurkat,1,32.7,99.0,False,0.6496546,1,0.52151304,1
LQLPTNNZWVJXTH,P01116,CRBN,AsPC-1,0,1000.0,25.0,False,0.4807935,0,0.33769986,0
LQWQZMSJYZUFKC,P03372,CRBN,MCF-7,0,0.46,63.0,False,0.5262205,1,0.27239606,0
LSIDXOKLOKUYHG,P31749,CRBN,JeKo-1,1,28.0,95.0,False,0.5369419,1,0.52567047,1
LSJSNFCQEAIURY,P01116,CRBN,AsPC-1,0,100.0,70.0,False,0.4503611,0,0.3691665,0
LSWIANBXHYJRMO,P01116,CRBN,AsPC-1,0,100.0,70.0,False,0.4874053,0,0.33570912,0
LVBLFGLDAZXTFH,P01116,CRBN,AsPC-1,0,100.0,70.0,False,0.47403303,0,0.3174843,0
LVIMBRCFLXHKBA,P03372,CRBN,MCF-7,0,5.0,50.0,False,0.49548677,0,0.27544558,0
LVLGGRYQUFHNRI,Q92918,CRBN,Jurkat,0,175.8,63.0,False,0.39973179,0,0.4483626,0
LVPBHZKWLXQHNZ,P03372,CRBN,MCF-7,0,5.0,75.0,False,0.49115384,0,0.26351967,0
LWTDOZDASMNJOK,O60885,CRBN,HEK293T,0,2500.0,10.0,False,0.7710089,1,0.63740015,1
LWYPNYJEUXMBSL,P01116,CRBN,AsPC-1,0,100.0,70.0,False,0.4470093,0,0.3240113,0
LXGXWTBAJXFYLG,Q92918,CRBN,Jurkat,1,4.5,99.0,False,0.4668597,0,0.4501407,0
LXLLREDMOVXLOW,Q9H8M2,CRBN,HEK293,1,44.0,99.0,False,0.47994685,0,0.382915,0
LZOALELKGAAMAJ,P01116,CRBN,AsPC-1,0,100.0,70.0,False,0.45064464,0,0.3894361,0
LZRIFABWFGIEBB,Q92918,CRBN,Jurkat,0,152.5,64.9,False,0.47104225,0,0.46415344,0
MANMYZQCTDYCCS,Q08881,CRBN,Jurkat,1,29.3,90.0,False,0.6532936,1,0.5258124,1
MATWIHXEJKPGER,P01116,VHL,AsPC-1,0,1204.0,89.7,False,0.5218281,1,0.3110741,0
MBDWZXCEYCOJBR,P01116,CRBN,AsPC-1,0,100.0,50.0,False,0.44727325,0,0.31431592,0
MDAOEBYSZBCXNE,P03372,CRBN,MCF-7,0,5.0,75.0,False,0.5269058,1,0.28308383,0
MDGIUACWARAFPO,P01116,CRBN,AsPC-1,0,100.0,70.0,False,0.4361062,0,0.30947873,0
MGCQUHFNXHFJQG,P09874,CRBN,HCT 116,0,230.0,65.07,False,0.73042804,1,0.46200892,0
MHDMODTXRYQRFP,O60885,CRBN,HEK293T,1,37.0,97.0,False,0.7901831,1,0.6464286,1
MIVYMDRKVBLXBB,O60885,CRBN,HEK293T,1,7.0,99.0,False,0.77561086,1,0.6433123,1
MKEPVVNHRYBPIL,P62942,CRBN,HEK293T,1,71.0,95.0,False,0.47915816,0,0.3502303,0
MKKJFNRNDUNJRJ,P03372,CRBN,MCF-7,0,5.0,50.0,False,0.49439868,0,0.28729978,0
MMBLDFRSCIREAD,P01116,CRBN,AsPC-1,0,100.0,70.0,False,0.44355452,0,0.39122128,0
MQKYUGINEQYSTG,Q06187,CRBN,Ramos,0,10000.0,20.0,False,0.8067414,1,0.613479,1
MRSVWDNVFGFAMR,P03372,CRBN,MCF-7,0,50.0,50.0,False,0.48553395,0,0.27738068,0
MRWQDJXZCHOLFL,P03372,CRBN,MCF-7,0,0.04062,79.0,False,0.5233734,1,0.29447678,0
MVDQDTKGGYOLOX,P01116,CRBN,AsPC-1,0,100.0,70.0,False,0.4283543,0,0.29789877,0
MWQUPRSQYJGFTN,P03372,CRBN,MCF-7,1,0.1103,95.0,False,0.48232093,0,0.29408422,0
MWSMACAEJGKVET,P01116,CRBN,AsPC-1,0,100.0,70.0,False,0.44387197,0,0.3226335,0
MWVNDEBEHBRZEC,P11802,VHL,Calu-1,0,10000.0,50.0,False,0.77359056,1,0.29542252,0
MXOOOCRGAZEHDK,P01116,CRBN,AsPC-1,0,100.0,70.0,False,0.42469046,0,0.30167973,0
MXUXZEYSMBBOFM,P03372,CRBN,MCF-7,0,5.0,50.0,False,0.53178203,1,0.27715358,0
MYKZGDSGPTZTPG,Q06187,CRBN,Ramos,1,0.6,94.0,False,0.8082383,1,0.6186549,1
MYMIVXJTHZGTEC,P03372,CRBN,MCF-7,0,5.0,75.0,False,0.49290296,0,0.27283934,0
MYMXYDSTYJHREL,Q92793,CRBN,RS4;11,1,1.2,98.0,False,0.77242225,1,0.5955649,1
MZOWIXBWDNSXQH,Q06187,CRBN,JeKo-1,1,10.1,90.1,False,0.7950533,1,0.67640686,1
NAAXSZGRYKDACY,P01116,CRBN,AsPC-1,0,100.0,70.0,False,0.4424323,0,0.303311,0
NAKXOWLYMFDDNT,O60885,CRBN,HEK293T,0,2500.0,5.0,False,0.77698165,1,0.65120625,1
NCMKTMLIGFFAEK,P03372,CRBN,MCF-7,1,0.01426,99.0,False,0.51999086,1,0.288254,0
NCSCYFMOOULWQC,P10275,CRBN,LNCaP,0,240.5,100.0,False,0.6540352,1,0.57734597,1
NCYQVXBQCGPHHH,P10275,CRBN,VCaP,1,9.7,89.0,False,0.7836497,1,0.56620616,1
NCYUPQGVJKSVOY,P03372,CRBN,MCF-7,0,5.0,50.0,False,0.52036554,1,0.28569558,0
NDAXYDIPJNSMDV,P03372,CRBN,MCF-7,0,5.0,75.0,False,0.4934624,0,0.27577806,0
NEEJYMLVIVQXPL,Q92918,CRBN,Jurkat,0,10000.0,0.1,False,0.46720108,0,0.42873558,0
NEYSWTYJNWOFFS,Q92918,CRBN,Jurkat,0,10000.0,2.8,False,0.4616638,0,0.45532298,0
NFRUWYPJXRXEPI,P10275,CRBN,LNCaP,1,58.0,89.0,False,0.62477845,1,0.5260343,1
NGPPFHHXYKYDIP,Q92918,CRBN,Jurkat,0,10000.0,37.9,False,0.4698409,0,0.44653246,0
NHHRMBVTHWIWGZ,P03372,CRBN,MCF-7,0,5.0,75.0,False,0.4875115,0,0.27020642,0
NHLHDLZOSBADFR,P03372,CRBN,MCF-7,0,5.0,50.0,False,0.48790297,0,0.2764554,0
NILPBQXGPCUEHH,P03372,CRBN,MCF-7,0,5.0,75.0,False,0.51759857,1,0.27842182,0
NIPYTICJQBGJAI,Q92793,CRBN,VCaP,1,0.1,95.0,False,0.86680007,1,0.6482908,1
NJHOIYBUDVLYAV,P11802,CRBN,Jurkat,1,6.8500000000000005,80.5,False,0.4789144,0,0.3326732,0
NJTGZPZPCHOJOW,P03372,CRBN,MCF-7,0,5.0,50.0,False,0.4969248,0,0.27981237,0
NJVSAVJXGPJLDE,Q92793,CRBN,22Rv1,0,21.75,51.0,False,0.70352775,1,0.5199411,1
NKGQYMCHGPQXJX,P01116,CRBN,AsPC-1,0,100.0,50.0,False,0.45887318,0,0.3281785,0
NLYQMKQDTHQZNA,P01116,CRBN,AsPC-1,0,100.0,70.0,False,0.43565667,0,0.29795048,0
NMRMXUQBFDOAQE,P03372,CRBN,MCF-7,0,5.0,75.0,False,0.49739885,0,0.2738972,0
NQJHWPLBMRAMKZ,P10275,CRBN,LNCaP,0,152.0,70.0,False,0.64091015,1,0.53549963,1
NQZCBDOOYGTFSB,Q92918,CRBN,Jurkat,1,8.8,94.0,False,0.4248028,0,0.43284145,0
NRQMHOGVAHDTNW,P11802,CRBN,Jurkat,0,85.7,75.5,False,0.48151794,0,0.31917867,0
NSWZQYGDWCUSDT,P36888,CRBN,MV4-11,1,0.98,85.0,False,0.5532978,1,0.41274557,0
NTQJGRSBLNKGCI,P03372,CRBN,MCF-7,1,0.3366,99.0,False,0.49521807,0,0.30773,0
NTVMEUBMJYIENK,P03372,CRBN,MCF-7,0,5.0,75.0,False,0.51895386,1,0.28205645,0
NVHSNLNBJJUEKA,Q92918,CRBN,Jurkat,0,10000.0,24.2,False,0.45127463,0,0.4904282,0
NWWWDNZGRPDSDL,P03372,CRBN,MCF-7,0,5.0,50.0,False,0.5042527,1,0.2791009,0
NXGWHYURBOETHV,P01116,CRBN,AsPC-1,0,100.0,70.0,False,0.4437836,0,0.38355646,0
NXLULRXSAHUXOB,P09874,CRBN,HCT 116,0,20000.0,37.38,False,0.7428286,1,0.4540535,0
NZSZKOBISRPHGJ,P09874,CRBN,HCT 116,0,20000.0,49.13,False,0.7534875,1,0.45465222,0
OAIBMPRSTYMFMF,P01116,CRBN,AsPC-1,0,100.0,70.0,False,0.49157336,0,0.3094239,0
OATWWBXLNLYERD,P01116,CRBN,AsPC-1,0,100.0,70.0,False,0.4199617,0,0.30210593,0
OCJIBLJOIYJPJB,Q92918,CRBN,Jurkat,1,52.3,87.0,False,0.42509523,0,0.46243763,0
OCRZEXONTRGXJJ,P25440,CRBN,MV4-11,1,0.5,98.0,False,0.7912443,1,0.59147525,1
ODACRUNFSNEWFN,P11802,CRBN,MDA-MB-231,0,7250.0,86.0,False,0.51946115,1,0.28826717,0
ODHSIRLCFHBSLV,P01116,CRBN,AsPC-1,0,1000.0,25.0,False,0.48644128,0,0.3490686,0
OEIXGQBXJRCKDG,P03372,CRBN,MCF-7,0,5.0,75.0,False,0.5385758,1,0.292258,0
OERSBDGKBSIAJF,Q9H8M2,CRBN,HEK293,0,316.0,90.0,False,0.48268056,0,0.38746288,0
OFPHWAPEMHBKER,P03372,CRBN,MCF-7,1,0.242,100.0,False,0.53304535,1,0.2775745,0
OFTNTQSCIASIHA,P03372,CRBN,MCF-7,0,5.0,50.0,False,0.5282448,1,0.29054362,0
OGJBCMCUTMQDMB,P03372,CRBN,MCF-7,0,5.0,62.5,False,0.4908738,0,0.27692607,0
OGNHAQXAAGMVOV,Q92793,CRBN,RS4;11,1,0.15,99.0,False,0.7385803,1,0.58915997,1
OHGZHFFSUIAVDY,Q9BY41,CRBN,MDA-MB-231,1,71.5,81.0,False,0.32094547,0,0.22225678,0
OHIMCHRTVXJRBB,P03372,CRBN,MCF-7,1,3.8,95.0,False,0.4965347,0,0.27987757,0
OIAWLANZAYGDNS,P03372,CRBN,MCF-7,1,2.2,82.0,False,0.4943495,0,0.27634344,0
OINUZLXAXNXVIL,P50750,CRBN,MDA-MB-231,1,9.4,92.0,False,0.42361355,0,0.28288868,0
OJBZGRZGVKAUHH,O60885,CRBN,HEK293,1,1.8,97.0,False,0.794638,1,0.64559317,1
OJCRNHCUTYXXFI,P25440,CRBN,MV4-11,1,0.3,99.0,False,0.8036925,1,0.62663734,1
OJCYPKZNPSJLGY,P61964,VHL,MIA PaCa-2,0,92.0,73.0,False,0.7530091,1,0.4123088,0
OJXFDZCWWVPDCJ,P03372,CRBN,MCF-7,1,0.03616,100.0,False,0.4842961,0,0.2878789,0
OKISKGIPUPRZPL,O60885,CRBN,HEK293,1,0.7,92.0,False,0.7939334,1,0.6468304,1
OKRRHPIDAMUVAH,P03372,CRBN,MCF-7,0,5.0,75.0,False,0.48990735,0,0.2745386,0
OLQGJEKFCQYJGY,P01116,CRBN,AsPC-1,0,625.0,37.5,False,0.49930516,0,0.34526744,0
OMWIEQMSNUNYBD,Q92918,CRBN,Jurkat,0,1.2,77.0,False,0.41219592,0,0.453936,0
ORODRCQOJBOESI,P01116,CRBN,AsPC-1,0,1000.0,25.0,False,0.4917525,0,0.32751492,0
ORQXPOXNHTUDRV,P03372,CRBN,MCF-7,0,5.0,50.0,False,0.5244327,1,0.28614998,0
ORVYEANVNNIAHS,P01116,CRBN,AsPC-1,0,100.0,70.0,False,0.4383051,0,0.302762,0
OTSHWHJFGTVNLE,Q92793,CRBN,VCaP,1,0.8500000000000001,95.0,False,0.8551636,1,0.61949325,1
OTSSTAHPCHKQON,P01116,CRBN,AsPC-1,0,100.0,70.0,False,0.42534387,0,0.30649534,0
OTXXCMPBTUDXFD,P01116,CRBN,AsPC-1,0,1000.0,25.0,False,0.5018068,1,0.33337268,0
OTYHKDKIGWZRJK,P01116,CRBN,AsPC-1,0,250.0,25.0,False,0.50068253,1,0.32996762,0
OUDYLACOAFCTIP,P01116,CRBN,AsPC-1,0,1000.0,25.0,False,0.45112467,0,0.31114718,0
OUNSSLRXSNJYSI,P01116,CRBN,AsPC-1,0,100.0,50.0,False,0.4451007,0,0.31882474,0
OVACPFPSPXWFLM,P03372,CRBN,MCF-7,1,0.1563,81.0,False,0.5258941,1,0.28967056,0
OVGJMQWPRUXZPK,Q9BY41,CRBN,MDA-MB-231,0,932.5,77.0,False,0.33254215,0,0.22388013,0
OVOIYEZHVNDSLA,P01116,CRBN,AsPC-1,0,100.0,70.0,False,0.47168025,0,0.31243363,0
OVVOKNDEXPUPTI,P09874,CRBN,HCT 116,0,20000.0,35.64,False,0.71450806,1,0.45535073,0
OVWXKQZGDSFJOC,P03372,CRBN,MCF-7,0,5.0,75.0,False,0.50027114,1,0.2781035,0
OXFQPPOCQDYRAV,P01116,CRBN,AsPC-1,0,100.0,70.0,False,0.44976225,0,0.322619,0
OXMDHNVNCICBMC,P03372,CRBN,MCF-7,1,0.02906,100.0,False,0.50020283,1,0.2868999,0
OXSROSNYZRSDCK,P01116,CRBN,AsPC-1,0,100.0,70.0,False,0.4467542,0,0.30419198,0
PAWOGRZAWHCVSV,P01116,CRBN,AsPC-1,0,1000.0,50.0,False,0.4586078,0,0.31825924,0
PBTGIUQPZXMJTR,P03372,CRBN,MCF-7,0,5.0,50.0,False,0.5419679,1,0.2820206,0
PDVZCOAUEHSQQC,P03372,CRBN,MCF-7,0,5.0,50.0,False,0.53121084,1,0.27074036,0
PEAGECFNJYDLLW,Q92793,CRBN,VCaP,1,0.75,95.0,False,0.87042046,1,0.6268682,1
PFCHJOXUKMTDHP,Q9H8M2,CRBN,MV4-11,1,1.02,99.15,False,0.5608,1,0.3442398,0
PGHMFOZLKKQWSX,P03372,CRBN,MCF-7,0,5.0,75.0,False,0.49886164,0,0.2813972,0
PHIUSMLTSNYPMF,P01116,CRBN,AsPC-1,0,1000.0,50.0,False,0.43471375,0,0.36622384,0
PIYZBTHQTSAJKU,Q9H8M2,CRBN,HEK293,0,142.0,98.0,False,0.47842875,0,0.38420594,0
PJHVSTSZQYMHGP,P01116,CRBN,AsPC-1,0,100.0,70.0,False,0.50334543,1,0.33046904,0
PJLUKTVSGYDGFZ,P11802,CRBN,Jurkat,0,6.0,61.5,False,0.46999124,0,0.33473435,0
PLVCAPPHMNXCHP,O60885,CRBN,MDA-MB-231,1,62.0,86.0,False,0.7388415,1,0.46868864,0
PMBMQOVLVVBPTC,P03372,CRBN,MCF-7,1,0.01,80.0,False,0.5020325,1,0.27712157,0
PMDIVNUEOYATPM,P01116,CRBN,AsPC-1,0,100.0,70.0,False,0.49717364,0,0.35065153,0
PNWGYQMPMUBHKY,P01116,CRBN,AsPC-1,0,175.0,25.0,False,0.4615396,0,0.31701508,0
POXZOWOTXHTNSH,P01116,CRBN,AsPC-1,0,1000.0,50.0,False,0.50381607,1,0.3341781,0
POZBIGMNEGXRFC,Q08881,CRBN,Jurkat,1,15.6,97.0,False,0.6552326,1,0.5667832,1
PPPZVVWSEZFVBZ,P03372,CRBN,MCF-7,0,5.0,50.0,False,0.52943474,1,0.28282514,0
PPUSAEJBRXVVKZ,P01116,CRBN,AsPC-1,0,1000.0,25.0,False,0.49352512,0,0.3342801,0
PQQGCNZLBIIDDI,P03372,CRBN,MCF-7,0,5.0,50.0,False,0.49563146,0,0.2737482,0
PQRCPBJSMMSCBI,P01116,CRBN,AsPC-1,0,100.0,70.0,False,0.47332016,0,0.3333987,0
PUTPSSPEPURXTK,P10275,CRBN,VCaP,0,3000.0,76.0,False,0.77585953,1,0.56507856,1
PUVDCJWCLMFLHZ,P01116,CRBN,AsPC-1,0,100.0,70.0,False,0.4400151,0,0.3072699,0
PWBNVQLKNYZDJQ,Q9H8M2,CRBN,HEK293,0,200.0,65.0,False,0.478987,0,0.3695253,0
PWNYKQCRIFCRCD,P10275,CRBN,LNCaP,0,96.0,79.5,False,0.63372684,1,0.5383181,1
PWVHWGSXBYTNNZ,P10636,CRBN,HEK293T,0,2830.0,69.5,False,0.60284525,1,0.5967508,1
PXSDAZJQYGWALJ,P03372,CRBN,MCF-7,0,5.0,75.0,False,0.48358583,0,0.27207813,0
PYPDOMGHATYECY,P03372,CRBN,MCF-7,1,0.2025,95.0,False,0.5337863,1,0.29384992,0
PZPKILODOQBDJL,P09874,CRBN,HCT 116,0,20000.0,29.8,False,0.75586635,1,0.47434816,0
QAYGTSODSZAYMT,Q9H8M2,CRBN,HEK293,0,334.0,95.0,False,0.4751977,0,0.36497006,0
QBPVFCNYKUENHU,Q06187,CRBN,Mino,1,0.9,99.0,False,0.86820173,1,0.6749125,1
QDDOWIHGTHXPAO,Q06187,CRBN,Ramos,1,32.0,88.0,False,0.7876973,1,0.622033,1
QDSNNDLGROCHIL,P01116,CRBN,AsPC-1,0,250.0,25.0,False,0.50900084,1,0.3352569,0
QDXCQBASXZMFNI,P03372,CRBN,MCF-7,1,5.9,98.0,False,0.4961462,0,0.26931068,0
QEAZTXPVJXACME,P03372,CRBN,MCF-7,0,5.0,50.0,False,0.5373315,1,0.27081397,0
QEXIHSMROQCLDO,Q08881,CRBN,Jurkat,1,3.6,95.0,False,0.65504664,1,0.5611047,1
QFAGXASUTPYERB,P03372,CRBN,MCF-7,0,5.0,75.0,False,0.4880303,0,0.27885425,0
QIAXHNNLLUKQIW,P01116,CRBN,AsPC-1,0,1000.0,50.0,False,0.44758245,0,0.30871543,0
QIPGOEGKZBZDSR,P03372,CRBN,MCF-7,0,5.0,50.0,False,0.49488464,0,0.27354005,0
QJFDDWLFGZVIOI,P01116,VHL,AsPC-1,0,115.9,99.5,False,0.53069425,1,0.32750845,0
QJUZMTXSMNIGLI,P01116,CRBN,AsPC-1,0,100.0,70.0,False,0.4403083,0,0.31212738,0
QLJXYDKDYITFAR,P01116,CRBN,AsPC-1,0,100.0,70.0,False,0.43105933,0,0.31680682,0
QLUWOJLIKKXRKQ,P11802,CRBN,Jurkat,0,1000.0,27.0,False,0.48075148,0,0.3093969,0
QPRQPIWFTUXRNS,P01116,CRBN,AsPC-1,0,100.0,70.0,False,0.44795486,0,0.39098084,0
QQFSCJZOMFNPPP,Q92793,CRBN,VCaP,1,1.35,95.0,False,0.87089556,1,0.633868,1
QQPXYSFVJPHTQL,P01116,CRBN,AsPC-1,0,1000.0,25.0,False,0.50409776,1,0.32783797,0
QQVCUSPUMMUFTD,P51531,VHL,SW1573,1,0.5695,94.0,False,0.8155759,1,0.6015546,1
QRDAFZSXMRLYMW,P03372,CRBN,MCF-7,0,5.0,75.0,False,0.52614343,1,0.2908316,0
QRFXQQHVWUEKNV,P03372,CRBN,MCF-7,0,5.0,75.0,False,0.48476171,0,0.27361473,0
QSCOJWKWSHBBPQ,Q06187,CRBN,Ramos,1,46.1,95.01,False,0.79705524,1,0.65241617,1
QSDRZGJBNUYGJE,Q9BY41,CRBN,HCT 116,0,876.0,91.0,False,0.39642963,0,0.22803247,0
QTODIHOPRSJNDC,P03372,CRBN,MCF-7,0,5.0,50.0,False,0.49541625,0,0.26998588,0
QVKJJUGUFZBXRO,O15379,VHL,THP-1,1,37.8,92.0,False,0.3371301,0,0.23341994,0
QVMGVUJASAUIKH,P03372,CRBN,MCF-7,0,27.5,50.0,False,0.48540375,0,0.2727205,0
QWGRMVRMZJRYBH,P10275,CRBN,VCaP,0,92.0,78.0,False,0.78050154,1,0.5780888,1
QWNMCBPHDWHBTF,Q92918,CRBN,Jurkat,0,99.2,56.1,False,0.4663683,0,0.46110317,0
QYKZIZGHSUMTGL,P29597,VHL,Jurkat,0,559.0,67.0,False,0.637393,1,0.4737455,0
QYPLIYFTVMBVHQ,P03372,CRBN,MCF-7,0,5.0,50.0,False,0.5235931,1,0.27398714,0
RAOXBNPYHDCZKU,Q92918,CRBN,Jurkat,0,10000.0,6.7,False,0.4522835,0,0.48279667,0
RAPZFEJMNCDSTP,P36888,CRBN,MV4-11,1,1.26,86.8,False,0.5531427,1,0.43637535,0
RDAPZEZHBZNLOS,Q92918,CRBN,Jurkat,0,5.3,78.0,False,0.41436037,0,0.43702734,0
RDNNHBLTMLFALM,P03372,CRBN,MCF-7,0,5.0,50.0,False,0.53952104,1,0.2993616,0
REJKZXHAWJVIKO,Q92918,CRBN,Jurkat,0,28.2,68.3,False,0.4695878,0,0.45684895,0
REYNDCVRJYVBPR,P01116,CRBN,AsPC-1,0,100.0,50.0,False,0.44453967,0,0.31653357,0
RFPSRLABGOTEDB,P03372,CRBN,MCF-7,0,5.0,50.0,False,0.5270372,1,0.28449288,0
RFWQGGOBVSJKDT,P50750,CRBN,MOLM-13,1,70.0,86.2,False,0.4401261,0,0.38540366,0
RGDGMHSGXOTRFZ,O60885,CRBN,HEK293T,0,2500.0,38.0,False,0.7840012,1,0.6396323,1
RGLGQQQLWMBODI,P03372,CRBN,MCF-7,0,5.0,50.0,False,0.5151201,1,0.2878411,0
RGTZCSFQBVIJHW,O60885,CRBN,MV4-11,1,0.022,97.0,False,0.8008717,1,0.6243367,1
RHDMRLFWOOTRKS,P03372,CRBN,MCF-7,1,4.7,99.0,False,0.4919213,0,0.2757478,0
RHXBARXCYBZWQY,Q92918,CRBN,Jurkat,1,29.0,84.0,False,0.4134518,0,0.43329898,0
RIBCWKRMNKOGRN,P62942,CRBN,HEK293T,1,32.0,99.0,False,0.5030002,1,0.38293576,0
RJTSFAFABFEXTC,P01116,CRBN,AsPC-1,0,100.0,70.0,False,0.43240288,0,0.38305986,0
RMDRYDCBCVLBLF,P01116,CRBN,AsPC-1,0,100.0,50.0,False,0.44103548,0,0.308995,0
RMEBYOQHBJEARV,Q06187,CRBN,TMD8,1,4.3,94.0,False,0.8812747,1,0.6726205,1
RMMAOICBFXEKSR,P11802,CRBN,Jurkat,0,238.7,76.0,False,0.47759056,0,0.33579636,0
RMVFNVOJYTXBGY,P62942,CRBN,HEK293T,1,94.0,98.0,False,0.49386516,0,0.3450067,0
RNLVTYXNXURXNA,Q9H8M2,CRBN,HEK293,0,219.0,85.0,False,0.4872268,0,0.3814465,0
RPCZNZTUMZLFLM,P03372,CRBN,MCF-7,1,0.06,100.0,False,0.5301462,1,0.27400112,0
RRKHTBLDFNFWBG,Q06187,CRBN,Ramos,1,0.75,94.0,False,0.8057099,1,0.6309687,1
RSIUYCUBMQDZLI,Q08881,CRBN,Jurkat,1,94.1,93.0,False,0.65764886,1,0.5606105,1
RSRHCKOLDVWOMV,P01116,CRBN,AsPC-1,0,100.0,70.0,False,0.49429742,0,0.32522976,0
RTXWNLFXLDMWMW,P01116,CRBN,AsPC-1,0,250.0,25.0,False,0.48315296,0,0.35268041,0
RUICZTHQOJHZJD,P03372,CRBN,MCF-7,0,5.0,75.0,False,0.48518667,0,0.2762221,0
RVOJNJLWNBVPOR,P36888,CRBN,MV4-11,1,0.64,94.8,False,0.5516827,1,0.43570158,0
RVPIPKQWWAAQIK,P03372,CRBN,MCF-7,0,50.0,50.0,False,0.49909043,0,0.27119428,0
RVWBTXSGZFJYEH,P50750,CRBN,MOLM-13,0,950.0,68.5,False,0.44636407,0,0.40016088,0
RVYUHHWSAXOCDU,Q06187,CRBN,TMD8,1,0.8,97.0,False,0.87225056,1,0.66726905,1
RWHALQYVRUPHFK,P01116,CRBN,AsPC-1,0,100.0,70.0,False,0.44364986,0,0.31758568,0
RWZUENRHOXLKRD,P50750,CRBN,MOLM-13,0,70.0,79.1,False,0.4686967,0,0.39969388,0
RXBULKVYMPTZLG,O60885,CRBN,HEK293T,1,82.0,98.0,False,0.7780109,1,0.63352823,1
RYTCYGKCRMOACE,P01116,CRBN,AsPC-1,0,100.0,70.0,False,0.42238167,0,0.30901253,0
RYXWEURGJSYECJ,P03372,CRBN,MCF-7,0,5.0,50.0,False,0.53894037,1,0.29656482,0
RYYXXDIANYNUAB,Q92793,CRBN,22Rv1,0,108.0,62.5,False,0.7178485,1,0.533299,1
RZWSJHUMBKJCQC,P03372,CRBN,MCF-7,1,0.01845,100.0,False,0.48802605,0,0.28708777,0
SDVXVVRZUBGBIP,P03372,CRBN,MCF-7,1,0.0419,100.0,False,0.49011612,0,0.28793314,0
SDWUURRMSCHVOR,O60885,CRBN,MDA-MB-231,1,60.0,94.0,False,0.7341384,1,0.47689167,0
SEIYSBOQHBULFI,P03372,CRBN,MCF-7,0,5.0,50.0,False,0.47987056,0,0.2695199,0
SENCERWTVQUVEP,P03372,CRBN,MCF-7,0,5.0,50.0,False,0.5371065,1,0.2830814,0
SEPZFBBSIBKESI,Q08881,CRBN,Jurkat,0,352.6,75.0,False,0.6431806,1,0.5371616,1
SFAZMJOUZPQYHW,Q9BY41,CRBN,MDA-MB-231,0,616.5,75.5,False,0.32725134,0,0.22248854,0
SFOKKIBXAXDNRS,Q92918,CRBN,Jurkat,0,7.2,78.0,False,0.45121577,0,0.45924616,0
SGAIHYROHDVCQP,P01116,CRBN,AsPC-1,0,1000.0,50.0,False,0.44925046,0,0.306697,0
SGUKLZBZSKIVPN,Q08881,CRBN,Jurkat,1,32.7,95.0,False,0.64084035,1,0.52724934,1
SHAMJIRSIDFELO,P01116,CRBN,AsPC-1,0,100.0,70.0,False,0.42314768,0,0.2960789,0
SHFVBIUYQVOCJQ,Q92918,CRBN,Jurkat,0,10000.0,42.6,False,0.46108818,0,0.46832117,0
SHUBDEMMLLDYQT,Q92793,CRBN,VCaP,1,13.0,84.5,False,0.8593736,1,0.60580206,1
SKYVEYPEIVTKRF,P40337,VHL,HEK293,1,35.0,98.0,False,0.56668663,1,0.53494024,1
SLDAFIDROUHPMA,P01116,CRBN,AsPC-1,0,100.0,70.0,False,0.48471943,0,0.3213069,0
SLPWRCRRHVRNRM,O60885,VHL,MCF-7,0,31.23,77.47,False,0.8147948,1,0.46754968,0
SLXOQKCZCGWOCQ,P01116,CRBN,AsPC-1,0,100.0,70.0,False,0.43515947,0,0.3191603,0
SMHVFMFQPBBUHA,P03372,CRBN,MCF-7,0,5.0,75.0,False,0.5030289,1,0.2918201,0
SNFHOQNUKDBRTG,P01116,CRBN,AsPC-1,0,100.0,70.0,False,0.44744107,0,0.31402186,0
SNJZSKLBOABMIB,P01116,CRBN,AsPC-1,0,100.0,50.0,False,0.5065647,1,0.36753616,0
SNZNXOBIZPAUMI,P03372,CRBN,MCF-7,0,5.0,50.0,False,0.52786666,1,0.27723348,0
SPNPKWMYQVSWMP,P03372,CRBN,MCF-7,1,0.4206,100.0,False,0.4850068,0,0.27837658,0
SPOKXBBLGTXPAP,P01116,CRBN,AsPC-1,0,100.0,70.0,False,0.43957007,0,0.31299374,0
SQUXSHGWVMZWGG,P01116,VHL,AsPC-1,0,165.0,89.3,False,0.5328023,1,0.31795183,0
SRLZRPSMOFUVHL,P01116,CRBN,AsPC-1,0,100.0,70.0,False,0.49072585,0,0.33523497,0
SRUVBNFPTDBESG,P50750,CRBN,MOLM-13,1,30.0,91.6,False,0.43717694,0,0.38081923,0
SSOKRQHDQUGNMI,P01116,CRBN,AsPC-1,0,100.0,70.0,False,0.4327015,0,0.30644646,0
STBAQMSNPQNEBZ,P61964,CRBN,MV4-11,0,42.0,77.0,False,0.5925793,1,0.36659566,0
STPDFUQEUGSSGJ,O60885,CRBN,HEK293T,0,228.0,94.0,False,0.794653,1,0.63689446,1
STQLATQFUCKOTB,P01116,CRBN,AsPC-1,0,100.0,70.0,False,0.43289244,0,0.3115929,0
SVKZUEZCCKLNIM,Q9H8M2,CRBN,MV4-11,1,0.016,97.0,False,0.5520178,1,0.33257803,0
SVRBHTWHQQHKEZ,P03372,CRBN,MCF-7,0,50.0,50.0,False,0.5220786,1,0.30224702,0
SXZKGSBCJAOABL,P10275,CRBN,VCaP,0,25.0,53.0,False,0.7768027,1,0.5780197,1
SZONFWWCHSLCFP,P01116,CRBN,AsPC-1,0,100.0,70.0,False,0.45133153,0,0.3906372,0
TUUWHNYEHKKJLJ,Q06187,CRBN,Ramos,1,4.3,89.0,False,0.8014175,1,0.63107646,1
TVMXJIGSIBLAGJ,Q92793,CRBN,VCaP,1,1.2000000000000002,95.0,False,0.8767924,1,0.6202627,1
TWAGGTXQMAYEOO,P01116,CRBN,AsPC-1,0,1000.0,25.0,False,0.45289567,0,0.29673353,0
TWOFAZAACVAICW,P03372,CRBN,MCF-7,0,5.0,50.0,False,0.523444,1,0.28182748,0
TWOJJPDVUSFLLS,P01116,CRBN,AsPC-1,0,100.0,70.0,False,0.45170704,0,0.33385837,0
TXNMTSWVZKOGFM,Q08881,CRBN,Jurkat,0,142.0,90.0,False,0.65462756,1,0.5209303,1
UBVYEIBZPNMNKR,P03372,CRBN,MCF-7,0,5.0,50.0,False,0.52509373,1,0.2758755,0
UDDNXWUXCJGKNU,Q92793,CRBN,VCaP,1,1.2,94.0,False,0.8720644,1,0.6684347,1
UEGYINBUVRLJOR,P01116,CRBN,AsPC-1,0,100.0,70.0,False,0.45595995,0,0.32703447,0
UFYIMECIJKGAMU,P01116,CRBN,AsPC-1,0,100.0,70.0,False,0.42997718,0,0.29983637,0
UHDFIAWELQMFHN,P03372,CRBN,MCF-7,0,5.0,50.0,False,0.4969535,0,0.2715443,0
UIDIHKOIENLISM,P03372,CRBN,MCF-7,0,0.1,56.0,False,0.49749312,0,0.26945725,0
UIHTYCUVTLDXKB,P01116,CRBN,AsPC-1,0,100.0,70.0,False,0.4664143,0,0.34413886,0
UIURKLRUDKJYNZ,P03372,CRBN,MCF-7,1,0.1161,89.0,False,0.5010865,1,0.2824742,0
UJJUIGOBDCVXPK,P01116,CRBN,AsPC-1,0,100.0,70.0,False,0.49826118,0,0.32763168,0
UJUPYASGRVZCKP,P50750,CRBN,MOLM-13,0,60.0,78.0,False,0.43711782,0,0.39173114,0
UJVKDCMDMYRGBD,Q92793,CRBN,22Rv1,0,33.05,71.0,False,0.7196095,1,0.56723976,1
UKGSYSRFJNUWOD,Q92918,CRBN,Jurkat,0,10000.0,30.1,False,0.45182526,0,0.49329147,0
UKRCYNJTZLLRJJ,P01116,VHL,AsPC-1,0,133.8,85.1,False,0.52242947,1,0.32018027,0
UKWUFBDMSBMUEO,Q92918,CRBN,Jurkat,0,245.5,56.6,False,0.46519437,0,0.4819239,0
UKYOBTPNHRPOON,P03372,CRBN,MCF-7,1,67.0,90.0,False,0.50813437,1,0.25500834,0
UMTQIEZQMKUPMO,P03372,CRBN,MCF-7,0,5.0,75.0,False,0.5329845,1,0.29712418,0
UNWPIZFKSBHBSV,Q06187,CRBN,TMD8,1,0.25,96.0,False,0.84944004,1,0.6363552,1
UOMVLLWXQVPAPT,P03372,CRBN,MCF-7,1,4.9,86.0,False,0.49980116,0,0.28946182,0
UPIBNOLFMMNBCB,P03372,CRBN,MCF-7,1,0.193,99.0,False,0.501791,1,0.2791576,0
UPYUCZKNJVKYQR,P03372,CRBN,MCF-7,1,1.1,92.0,False,0.48344994,0,0.26193777,0
USTJNUZXLICUHG,P10275,CRBN,LNCaP,1,15.0,94.0,False,0.640181,1,0.5251796,1
UUGAXXIBAJSGLG,P03372,CRBN,MCF-7,1,0.07,100.0,False,0.5074833,1,0.28394026,0
UWJLAZKYKPQXDR,P03372,CRBN,MCF-7,0,5.0,50.0,False,0.4876715,0,0.2628754,0
UXVDWFPWZZBVNL,P00533,VHL,HCC827,0,204.34,96.0,False,0.65815765,1,0.5732539,1
UYQSFCRTUJKQHR,P01116,CRBN,AsPC-1,0,100.0,70.0,False,0.49967122,0,0.31837615,0
UYRXXCNFMFNUCD,P01116,CRBN,AsPC-1,0,100.0,70.0,False,0.4940211,0,0.32229587,0
UZRZWUYKTDBEPJ,P03372,CRBN,MCF-7,0,5.0,50.0,False,0.5307029,1,0.26856783,0
VAAGRGATPAEEPQ,P03372,CRBN,MCF-7,0,5.0,50.0,False,0.5270792,1,0.28272906,0
VAIDIUXXWDFKON,P01116,CRBN,AsPC-1,0,100.0,70.0,False,0.44830275,0,0.31836742,0
VBMKCGVNGRQNJV,Q08881,CRBN,Jurkat,1,5.5,93.0,False,0.64864826,1,0.52438295,1
VCOSWEBKUXOFPA,Q8TBX8,VHL,MOLT-4,0,107.0,70.0,False,0.55792373,1,0.37704468,0
VCTKTOYXUCNDHN,P01116,CRBN,AsPC-1,0,100.0,70.0,False,0.46270958,0,0.3692124,0
VCUCDKXHGHFYTG,P40337,VHL,HEK293,1,31.5,80.0,False,0.5702998,1,0.5231056,1
VDWZBRQJPDYIPL,P01116,CRBN,AsPC-1,0,100.0,70.0,False,0.46920392,0,0.3064284,0
VEXHWRJKHDYBDL,P01116,CRBN,AsPC-1,0,100.0,70.0,False,0.49716106,0,0.32053337,0
VFVIXZOYLFQEFB,Q92918,CRBN,Jurkat,0,616.2,53.0,False,0.41112956,0,0.46329924,0
VHAQFGGOEALDLG,O60885,CRBN,HEK293T,0,180.0,97.0,False,0.7827821,1,0.6427748,1
VHZFOSLAXPXGEN,Q9H8M2,CRBN,HEK293,0,168.0,99.0,False,0.47521067,0,0.3596412,0
VITPUOAMPGBJPT,Q92918,CRBN,Jurkat,0,10000.0,22.3,False,0.46081272,0,0.45778084,0
VJBTZFUBOYQFGT,Q06187,CRBN,Mino,1,5.84,96.0,False,0.8768442,1,0.6922626,1
VJOZHCXLOSNDQR,P01116,CRBN,AsPC-1,0,100.0,70.0,False,0.44544756,0,0.37716404,0
VKFATBOBTAEKQC,Q9H8M2,CRBN,HEK293,0,117.0,99.0,False,0.48495814,0,0.38235614,0
VKZQGYKMSJMEIB,P03372,CRBN,MCF-7,0,5.0,75.0,False,0.49740148,0,0.2860806,0
VLNFMLOAARXOIU,Q9H8M2,CRBN,HEK293,1,4.4,99.0,False,0.47861555,0,0.3704927,0
VOBNMPSGPBDLFJ,P03372,CRBN,MCF-7,0,5.0,50.0,False,0.5137327,1,0.27766415,0
VOHRGIXPJZQORO,P10275,CRBN,VCaP,0,51.0,51.0,False,0.7834053,1,0.58456105,1
VQDMELMTAYEQQK,P09874,CRBN,HCT 116,0,500.0,83.57,False,0.7098789,1,0.46496424,0
VQVZAQCNYUSBIJ,Q92793,CRBN,RS4;11,0,1.05,73.5,False,0.75806576,1,0.5752906,1
VRIFSIGVKYUINW,P01116,CRBN,AsPC-1,0,1000.0,25.0,False,0.49247333,0,0.33638558,0
VRMPXKBZOXAAOA,P01116,CRBN,AsPC-1,0,1000.0,25.0,False,0.5024173,1,0.3288058,0
VTQDDHGFBOZGOU,Q06187,CRBN,Ramos,0,50.0,79.0,False,0.7693704,1,0.60525715,1
VUGUNNWXJMBUFV,P01116,CRBN,AsPC-1,0,100.0,70.0,False,0.4688858,0,0.32011405,0
VUUHHNWFNGGVNN,P50750,CRBN,MOLM-13,0,100.0,70.1,False,0.42569026,0,0.38034663,0
VUUVFBLMCDLJPY,P01116,CRBN,AsPC-1,0,100.0,25.0,False,0.47761378,0,0.3331459,0
VWELFQOMWDAJDG,Q06187,CRBN,JeKo-1,1,8.8,94.1,False,0.7980489,1,0.6808882,1
VYOVFSMWNUHZTO,P01116,CRBN,AsPC-1,0,100.0,70.0,False,0.45744845,0,0.30325043,0
VYWPIENJSRHBGS,P09874,CRBN,HCT 116,0,20000.0,37.28,False,0.73945427,1,0.4528452,0
VYYGKORDPITVLF,P03372,CRBN,MCF-7,0,5.0,50.0,False,0.5135434,1,0.28482345,0
VZFLGBAUHUFQIW,Q9H8M2,CRBN,HEK293,1,62.0,99.0,False,0.49012414,0,0.38786122,0
VZVNRZMYYBZOEH,Q92793,CRBN,22Rv1,0,81.75,54.5,False,0.6778539,1,0.4938673,0
WBFUHQGQDBHUHR,P03372,CRBN,MCF-7,0,5.0,62.5,False,0.5244934,1,0.27466154,0
WBIMQWZSRFMWEW,P01116,CRBN,AsPC-1,0,100.0,70.0,False,0.44132864,0,0.30581224,0
WBIVQSOBWUMMPM,P01116,CRBN,AsPC-1,0,1000.0,25.0,False,0.44796136,0,0.31133297,0
WBYWTMBEFZPCDI,Q92793,CRBN,RS4;11,1,0.15,99.0,False,0.75632566,1,0.6021828,1
WDAIGOZXKMXZKM,P03372,CRBN,MCF-7,0,5.0,50.0,False,0.49637738,0,0.27156648,0
WDLZHYCTSMXJHB,P01116,CRBN,AsPC-1,0,100.0,70.0,False,0.41626766,0,0.31156263,0
WECSQMYJFLXZBV,P03372,CRBN,MCF-7,0,5.0,50.0,False,0.54133654,1,0.28607994,0
WEVHKLUDFWCWDR,P03372,CRBN,MCF-7,0,5.0,50.0,False,0.48128724,0,0.27281693,0
WFDYOAWNEOGIPM,Q06187,CRBN,TMD8,1,0.85,94.5,False,0.87010884,1,0.6608371,1
WGGPAPYRIGTXOE,Q92918,CRBN,Jurkat,0,94.0,76.6,False,0.455238,0,0.48847285,0
WGJGFPKWFPZEQC,Q92918,CRBN,Jurkat,0,10000.0,22.7,False,0.4727629,0,0.460536,0
WISQYAWVRSJAJK,P10275,CRBN,VCaP,0,73.0,63.0,False,0.77510434,1,0.5839747,1
WIXGTYZXQCOTOO,Q06187,CRBN,TMD8,1,0.6,96.0,False,0.87882113,1,0.6722209,1
WKMVMHORNDWWMD,P11802,CRBN,Jurkat,0,49.0,58.5,False,0.47953764,0,0.34078,0
WLNCYXQRZBMBKC,Q9H8M2,CRBN,HEK293,0,198.0,95.0,False,0.47255126,0,0.38437185,0
WLVURAOQRSTWDQ,P01116,CRBN,AsPC-1,0,1000.0,25.0,False,0.4710873,0,0.33685485,0
WNEWREMJBRGDRZ,P03372,CRBN,MCF-7,0,5.0,50.0,False,0.53056103,1,0.27934346,0
WORAYIFYRBXMHL,P01116,CRBN,AsPC-1,0,250.0,70.0,False,0.4479408,0,0.3018246,0
WOWBMCKVEBETPS,P01116,CRBN,AsPC-1,0,100.0,50.0,False,0.48404264,0,0.32667854,0
WQEHHOOLWBGLLA,P03372,CRBN,MCF-7,0,5.0,62.5,False,0.4957404,0,0.26886633,0
WQYDJYODLBQPRD,P50750,CRBN,MOLM-13,0,130.0,67.5,False,0.4373063,0,0.39745626,0
WRZYMJHWCLMXPV,P03372,CRBN,MCF-7,0,5.0,75.0,False,0.5210972,1,0.28626528,0
WSCDDQDDVVHUBS,Q92793,CRBN,VCaP,1,0.3,95.0,False,0.86393523,1,0.6088745,1
WSRMBRDBSUTIRU,Q92793,CRBN,VCaP,1,0.2,95.0,False,0.8515255,1,0.61884207,1
WUMPBGARIFQLBV,P01116,CRBN,AsPC-1,0,250.0,25.0,False,0.46464744,0,0.326324,0
WVMKYLVDQAXAQJ,P03372,CRBN,MCF-7,0,5.0,50.0,False,0.53432626,1,0.2761731,0
WVZMAPKGVNYBBQ,Q92918,CRBN,Jurkat,0,632.3,52.0,False,0.41793326,0,0.43768683,0
WWIWRKBFUYUZCF,P03372,CRBN,MCF-7,0,5.0,50.0,False,0.50892466,1,0.27141753,0
WWUUIOHCIGBTOS,P03372,CRBN,MCF-7,0,5.0,75.0,False,0.5002616,1,0.26733184,0
WXSOTMXNHJTFKS,O60885,CRBN,HEK293,1,9.1,97.0,False,0.80519205,1,0.6471481,1
WYAGKTWXXPHQHY,Q92918,CRBN,Jurkat,0,30.6,76.0,False,0.45644227,0,0.42864347,0
WYGVTHFBQTVIFP,P03372,CRBN,MCF-7,0,50.0,50.0,False,0.48513213,0,0.26592442,0
WYWJHXKHDRJYLX,Q9BY41,CRBN,HCT 116,0,147.0,93.0,False,0.40020522,0,0.21961267,0
XAGBOVYJSAYQKP,P03372,CRBN,MCF-7,1,0.03427,96.0,False,0.50050956,1,0.28696695,0
XAVPYITYYYJIQW,P03372,CRBN,MCF-7,0,5.0,75.0,False,0.52653664,1,0.27929926,0
XCKSBMUXNUXUCS,P03372,CRBN,MCF-7,0,5.0,75.0,False,0.5165199,1,0.28027216,0
XCPBPBXTEDKQFJ,P03372,CRBN,MCF-7,1,0.02888,99.0,False,0.49215937,0,0.28805,0
XCPFPRATYXSOSM,P03372,CRBN,MCF-7,1,0.1,86.0,False,0.49732456,0,0.2564189,0
XETBTLFBEYTSGJ,Q92793,CRBN,RS4;11,1,1.0,96.5,False,0.7623811,1,0.5958813,1
XFCSJLLJBWEKHM,Q92793,CRBN,22Rv1,0,96.8,77.5,False,0.7134722,1,0.51559573,1
XGLDUONNQKNIIH,P01116,CRBN,AsPC-1,0,100.0,70.0,False,0.48160625,0,0.31656465,0
XHEUEZODLRVMMV,Q92793,CRBN,RS4;11,0,3.1,76.5,False,0.74835604,1,0.56864905,1
XHLTXBOEIXDCPZ,P10275,CRBN,LNCaP,0,325.5,90.0,False,0.6290038,1,0.59902143,1
XIDSBFCBCIVRKK,O60885,CRBN,HEK293T,0,440.0,84.0,False,0.795222,1,0.65904427,1
XINDLZAKDOXYAG,P01116,CRBN,AsPC-1,0,1000.0,25.0,False,0.45927903,0,0.3132392,0
XLACHYFHBVMREJ,P01116,CRBN,AsPC-1,0,100.0,70.0,False,0.49465156,0,0.3261979,0
XLTDZGQZLOIMGM,P01116,CRBN,AsPC-1,0,100.0,70.0,False,0.4457525,0,0.32557538,0
XLWJWCMQMBVNSG,Q06187,CRBN,TMD8,1,4.5,94.0,False,0.8820084,1,0.6755453,1
XMWSKICAFPPYSY,Q06187,CRBN,Ramos,1,51.1,97.75,False,0.80919284,1,0.6665332,1
XNBPWGHLZPHXLY,P11802,CRBN,Jurkat,1,6.0,82.5,False,0.47637257,0,0.32574263,0
XNMNRUWTRAUODP,Q92918,CRBN,Jurkat,0,133.9,94.6,False,0.4512563,0,0.47622252,0
XNTVMRGEBFMCMD,O60885,CRBN,HEK293T,0,1810.0,56.0,False,0.77582145,1,0.6387239,1
XNWOVOPPKBOHMJ,P03372,CRBN,MCF-7,0,50.0,50.0,False,0.4931971,0,0.270026,0
XNWVLBYXKNUCIV,P01116,CRBN,AsPC-1,0,100.0,70.0,False,0.45062816,0,0.32584155,0
XNZUEQHJIKGPEJ,Q9H8M2,CRBN,HEK293,0,372.0,97.0,False,0.48241052,0,0.3785214,0
XODFKBNXCCEPRN,Q92918,CRBN,Jurkat,0,23.54,66.0,False,0.4073684,0,0.4262674,0
XOEMYWOGFGPWDQ,P01116,CRBN,AsPC-1,0,100.0,25.0,False,0.44064328,0,0.3142065,0
XOGYVOVLDZMERE,Q92918,CRBN,Jurkat,1,78.8,84.2,False,0.45674682,0,0.46598926,0
XOSARNKAKHCARF,Q92918,CRBN,Jurkat,1,32.9,92.0,False,0.3931695,0,0.43213773,0
XOSIYVXFXZWEFK,P03372,CRBN,MCF-7,0,0.12,79.0,False,0.5026354,1,0.2680513,0
XPLADRVOATVVDO,P03372,CRBN,MCF-7,0,5.0,75.0,False,0.49619174,0,0.28195974,0
XPOGTFDQDPCEDH,Q92793,CRBN,RS4;11,1,0.9,99.0,False,0.76437086,1,0.5945992,1
XQGDFPOIKRRKQS,P01116,CRBN,AsPC-1,0,100.0,70.0,False,0.4816021,0,0.33920565,0
XSKRXFBHRXSSKG,P01116,VHL,AsPC-1,0,3813.0,83.6,False,0.5114817,1,0.31495798,0
XSRGEWJBJKGLQM,P03372,CRBN,MCF-7,1,0.02453,86.0,False,0.4945614,0,0.27905658,0
XWUNOGVGBAIJRS,P01116,CRBN,AsPC-1,0,100.0,25.0,False,0.4636636,0,0.32924822,0
XXXDSEGLTLSYLY,Q92793,CRBN,VCaP,0,1000.0,50.0,False,0.8760032,1,0.62105983,1
XYYUNISMYJIRKN,P01116,CRBN,AsPC-1,0,100.0,70.0,False,0.45763707,0,0.31741166,0
XYYUYGWDNCPZBC,P01116,CRBN,AsPC-1,0,100.0,70.0,False,0.45220473,0,0.3269764,0
YAFINHBYDWHTLL,P03372,CRBN,MCF-7,0,5.0,75.0,False,0.52331495,1,0.27450106,0
YALIJINQGHADRA,P01116,CRBN,AsPC-1,0,100.0,70.0,False,0.48748103,0,0.31803504,0
YAQFFVWVNFWKSY,P03372,CRBN,MCF-7,0,5.0,75.0,False,0.50363564,1,0.27474725,0
YAROSLHUTOCQHE,P03372,CRBN,MCF-7,0,5.0,75.0,False,0.51383394,1,0.27039018,0
YDQJNTYQLKYGDA,O60885,CRBN,HEK293T,1,91.0,98.0,False,0.7766426,1,0.6412177,1
YDSIHFQQFOMKLW,P01116,CRBN,AsPC-1,0,1000.0,50.0,False,0.4983994,0,0.3347298,0
YDSSGSFQYZPROQ,P01116,CRBN,AsPC-1,0,1000.0,25.0,False,0.49701047,0,0.34710023,0
YDXGLXSGGLHGPG,Q92793,CRBN,RS4;11,1,1.45,99.0,False,0.75634176,1,0.59030944,1
YEBLVGIRTINSCW,P03372,CRBN,MCF-7,0,5.0,75.0,False,0.48887625,0,0.26889008,0
YFEMRRDWCBPEPU,O60885,CRBN,HEK293T,0,103.0,89.0,False,0.77321124,1,0.6481151,1
YFRPALABJCDXSI,P03372,CRBN,MCF-7,0,5.0,50.0,False,0.5119035,1,0.27315024,0
YGQPHRIYSFWECL,Q92793,CRBN,22Rv1,0,2.0,57.5,False,0.7186697,1,0.54026634,1
YHETUEINSPJYOH,P09874,CRBN,HCT 116,0,20000.0,32.77,False,0.751185,1,0.45847872,0
YHJRUTZUIKOAAH,P01116,CRBN,AsPC-1,0,250.0,50.0,False,0.45962858,0,0.3147845,0
YHLWMZQWXHPQAS,Q9H8M2,CRBN,HEK293,1,49.0,99.0,False,0.48983422,0,0.39649236,0
YHMPXHIAAMNQIN,P03372,CRBN,MCF-7,0,0.011,73.0,False,0.49388924,0,0.2716548,0
YINXRHBANVHQMY,P25440,CRBN,MV4-11,1,0.3,98.0,False,0.76361775,1,0.67321044,1
YKHQHSABZFWTIC,P01116,CRBN,AsPC-1,0,100.0,70.0,False,0.4504751,0,0.32076547,0
YKNCBQZAFZIWSX,P03372,CRBN,MCF-7,0,5.0,50.0,False,0.52276933,1,0.27820414,0
YLCCKMAJUCGEMO,P01116,CRBN,AsPC-1,0,100.0,70.0,False,0.45516762,0,0.3159738,0
YLSZFDJVLKZOBQ,P03372,CRBN,MCF-7,0,5.0,50.0,False,0.5107352,1,0.27959275,0
YMMKUKGITHRLPG,P01116,CRBN,AsPC-1,0,1000.0,25.0,False,0.48252273,0,0.3395925,0
YMVRCVMMAZWAJM,Q92918,CRBN,Jurkat,1,2.1,93.0,False,0.4220341,0,0.46379313,0
YOQASZIMEWDOQF,P10275,CRBN,LNCaP,0,539.5,100.0,False,0.6341701,1,0.5622203,1
YPHNRJJXIRMLCD,P03372,CRBN,MCF-7,1,0.1393,100.0,False,0.49439225,0,0.27263585,0
YQYHHQWWWNOOKZ,P00533,VHL,HCC827,0,250.0,94.0,False,0.6559391,1,0.5455595,1
YRAXWSWUXNZXEI,Q92793,CRBN,VCaP,0,850.0,43.0,False,0.872312,1,0.66032916,1
YRFWMYLCBNWJEI,P01116,VHL,AsPC-1,0,571.9,98.9,False,0.5362075,1,0.3221178,0
YRLBDMOISHPRMW,P01116,CRBN,AsPC-1,0,100.0,70.0,False,0.43469712,0,0.3001561,0
YRMYHBHIFJXIGI,Q08881,CRBN,Jurkat,1,26.7,95.0,False,0.6571571,1,0.5324419,1
YVXTYEKDOUWSSR,P10275,VHL,LNCaP,0,212.0,59.0,False,0.6552661,1,0.57080346,1
YWMGYZOTBRTAPC,Q06187,CRBN,JeKo-1,1,7.0,96.5,False,0.7941747,1,0.67477113,1
YWUNYWODKIAGET,P03372,CRBN,MCF-7,0,5.0,50.0,False,0.49647856,0,0.2750719,0
YZGOHLDCHGJLSU,P01116,CRBN,AsPC-1,0,100.0,70.0,False,0.44792914,0,0.31426182,0
YZSAJFVSANFUKR,P03372,CRBN,MCF-7,0,27.5,62.5,False,0.45115495,0,0.25802338,0
ZBLUHWGHQCDXPZ,Q9H8M2,CRBN,HEK293,0,585.0,45.0,False,0.47997138,0,0.37398314,0
ZBNHSSRODJHXLX,P03372,CRBN,MCF-7,0,5.0,50.0,False,0.5287158,1,0.2973918,0
ZCOPIRBPZIGHDU,O60885,CRBN,HEK293,1,2.3,98.0,False,0.78531104,1,0.6411929,1
ZDIXSZMEOKTHNY,P01116,CRBN,AsPC-1,0,100.0,70.0,False,0.44100752,0,0.36980632,0
ZEBCDQYGDUWIRO,Q92918,CRBN,Jurkat,1,11.0,91.0,False,0.4569774,0,0.42630053,0
ZETUMISSKGCCDQ,P01116,VHL,AsPC-1,0,1822.0,89.5,False,0.5201354,1,0.30388224,0
ZFNPGRKSSUUBPW,P01116,CRBN,AsPC-1,0,100.0,70.0,False,0.45747972,0,0.3879219,0
ZFPPZANCBCHIBI,P01116,CRBN,AsPC-1,0,1000.0,25.0,False,0.50382274,1,0.3342475,0
ZGPNXKLXPYNPQS,P01116,CRBN,AsPC-1,0,1000.0,25.0,False,0.4610081,0,0.30366647,0
ZGRDOVMMKHCMTA,P03372,CRBN,MCF-7,0,5.0,50.0,False,0.5266816,1,0.2851395,0
ZINWKRRJFFHFNJ,Q9H8M2,CRBN,HEK293,1,84.0,98.0,False,0.4857037,0,0.37194058,0
ZIUVTWBLWUJBEY,P50750,CRBN,MOLM-13,0,100.0,75.3,False,0.45561972,0,0.3893758,0
ZIWYDZVCVGTCDI,Q9H8M2,CRBN,HEK293,0,2521.0,65.0,False,0.47151628,0,0.38160095,0
ZJPSMLNQMKTKJJ,P09874,CRBN,HCT 116,0,20000.0,15.66,False,0.7269512,1,0.4496503,0
ZJVJGKQPQHVYSL,P03372,CRBN,MCF-7,1,0.05,89.0,False,0.49039817,0,0.27079198,0
ZKHJDOCZHQUBCZ,P01116,CRBN,AsPC-1,0,1000.0,50.0,False,0.48559523,0,0.33582136,0
ZKMPZGMDXOECHS,O60885,CRBN,HEK293,1,1.9,95.0,False,0.79857284,1,0.65198296,1
ZKQAJOXLLFEVTK,P09874,CRBN,HCT 116,0,40.0,57.09,False,0.71596193,1,0.45814815,0
ZLOIRWPQMNYBGL,Q08881,CRBN,Jurkat,1,9.0,90.0,False,0.6315513,1,0.506952,1
ZLPNUFSEIVRDOK,O60885,CRBN,HEK293T,1,41.0,86.0,False,0.7945636,1,0.6438733,1
ZNECZZKRMJMPEX,Q92918,CRBN,Jurkat,1,55.0,86.0,False,0.40342426,0,0.4291785,0
ZNZALUOUNWVYJN,P10275,CRBN,LNCaP,1,18.0,85.0,False,0.6377454,1,0.5349039,1
ZOHWFBXCBZWQOF,P01116,CRBN,AsPC-1,0,100.0,70.0,False,0.38952914,0,0.30041984,0
ZOUWJSGGCIZRQH,P03372,CRBN,MCF-7,0,5.0,75.0,False,0.49799788,0,0.2710286,0
ZOUZDKJIHOEVRI,P03372,CRBN,MCF-7,0,5.0,50.0,False,0.53280497,1,0.28062645,0
ZPYLDDHVODJBLD,P03372,CRBN,MCF-7,0,5.0,75.0,False,0.47604623,0,0.27884805,0
ZQBPERKIXUCCNQ,P29597,VHL,Jurkat,0,5007.0,51.5,False,0.6350985,1,0.48996654,0
ZRCHTNWZJSGBTQ,P03372,CRBN,MCF-7,0,5.0,75.0,False,0.513653,1,0.2766133,0
ZREFLFMSMWOJIS,P03372,CRBN,MCF-7,0,5.0,50.0,False,0.5401419,1,0.3054732,0
ZSULAKQIVKYPMS,Q06187,CRBN,TMD8,1,1.7,95.0,False,0.8811757,1,0.6560395,1
ZTLBMWCJSVCNQM,Q92793,CRBN,VCaP,1,0.65,95.0,False,0.8742449,1,0.61984724,1
ZTQZAOMTCIBFNG,Q92918,CRBN,Jurkat,0,1063.3,58.5,False,0.45213044,0,0.4992771,0
ZUAOSWXWYFMGRN,P03372,CRBN,MCF-7,0,5.0,50.0,False,0.5322397,1,0.29484794,0
ZWQJQEMPNYBFQE,Q08881,CRBN,Jurkat,0,220.5,75.0,False,0.6439505,1,0.5294838,1
ZWWVXLXRJJSTQN,P01116,CRBN,AsPC-1,0,250.0,25.0,False,0.50776744,1,0.3341472,0
ZXEZOPTWSHMEHU,Q92793,CRBN,RS4;11,1,3.7,85.0,False,0.761184,1,0.58174807,1
ZXEZSPAYGZVVCZ,Q9H8M2,CRBN,HEK293,1,92.0,99.0,False,0.4842262,0,0.38938823,0
ZXNULVVIUVDDCE,P03372,CRBN,MCF-7,0,5.0,75.0,False,0.54023075,1,0.28459978,0
ZXVRYWSSUREJGW,P03372,CRBN,MCF-7,0,5.0,75.0,False,0.49875775,0,0.27150849,0
ZZUHCIBVSLMEGQ,P03372,CRBN,MCF-7,0,5.0,50.0,False,0.5279605,1,0.28866777,0
