ik14,Uniprot,E3 ligase Uniprot,label,stan_active_prob,stan_pred,Molecular Weight,XLogP3,Topological Polar Surface Area,Smiles
ADNQFJRANZZPKY,Q9NWZ3,Q96SW2,0,0.3118363320827484,0,948.009,4.678600000000004,194.1,O=C1CCC(N2C(=O)C3=CC=C(OCCOCCOCCOCCN4CCN(CC5=CC=C6N=C(NC(=O)C7=CC=CC(C(F)(F)F)=C7)N([C@H]7CC[C@@H](CO)CC7)C6=C5)CC4)C=C3C2=O)C(=O)N1
ADTXLFJKQHYGPM,Q05397,Q96SW2,0,0.7955660223960876,1,917.851,4.378400000000002,242.78,COC1=CC(C(=O)NCCOCCOCCOCCC(=O)NC2=CC=CC3=C2C(=O)N(C2CCC(=O)NC2=O)C3=O)=CC=C1NC1=NC=C(C(F)(F)F)C(OC2=CC=CC3=C2C(=O)CC3)=N1
AFQYUHBTQNKWIU,O60885,P40337,0,0.24580100178718567,0,1075.755999999999,5.194880000000008,232.74999999999997,CNCCOC1=CC(C2=C(C)N=CS2)=CC=C1CNC(=O)[C@@H]1C[C@@H](O)CN1C(=O)[C@@H](NC(=O)COCCOCCOCCNC(=O)C[C@@H]1N=C(C2=CC=C(Cl)C=C2)C2=C(SC(C)=C2C)N2C(C)=NN=C12)C(C)(C)C
AIFXAXRMMBWMAG,Q15059,P40337,0,0.08425073325634003,0,992.6399999999998,7.30932000000001,191.53,CC(=O)N1C2=CC=C(C3=CC=C(C(=O)NCCOCCOCC(=O)N[C@H](C(=O)N4C[C@H](O)C[C@H]4C(=O)NCC4=CC=C(C5=C(C)N=CS5)C=C4)C(C)(C)C)C=C3)C=C2[C@H](NC2=CC=C(Cl)C=C2)C[C@@H]1C
AJTLGUJXIKEZCQ,Q06187,Q96SW2,1,0.8625617623329163,1,787.834,3.5778000000000008,213.2,NC1=NC=NC2=C1C(C1=CC=C(OC3=CC=CC=C3)C=C1)=NN2C1CCN(CCOCCOCC(=O)NC2=CC=C3C(=O)N(C4CCC(=O)NC4=O)C(=O)C3=C2)CC1
AMPBLCGZRAITTM,P10275,P40337,0,0.10414498299360275,0,941.5919999999998,7.321980000000008,192.21,CC(C)(C)[C@H](NC(=O)COCCCCCOC1=CC=C(C(=O)N[C@H]2C(C)(C)[C@H](OC3=CC=C(C#N)C(Cl)=C3)C2(C)C)C=C1)C(=O)N1C[C@H](O)C[C@H]1C(=O)NCC1=CC=C(C2=CN=CS2)C=C1
AORZPRLVKUMTOJ,O60885,Q96SW2,1,0.8174603581428528,1,873.9719999999994,4.170320000000003,223.18,CC[C@@H]1C2=NN=C(C)N2C2=CN=C(NC3=CC=C(C(=O)NC4CCN(C(=O)COC5=CC=CC6=C5C(=O)N(C5CCC(=O)NC5=O)C6=O)CC4)C=C3OC)N=C2N1CC1CCCCC1
ATTMBNXPUWOYNQ,Q05397,Q96SW2,1,0.8350207209587097,1,896.9020000000003,4.018900000000002,227.56,CN(C1=CC=CC(CNC2=NC(NC3=CC=C(OCCCOCCC(=O)NCCOC4=CC=CC5=C4C(=O)N(C4CCC(=O)NC4=O)C5=O)C=C3)=NC=C2C(F)(F)F)=C1)S(C)(=O)=O
AWOLTJZICWTLFS,Q06187,Q96SW2,1,0.9289828538894653,1,947.0149999999996,4.150700000000001,238.09,NC1=NC=NC2=C1C(C1=CC=C(OC3=CC=CC=C3)C=C1)=NN2[C@@H]1CCCN(C(=O)/C=C/COCCOCCOCCOCCOCCOC2=CC=CC3=C2C(=O)N(C2CCC(=O)NC2=O)C3=O)C1
BEEAHZAQHFFDHP,P10275,Q96SW2,1,0.9108017683029175,1,791.3529999999997,4.581280000000003,149.4,CN(C1=CC=C(C#N)C(Cl)=C1)[C@H]1CC[C@H](NC(=O)C2=CC=C(N3CCC(N4CCN(C5=CC=C6C(=O)N(C7CCC(=O)NC7=O)C(=O)C6=C5)CC4)CC3)C=C2)CC1
BOXZMOCGSKLDAH,O15379,P40337,0,0.04914188012480736,0,898.1400000000002,6.464520000000006,214.31,CC1=C(C2=CC=C(CNC(=O)[C@@H]3C[C@@H](O)CN3C(=O)[C@@H](NC(=O)COCCCCCCCCCOCC(=O)NC3=CC=C(C(=O)NC4=CC=CC=C4N)C=C3)C(C)(C)C)C=C2)SC=N1
BQKBBOYUPLMTRW,Q03111,Q96SW2,1,0.6809917092323303,1,701.7880000000001,4.442700000000002,174.42,C[C@H]1CCCN1CC1=NC2=CC=C(NC(=O)C3=CC=C4C(=C3)C=NN4CCCCNC3=CC=CC4=C3C(=O)N(C3CCC(=O)NC3=O)C4=O)C=C2[NH]1
BQXUPNKLZNSUMC,P03372,P40337,1,0.8335992097854614,1,1004.285,8.900120000000005,190.86,CCN(CCCCCOCC(=O)N[C@H](C(=O)N1C[C@H](O)C[C@H]1C(=O)N[C@@H](C)C1=CC=C(C2=C(C)N=CS2)C=C1)C(C)(C)C)CCOC1=CC=C(C(=O)C2=C(C3=CC=C(O)C=C3)SC3=CC(O)=CC=C23)C=C1
BRIZMACXBJUXJT,Q07817,P40337,0,0.44169774651527405,0,1599.4419999999998,10.929819999999994,263.54,CC1=C(C2=CC=C([C@H](C)NC(=O)[C@@H]3C[C@@H](O)CN3C(=O)[C@@H](NC(=O)CCCC(=O)N3CCN(CC4(C)CCC(C5=CC=C(Cl)C=C5)=C(CN5CCN(C6=CC=C(C(=O)NS(=O)(=O)C7=CC=C(N[C@H](CCN8CCOCC8)CSC8=CC=CC=C8)C(S(=O)(=O)C(F)(F)F)=C7)C=C6)CC5)C4)CC3)C(C)(C)C)C=C2)SC=N1
BUDQKNIUFHYJQZ,P00533,P40337,1,0.9754530191421509,1,1091.7559999999996,8.898620000000003,221.72,CC1=C(C2=CC=C(CNC(=O)[C@@H]3C[C@@H](O)CN3C(=O)[C@@H](NC(=O)CCCCCCCN3C=C(COC4=CC5=NC=NC(NC6=CC=C(F)C(Cl)=C6)=C5C=C4NC(=O)/C=C/CN4CCCCC4)N=N3)C(C)(C)C)C=C2)SC=N1
BVEMTZIKXNJFIM,O60885,P40337,1,0.8022158145904541,1,1049.7209999999998,6.767180000000009,228.28,CC1=C(C2=CC=C(CNC(=O)[C@@H]3C[C@@H](O)CN3C(=O)[C@@H](NC(=O)COCCC3=CC(N)=CC(OCCNC(=O)C[C@@H]4N=C(C5=CC=C(Cl)C=C5)C5=C(SC(C)=C5C)N5C(C)=NN=C45)=C3)C(C)(C)C)C=C2)SC=N1
BVQZWOPTIZSOAW,P14902,Q96SW2,0,0.08606994897127151,0,966.816,1.850100000000008,267.79,O=C1CCC(N2C(=O)C3=CC=CC(NCCOCCOCCOCCOCCOCCOCCOCCNCCNC4=NON=C4/C(=N\O)NC4=CC=C(F)C(Br)=C4)=C3C2=O)C(=O)N1
BWJIJVUAQRLZRJ,Q9UM73,Q96SW2,1,0.6111358404159546,1,780.9299999999996,4.458380000000003,161.94999999999996,CCC1=CC2=C(C=C1N1CCC(N3CCN(C(=O)CNC4=CC=CC5=C4CN(C4CCC(=O)NC4=O)C5=O)CC3)CC1)C(C)(C)C1=C(C2=O)C2=CC=C(C#N)C=C2[NH]1
BXHBYEPLXDQKAT,P00533,P40337,0,0.13794183731079102,0,1086.773,8.996020000000003,209.47000000000003,CC1=C(C2=CC=C(CNC(=O)[C@@H]3C[C@@H](O)CN3C(=O)[C@@H](NC(=O)CCCCCOCCCCOCCCCOC3=CC4=NC=NC(NC5=CC=C(F)C(Cl)=C5)=C4C=C3NC(=O)/C=C/CN(C)C)C(C)(C)C)C=C2)SC=N1
BYXQFJDQDXLTHH,Q00987,Q00987,0,0.4417397379875183,0,1459.4109999999985,12.292999999999989,216.79,CCOC1=CC(C(C)(C)C)=CC=C1C1=NC(C2=CC=C(Cl)C=C2)C(C2=CC=C(Cl)C=C2)N1C(=O)N1CCN(CC(=O)NCCOCCOCCOCCNC(=O)CN2CCN(C(=O)N3C(C4=CC=C(C(C)(C)C)C=C4OCC)=NC(C4=CC=C(Cl)C=C4)C3C3=CC=C(Cl)C=C3)CC2=O)C(=O)C1
CDKSZVJXSCKNQN,P09874,Q96SW2,1,0.5141457319259644,1,842.9219999999998,3.2880000000000056,189.86,CN(CCOCCOCCOCCOCCOCCNC1=CC=CC2=C1C(=O)N(C1CCC(=O)NC1=O)C2=O)CC1=CC=C(C2=C3CCNC(=O)C4=C3C(=CC(F)=C4)[NH]2)C=C1
CESHFJRNQNNGLW,Q06187,Q96SW2,1,0.8630637526512146,1,829.9150000000001,4.748100000000003,213.2,NC1=NC=NC2=C1C(C1=CC=C(OC3=CC=CC=C3)C=C1)=NN2C1CCN(CCCOCCCOCCC(=O)NC2=CC=CC3=C2C(=O)N(C2CCC(=O)NC2=O)C3=O)CC1
CGIQKSDNJNCLMP,P10415,P40337,0,0.7343592643737793,1,1669.5770000000002,12.880319999999982,263.54,CC1=C(C2=CC=C([C@H](C)NC(=O)[C@@H]3C[C@@H](O)CN3C(=O)[C@@H](NC(=O)CCCCCCCCC(=O)N3CCN(CC4(C)CCC(C5=CC=C(Cl)C=C5)=C(CN5CCN(C6=CC=C(C(=O)NS(=O)(=O)C7=CC=C(N[C@H](CCN8CCOCC8)CSC8=CC=CC=C8)C(S(=O)(=O)C(F)(F)F)=C7)C=C6)CC5)C4)CC3)C(C)(C)C)C=C2)SC=N1
CHNBEZLJAQUZEX,O43353,Q13490,1,0.9355844259262085,1,1045.2319999999995,4.42164000000001,261.75999999999993,CN[C@@H](C)C(=O)N[C@H](C(=O)N1C[C@@H](NC(=O)C2=CN=C(N3CCN(CCCOC4=CC5=NC=NC(NC6=N[NH]C(C)=C6C)=C5C=C4S(=O)(=O)C(C)(C)C)CC3)C=N2)C[C@H]1C(=O)NC1=C(F)C=CC=C1F)C(C)(C)C
CLCTZVRHDOAUGJ,P10275,Q96SW2,1,0.9947856664657593,1,812.3029999999997,3.700580000000002,181.17,N#CC1=CC=C(O[C@H]2CC[C@H](NC(=O)C3=CC=C(N4CCC(CN5CCN(C6=CC7=C(C=C6F)C(=O)N(C6CCC(=O)NC6=O)C7=O)CC5)CC4)N=N3)CC2)C=C1Cl
CPDVGNBJFIONLX,O60885,Q9UK73,0,0.07181552797555923,0,850.8299999999999,4.839740000000005,176.3,CC1=C(C)C2=C(S1)N1C(C)=NN=C1[C@H](CC(=O)NCCOCCOCCNC(=O)CN1CCOC3=CC(N(CCC#N)C(=O)CCl)=CC=C31)N=C2C1=CC=C(Cl)C=C1
CVBRBVVZZZJXQO,P51531,P40337,1,0.9428690671920776,1,950.1509999999996,5.296820000000005,208.6,CC1=C(C2=CC=C(CNC(=O)[C@@H]3C[C@@H](O)CN3C(=O)[C@@H](NC(=O)C3(F)CC3)C(C)(C)C)C(OCCC3=CC=C(OCCN4CCN(C5=CC(C6=CC=CC=C6O)=NN=C5N)CC4)C=C3)=C2)SC=N1
CVMXJJVQILKJCT,Q05397,P40337,1,0.7546733021736145,1,1128.307,6.323220000000007,245.0,CC1=C(C2=CC=C(CNC(=O)[C@@H]3C[C@@H](O)CN3C(=O)[C@@H](NC(=O)CCOCCOCCOCCOCCOC3=CC=C(NC4=NC=C(C(F)(F)F)C(NCC5=CC=CC(N(C)S(C)(=O)=O)=C5)=N4)C=C3)C(C)(C)C)C=C2)SC=N1
CWGVEMFBQJUWLU,P10275,P40337,1,0.9663251638412476,1,1129.8409999999992,8.552500000000006,197.3,CC1=C(C2=CC=C([C@H](CC(=O)N3CCC(N4CCC(C#CC5=CC=C(C(=O)N[C@H]6C(C)(C)[C@H](OC7=CC=C(C#N)C(Cl)=C7)C6(C)C)C=C5)CC4)CC3)NC(=O)[C@@H]3C[C@@H](O)CN3C(=O)[C@@H](NC(=O)C3(F)CC3)C(C)(C)C)C=C2)SC=N1
DAQQIWJQNSGFLU,P15056,Q96SW2,0,0.37480366230010986,0,1042.1799999999992,5.036100000000005,239.39,CCCS(=O)(=O)NC1=CC=C(F)C(N2C=C(C3=CN=CN=C3)C3=NC(N(C)C4CCN(CC(=O)NCCCOCCCCOCCCNC5=CC=CC6=C5C(=O)N(C5CCC(=O)NC5=O)C6=O)CC4)=CC=C32)=C1F
DEABZGHTSXTNRF,Q06187,Q96SW2,1,0.8165779709815979,1,998.1069999999992,5.834280000000005,252.64999999999995,CC(C)(/C=C(/C#N)C(=O)N1CCC[C@@H](N2N=C(C3=CC=C(OC4=CC=CC=C4)C=C3)C3=C(N)N=CN=C32)C1)CCCOCCOCCOCCOCCOC1=CC=CC2=C1C(=O)N(C1CCC(=O)NC1=O)C2=O
DHVQDOJINANBTP,Q9NWZ3,Q96SW2,0,0.03510928526520729,0,816.8759999999999,2.50378,246.61,CC(C)NC1=CC(N2C=CC3=CC(C#N)=CN=C32)=NC=C1C(=O)N[C@H]1CC[C@H](C(=O)NCCCNC(=O)COC2=CC=CC3=C2C(=O)N(C2CCC(=O)NC2=O)C3=O)CC1
DKNBVZGJLBYCQJ,P10275,P40337,0,0.12239672243595123,0,1070.217,8.546400000000006,186.66000000000005,CC1=C(C2=CC=C([C@H](C)NC(=O)[C@@H]3C[C@@H](O)CN3C(=O)[C@@H](NC(=O)COCCCOCCCCCOC3=C(F)C=C(N4C(=S)N(C5=CC=C(C#N)C(C(F)(F)F)=C5)C(=O)C4(C)C)C=C3F)C(C)(C)C)C=C2)SC=N1
DLBCMVGHLAVPJQ,Q9UBN7,Q96SW2,0,0.34129297733306885,0,802.8050000000002,2.197900000000001,238.77999999999997,O=C(CCCO/N=C1C(=C2/C(=O)N(CC3=CN(CCOCCNC4=CC=CC5=C4C(=O)N(C4CCC(=O)NC4=O)C5=O)N=N3)C3=CC=CC=C23)/NC2=CC=CC=C/12)NO
DNHMBIDODIOPOD,P10275,P40337,0,0.02887922152876854,0,775.0099999999999,5.607720000000006,146.22000000000003,CC1=C(C2=CC=C([C@H](C)NC(=O)[C@@H]3C[C@@H](O)CN3C(=O)[C@@H](NC(=O)CCCOC3=CC=C(C4=CSC(N5CCOCC5)=N4)C=C3)C(C)(C)C)C=C2)SC=N1
DQGQXFRCIYCGOE,Q9UBN7,Q96SW2,1,0.33605316281318665,0,779.855,4.493900000000003,217.19,CCCCN(CC1=CC=C(C(=O)NO)C=C1)C(=O)NC1=CC=C(OCCCCCN2C=C(CNC3=CC=CC4=C3C(=O)N(C3CCC(=O)NC3=O)C4=O)N=N2)C=C1
DRJLXMYTVYIROA,Q05397,P40337,1,0.7945322394371033,1,1040.2010000000002,6.2900200000000055,226.54,CC1=C(C2=CC=C(CNC(=O)[C@@H]3C[C@@H](O)CN3C(=O)[C@@H](NC(=O)CCOCCOCCOC3=CC=C(NC4=NC=C(C(F)(F)F)C(NCC5=CC=CC(N(C)S(C)(=O)=O)=C5)=N4)C=C3)C(C)(C)C)C=C2)SC=N1
DRSGINHARUFRQE,Q9NWZ3,Q96SW2,0,0.07252289354801178,0,903.956,4.662000000000004,184.87,O=C1CCC(N2C(=O)C3=CC=C(OCCOCCOCCN4CCN(CC5=CC=C6N=C(NC(=O)C7=CC=CC(C(F)(F)F)=C7)N([C@H]7CC[C@@H](CO)CC7)C6=C5)CC4)C=C3C2=O)C(=O)N1
DTEBXQFNWWUSPH,P33981,Q96SW2,1,0.9956092238426208,1,940.1589999999997,6.834220000000007,188.17,CCC(=O)N[C@H]1CC[C@@H](N2C(=O)C=C(C)C3=CN=C(NC4=CC=C(N5CCN(C(=O)CCCCCCCCCC#CC6=CC=C7CN(C8CCC(=O)NC8=O)C(=O)C7=C6)CC5)C=C4OC)N=C32)CC1
DTFBEQQOOYQAKH,P10275,Q96SW2,0,0.5039039254188538,1,871.8740000000001,3.9999800000000025,170.57,N#CC1=NC=C(N2C(=O)C3(CCC3)N(C3=CC=C(C(=O)N4CCN(C5CCN(C6=CC=C7C(=O)N(C8CCC(=O)NC8=O)C(=O)C7=C6)CC5)CC4)C(F)=C3)C2=S)C=C1C(F)(F)F
DUPAJELXESPTNF,P10275,P40337,1,0.6550607085227966,1,1024.201,8.577400000000006,177.43,CC1=C(C2=CC=C(CNC(=O)[C@@H]3C[C@@H](O)CN3C(=O)[C@@H](NC(=O)COCCCCOC3=CC=C(C4=CC=C(N5C(=S)N(C6=CC=C(C#N)C(C(F)(F)F)=C6)C(=O)C5(C)C)C=C4)C=C3)C(C)(C)C)C=C2)SC=N1
FCEBHUUCGVQXGJ,Q16539,P40337,1,0.9340205788612366,1,1078.204999999999,7.714420000000008,228.87,COC1=CC2=C(OC3=CC=C(NC(=O)C4(C(=O)NC5=CC=C(F)C=C5)CC4)C=C3F)C=CN=C2C=C1OCCOCCOCCC(=O)N[C@H](C(=O)N1C[C@H](O)C[C@H]1C(=O)NCC1=CC=C(C2=C(C)N=CS2)C=C1)C(C)(C)C
FDBSHOXCSNLRGD,P10275,P40337,0,0.6864493489265442,1,1045.264,7.337500000000009,180.67,CC1=C(C2=CC=C(CNC(=O)[C@@H]3C[C@@H](O)CN3C(=O)[C@@H](NC(=O)COCCCOCCN3CCC(C4=CC=C(N5C(=S)N(C6=CC=C(C#N)C(C(F)(F)F)=C6)C(=O)C5(C)C)C=C4)CC3)C(C)(C)C)C=C2)SC=N1
FFRMYNSJXNXLED,P15056,P40337,0,0.15123829245567322,0,1230.4719999999988,6.427220000000012,261.86999999999995,CCCS(=O)(=O)NC1=CC=C(F)C(N2C=C(C3=CN=CN=C3)C3=NC(N(C)C4CCN(C(=O)CCOCCOCCOCCOCCC(=O)N[C@H](C(=O)N5C[C@H](O)C[C@H]5C(=O)NCC5=CC=C(C6=C(C)N=CS6)C=C5)C(C)(C)C)CC4)=CC=C32)=C1F
FLLKKIZFEMVEEL,P10275,P40337,0,0.03794478997588158,0,1052.227,8.407300000000008,186.66000000000005,CC1=C(C2=CC=C([C@H](C)NC(=O)[C@@H]3C[C@@H](O)CN3C(=O)[C@@H](NC(=O)COCCCOCCCCCOC3=CC=C(N4C(=S)N(C5=CC=C(C#N)C(C(F)(F)F)=C5)C(=O)C4(C)C)C=C3F)C(C)(C)C)C=C2)SC=N1
FMUGAZVOOIUFAT,P15056,Q96SW2,0,0.19406451284885406,0,1001.0829999999994,4.292800000000003,236.59,CCCS(=O)(=O)NC1=CC=C(F)C(N2C=C(C3=CN=CN=C3)C3=NC(N(C)C4CCN(C(=O)CCOCCOCCOCCNC5=CC=CC6=C5C(=O)N(C5CCC(=O)NC5=O)C6=O)CC4)=CC=C32)=C1F
FOJOYRKGPBBUCX,O60885,P40337,0,0.6162398457527161,1,1101.7939999999996,5.727480000000008,232.74999999999997,CC1=C(C2=CC=C(CNC(=O)[C@@H]3C[C@@H](O)CN3C(=O)[C@@H](NC(=O)COCCOCCOCCNC(=O)C[C@@H]3N=C(C4=CC=C(Cl)C=C4)C4=C(SC(C)=C4C)N4C(C)=NN=C34)C(C)(C)C)C(OC3CCNCC3)=C2)SC=N1
FSMCKEYFGVIYBM,P10275,Q96SW2,1,0.9936156272888184,1,805.3799999999998,4.828880000000003,149.4,CN(C1=CC=C(C#N)C(Cl)=C1)[C@H]1CC[C@H](NC(=O)C2=CC=C(N3CCN(CC4CCN(C5=CC=C6C(=O)N(C7CCC(=O)NC7=O)C(=O)C6=C5)CC4)CC3)C=C2)CC1
FVEFTVCRDXCSLR,P10275,Q96SW2,1,0.8135776519775391,1,819.4069999999996,5.361480000000004,149.4,CCCN(C1=CC=C(C#N)C(Cl)=C1)[C@H]1CC[C@H](NC(=O)C2=CC=C(N3CCC(N4CCN(C5=CC=C6C(=O)N(C7CCC(=O)NC7=O)C(=O)C6=C5)CC4)CC3)C=C2)CC1
FWZROUMFDYURRM,Q96SW2,P40337,1,0.4796799421310425,0,927.138,4.3678200000000045,236.31,CC1=C(C2=CC=C(CNC(=O)[C@@H]3C[C@@H](O)CN3C(=O)[C@@H](NC(=O)CCCCCCCCCCNC(=O)CNC3=CC=CC4=C3C(=O)N(C3CCC(=O)NC3=O)C4=O)C(C)(C)C)C=C2)SC=N1
FXEIENSZGMCCEE,O60885,P40337,1,0.7568082213401794,1,962.5989999999996,5.570280000000007,193.03,CC1=C(C2=CC=C(CNC(=O)[C@@H]3C[C@@H](O)CN3C(=O)[C@@H](NC(=O)COCC#CC#CCNC(=O)C[C@@H]3N=C(C4=CC=C(Cl)C=C4)C4=C(SC(C)=C4C)N4C(C)=NN=C34)C(C)(C)C)C=C2)SC=N1
FYSWLIFIYIVHPI,Q15059,P40337,1,0.7260172963142395,1,1036.6929999999998,7.3259200000000115,200.76,CC(=O)N1C2=CC=C(C3=CC=C(C(=O)NCCOCCOCCOCC(=O)N[C@H](C(=O)N4C[C@H](O)C[C@H]4C(=O)NCC4=CC=C(C5=C(C)N=CS5)C=C4)C(C)(C)C)C=C3)C=C2[C@H](NC2=CC=C(Cl)C=C2)C[C@@H]1C
FZVBQSWNRMPEHR,P10275,Q96SW2,1,0.9612558484077454,1,711.2190000000003,5.427180000000005,169.73,N#CC1=CC=C(O[C@H]2CC[C@H](NC(=O)C3=CC=C(NCCCCCNC4=CC=C5C(=O)N(C6CCC(=O)NC6=O)C(=O)C5=C4)C=C3)CC2)C=C1Cl
GAXWAKXJBZHVQF,P10275,Q96SW2,1,0.9991286993026733,1,788.3489999999997,5.366280000000004,137.37,C[C@H]1CC2(CCN(C3=CC=C(C(=O)N4CCC(CN5CC6=CC7=C(C=C6C5)C(=O)N(C5CCC(=O)NC5=O)C7=O)CC4)C=C3)CC2)CN1C1=CC=C(C#N)C(Cl)=C1
GGBZAQUSRYNTSQ,P10275,P40337,0,0.01863664947450161,0,789.0369999999998,5.997820000000007,146.22000000000003,CC1=C(C2=CC=C([C@H](C)NC(=O)[C@@H]3C[C@@H](O)CN3C(=O)[C@@H](NC(=O)CCCCOC3=CC=C(C4=CSC(N5CCOCC5)=N4)C=C3)C(C)(C)C)C=C2)SC=N1
GGEHXEZNDKXJIX,P51617,P40337,1,0.8885754942893982,1,893.0399999999998,4.232220000000003,224.31,COC1=CC(N2CCN(C(=O)OCC(=O)N[C@H](C(=O)N3C[C@H](O)C[C@H]3C(=O)NCC3=CC=C(C4=C(C)N=CS4)C=C3)C(C)(C)C)CC2)=CC=C1NC(=O)C1=CC=CC(C2=CC=N[NH]2)=N1
GHFASOYKYKNVGE,P51617,P40337,1,0.867026686668396,1,892.0959999999998,5.7660200000000055,204.0,COC1=CC(N2CC[C@@H](OCC(=O)N[C@H](C(=O)N3C[C@H](O)C[C@H]3C(=O)N[C@@H](C)C3=CC=C(C4=C(C)N=CS4)C=C3)C(C)(C)C)[C@H](C)C2)=CC=C1NC(=O)C1=CC=CC(C2=CC=N[NH]2)=N1
GJCIYFAPQUEGNE,P15056,Q96SW2,1,0.4089910089969635,0,1045.1359999999993,4.309400000000005,245.82,CCCS(=O)(=O)NC1=CC=C(F)C(N2C=C(C3=CN=CN=C3)C3=NC(N(C)C4CCN(C(=O)CCOCCOCCOCCOCCNC5=CC=CC6=C5C(=O)N(C5CCC(=O)NC5=O)C6=O)CC4)=CC=C32)=C1F
GLYGYEQLMMPSAW,P61964,P40337,0,0.050846751779317856,0,1208.5069999999994,8.050520000000011,215.65000000000003,CC1=C(C2=CC=C(CNC(=O)[C@@H]3C[C@@H](O)CN3C(=O)[C@@H](NC(=O)CCCCCCCCCC(=O)NCCN3CCN(CC4=CC=CC(C5=CC=C(N6CCN(C)CC6)C(NC(=O)C6=C[NH]C(=O)C=C6C(F)(F)F)=C5)=C4)CC3)C(C)(C)C)C=C2)SC=N1
GPLDNHBAUYMIMT,P10275,P40337,0,0.37740954756736755,0,973.6369999999998,8.290800000000008,182.98,CC1=C(C2=CC=C(CNC(=O)[C@@H]3C[C@@H](O)CN3C(=O)[C@@H](NC(=O)COCCC3=CC=C(C4=CC=C(C(=O)N[C@H]5C(C)(C)[C@H](OC6=CC=C(C#N)C(Cl)=C6)C5(C)C)C=C4)C=C3)C(C)(C)C)C=C2)SC=N1
GPZDKLVDAYMWLZ,P10275,Q96SW2,0,0.06694518774747849,0,858.8749999999998,4.460880000000004,157.67999999999998,CC1(C)C(=O)N(C2=CC=C(C#N)C(C(F)(F)F)=C2)C(=S)N1C1=CC=C(C(=O)N2CCN(C3CCN(C4=CC=C5C(=O)N(C6CCC(=O)NC6=O)C(=O)C5=C4)CC3)CC2)C(F)=C1
GPZQCKOJSPAJES,O60885,P40337,1,0.674036979675293,1,1102.253,4.423720000000006,256.48,CC1=C(C2=CC=C(CNC(=O)[C@@H]3C[C@@H](O)CN3C(=O)[C@@H](NC(=O)COCCOCCOCCNC(=O)C3=CC4=C(C=C3CS(C)(=O)=O)C3=CN(C)C(=O)C5=C3C(=C[NH]5)CN4C3=NC=C(F)C=C3F)C(C)(C)C)C=C2)SC=N1
GTUJRUVNUQLCDT,P14679,Q96SW2,0,0.04496191814541817,0,537.5730000000003,0.767399999999999,191.16,N[C@@H](CC1=CC=C(O)C(O)=C1)C(=O)NCCCCCNC1=CC=CC2=C1C(=O)N(C1CCC(=O)NC1=O)C2=O
GVOFKFUVWFBDKE,P15056,Q96SW2,0,0.10801957547664642,0,1100.2159999999994,4.579300000000006,265.68999999999994,CCCS(=O)(=O)NC1=CC=C(F)C(N2C=C(C3=CN=CN=C3)C3=NC(N(C)C4CCN(C(=O)CCC(=O)NCCCOCCOCCOCCCNC5=CC=CC6=C5C(=O)N(C5CCC(=O)NC5=O)C6=O)CC4)=CC=C32)=C1F
GXDYWQXTEYENEU,Q16539,P40337,0,0.7601916790008545,1,1120.2859999999987,8.884720000000003,228.87,COC1=CC2=C(OC3=CC=C(NC(=O)C4(C(=O)NC5=CC=C(F)C=C5)CC4)C=C3F)C=CN=C2C=C1OCCCCOCCCCOCC(=O)N[C@H](C(=O)N1C[C@H](O)C[C@H]1C(=O)NCC1=CC=C(C2=C(C)N=CS2)C=C1)C(C)(C)C
GXUBCAYGWJGCKT,P10275,Q96SW2,0,0.8056004643440247,1,764.283,4.133780000000003,155.39,N#CC1=CC=C(O[C@H]2CC[C@H](NC(=O)C3=CC=C(N4CCC(N5CCN(C6=CC=C7C(=O)N(C8CCC(=O)NC8=O)C(=O)C7=C6)CC5)CC4)C=C3)C2)C=C1Cl
HAHDZDUOFHMMEA,P14174,Q96SW2,0,0.0418832041323185,0,653.6920000000002,4.703600000000004,174.45,O=C1CCC(N2C(=O)C3=CC=CC(NCCCCCCCC(=O)NC4=CC=C(N5CC6=CC=C(O)C=C6OC5=O)C=C4)=C3C2=O)C(=O)N1
HBHSDSLZXDASLT,P61964,P40337,1,0.315963476896286,0,1030.159,6.512720000000006,209.17,CC1=C(C2=CC=C([C@H](C)NC(=O)[C@@H]3C[C@@H](O)CN3C(=O)[C@@H](NC(=O)CNC(=O)C3=CC=C(F)C(C4=CC=C(N5C[C@H](C)N(C)[C@H](C)C5)C(NC(=O)C5=C[NH]C(=O)C=C5C(F)(F)F)=C4)=C3)C(C)(C)C)C=C2)SC=N1
HIEUPGKCAGGMLO,Q06187,Q96SW2,1,0.5582209825515747,1,932.935,3.654900000000006,258.2,NC(=O)C1=C(N)N([C@@H]2CCCN(C(=O)OCCOCCOCCOCCOCCNC3=CC=CC4=C3C(=O)N(C3CCC(=O)NC3=O)C4=O)C2)N=C1C1=CC=C(OC2=CC=C(F)C=C2F)C=C1
HKHMBOOYLKOYAW,Q9UBN7,Q96SW2,1,0.9697701334953308,1,765.828,3.7562000000000015,217.19,CCCCN(CC1=CC=C(C(=O)NO)C=C1)C(=O)NC1=CC=C(OCCN2C=C(CCCNC3=CC=CC4=C3C(=O)N(C3CCC(=O)NC3=O)C4=O)N=N2)C=C1
HPBWDZVXFSTVMR,P09874,Q96SW2,1,0.9020231366157532,1,876.9869999999996,4.467900000000003,211.05,O=C(CCCCCCCCCCC(=O)N1CCN(C(=O)C2=CC(CC3=N[NH]C(=O)C4=CC=CC=C34)=CC=C2F)CC1)NCCNC1=CC=CC2=C1C(=O)N(C1CCC(=O)NC1=O)C2=O
HTGWWWOBPGTSLC,P10275,P40337,0,0.07624007761478424,0,972.631,6.951700000000009,186.66000000000005,CC1=C(C2=CC=C(CNC(=O)[C@@H]3C[C@@H](O)CN3C(=O)[C@@H](NC(=O)COCCCOCCCCOC3=CC=C(N4C(=S)N(C5=CC=C(C#N)C(Cl)=C5)C(=O)C4(C)C)C=C3)C(C)(C)C)C=C2)SC=N1
HTWBTPRKNVRYHW,Q9NWZ3,Q96SW2,0,0.03159269690513611,0,830.9029999999999,2.89388,246.61,CC(C)NC1=CC(N2C=CC3=CC(C#N)=CN=C32)=NC=C1C(=O)N[C@H]1CC[C@H](C(=O)NCCCCNC(=O)COC2=CC=CC3=C2C(=O)N(C2CCC(=O)NC2=O)C3=O)CC1
HTWXOMYINZDUGN,Q06187,Q96SW2,1,0.41581496596336365,0,936.423,5.220000000000004,244.3,O=C1CCC(N2C(=O)C3=CC=CC(NCCOCCOCCOCCNC(=O)N[C@H]4CC[C@@H](NC5=NC=NC6=C5C(C(=O)C5=CC=C(OC7=CC=CC=C7)C=C5Cl)=C[NH]6)CC4)=C3C2=O)C(=O)N1
HVIFXYXSTAVNJM,P10275,P40337,0,0.023553064092993736,0,1024.173,7.45620000000001,186.66000000000005,CC1=C(C2=CC=C(CNC(=O)[C@@H]3C[C@@H](O)CN3C(=O)[C@@H](NC(=O)COCCCOCCCCOC3=CC=C(N4C(=S)N(C5=CC=C(C#N)C(C(F)(F)F)=C5)C(=O)C4(C)C)C=C3F)C(C)(C)C)C=C2)SC=N1
IACCNUDTPQOEHL,P10275,P40337,0,0.10307449102401733,0,1082.281,8.984100000000005,186.66000000000005,CC1=C(C2=CC=C(CNC(=O)[C@@H]3C[C@@H](O)CN3C(=O)[C@@H](NC(=O)COCCCOCCCCOC3=CC=C(C4=CC=C(N5C(=S)N(C6=CC=C(C#N)C(C(F)(F)F)=C6)C(=O)C5(C)C)C=C4)C=C3)C(C)(C)C)C=C2)SC=N1
IDIGRNKYBBGIKH,Q06187,Q96SW2,1,0.7097727060317993,1,888.8820000000001,3.638300000000005,248.97,NC(=O)C1=C(N)N([C@@H]2CCCN(C(=O)OCCOCCOCCOCCNC3=CC=CC4=C3C(=O)N(C3CCC(=O)NC3=O)C4=O)C2)N=C1C1=CC=C(OC2=CC=C(F)C=C2F)C=C1
IEXUFNUFUSSKQI,O60885,Q9UK73,0,0.020954983308911324,0,804.8050000000001,5.9768400000000055,157.83999999999995,CC1=C(C)C2=C(S1)N1C(C)=NN=C1[C@H](CC(=O)NCCCCCNC(=O)CN1CCOC3=CC(N(CCC#N)C(=O)CCl)=CC=C31)N=C2C1=CC=C(Cl)C=C1
IFCKDGNCNVHZTM,P10275,Q96SW2,0,0.1775323748588562,0,750.256,3.743680000000003,155.39,N#CC1=CC=C(O[C@H]2CC[C@H](NC(=O)C3=CC=C(N4CCN(C5CN(C6=CC=C7C(=O)N(C8CCC(=O)NC8=O)C(=O)C7=C6)C5)CC4)C=C3)CC2)C=C1Cl
IIJORMBEWMYDEN,P11474,P40337,0,0.1883150190114975,0,949.043,7.062000000000007,200.48999999999995,COC1=CC(/C=C2\SC(=O)N(CCOCCC(=O)N[C@H](C(=O)N3C[C@H](O)C[C@H]3C(=O)NCC3=CC=C(C4=C(C)N=CS4)C=C3)C(C)(C)C)C2=O)=CC=C1OC1=CC=C(C#N)C=C1C(F)(F)F
IJOXNAXACYQBRL,P33981,Q96SW2,0,0.30971547961235046,0,855.9969999999996,4.493620000000003,188.17,CCC(=O)N[C@H]1CC[C@@H](N2C(=O)C=C(C)C3=CN=C(NC4=CC=C(N5CCN(C(=O)CCCC#CC6=CC=C7CN(C8CCC(=O)NC8=O)C(=O)C7=C6)CC5)C=C4OC)N=C32)CC1
ILIHAEQFLUWMRH,P33981,Q96SW2,0,0.6453689932823181,1,855.9969999999996,4.493620000000003,188.17,CCC(=O)N[C@H]1CC[C@@H](N2C(=O)C=C(C)C3=CN=C(NC4=CC=C(N5CCN(C(=O)CCCC#CC6=CC=CC7=C6CN(C6CCC(=O)NC6=O)C7=O)CC5)C=C4OC)N=C32)CC1
ILQRGGWQVGLOSJ,P33981,Q96SW2,1,0.9975398182868958,1,912.1049999999996,6.054020000000007,188.17,CCC(=O)N[C@H]1CC[C@@H](N2C(=O)C=C(C)C3=CN=C(NC4=CC=C(N5CCN(C(=O)CCCCCCCC#CC6=CC=C7CN(C8CCC(=O)NC8=O)C(=O)C7=C6)CC5)C=C4OC)N=C32)CC1
IOIPLMHHWKGICH,P10275,Q96SW2,1,0.9985961318016052,1,752.272,4.357080000000004,164.17999999999998,N#CC1=CC=C(O[C@H]2CC[C@H](NC(=O)C3=CC=C(N4CCN(CCCNC5=CC=C6C(=O)N(C7CCC(=O)NC7=O)C(=O)C6=C5)CC4)C=C3)CC2)C=C1Cl
IPNTVOAQOGRLQB,O60885,Q00987,1,0.1880771368741989,0,1173.6119999999994,10.339739999999995,203.11,COC1=CC(C(=O)NCCOCCOCCOCCNC(=O)C[C@@H]2N=C(C3=CC=C(Cl)C=C3)C3=C(SC(C)=C3C)N3C(C)=NN=C23)=CC=C1NC(=O)[C@@H]1N[C@@H](CC(C)(C)C)[C@](C#N)(C2=CC=C(Cl)C=C2F)[C@H]1C1=CC=CC(Cl)=C1F
IRDHCECVXOCRLY,P10275,Q96SW2,0,0.983575701713562,1,777.3259999999999,4.556980000000004,158.18999999999997,N#CC1=CC=C(N[C@H]2CC[C@H](NC(=O)C3=CC=C(N4CCC(N5CCN(C6=CC=C7C(=O)N(C8CCC(=O)NC8=O)C(=O)C7=C6)CC5)CC4)C=C3)CC2)C=C1Cl
ITIRIVDRAPMHII,P51617,P40337,1,0.8948506116867065,1,892.0959999999998,5.9085200000000055,204.0,COC1=CC(N2CC[C@@H](OCC(=O)N[C@H](C(=O)N3C[C@H](O)C[C@H]3C(=O)N[C@@H](C)C3=CC=C(C4=C(C)N=CS4)C=C3)C(C)(C)C)C[C@@H]2C)=CC=C1NC(=O)C1=CC=CC(C2=CC=N[NH]2)=N1
IVAWBGJHAWQINS,O60885,P40337,0,0.2739951014518738,0,1083.7389999999996,5.388380000000008,242.19999999999996,CC1=C(C2=CC=C(CNC(=O)[C@@H]3C[C@@H](O)CN3C(=O)[C@@H](NC(=O)COCCOCCOCC3=CN(CCNC(=O)C[C@@H]4N=C(C5=CC=C(Cl)C=C5)C5=C(SC(C)=C5C)N5C(C)=NN=C45)N=N3)C(C)(C)C)C=C2)SC=N1
IVICRPGKKOLGDE,Q06187,Q96SW2,0,0.1750411093235016,0,897.3419999999995,3.7424000000000017,241.5,O=C(CNC1=NC=NC2=C1C(C(=O)C1=CC=C(OC3=CC=CC=C3)C=C1Cl)=C[NH]2)NCCOCCOCCOCCOCCNC1=CC=CC2=C1C(=O)N(C1CCC(=O)NC1=O)C2=O
JAJUSXSEHHKCEK,P10275,P40337,0,0.16452573239803314,0,1004.142,7.54230000000001,203.73,CC1=C(C2=CC=C(CNC(=O)[C@@H]3C[C@@H](O)CN3C(=O)[C@@H](NC(=O)COCCCOCCCCCOC3=CC=C(N4C(=O)N(C5=CC=C(C#N)C(C(F)(F)F)=C5)C(=O)C4(C)C)C=C3)C(C)(C)C)C=C2)SC=N1
JGQPZPLJOBHHBK,O60885,Q96SW2,1,0.48260658979415894,0,841.3910000000001,5.242860000000004,194.05,CC1=C(C)C2=C(S1)N1C(C)=NN=C1[C@H](CC(=O)NCCCCCCCCNC(=O)COC1=CC=CC3=C1C(=O)N(C1CCC(=O)NC1=O)C3=O)N=C2C1=CC=C(Cl)C=C1
JJEBSGCXKQODDX,Q06187,Q96SW2,1,0.5228575468063354,1,843.942,5.138200000000003,213.2,NC1=NC=NC2=C1C(C1=CC=C(OC3=CC=CC=C3)C=C1)=NN2C1CCN(CCCCOCCCCOCC(=O)NC2=CC=CC3=C2C(=O)N(C2CCC(=O)NC2=O)C3=O)CC1
JJODRHXPKVBYEY,Q96SW2,P40337,0,0.2126663774251938,0,876.002,1.790520000000006,234.9,CC1=C(C2=CC=C(CNC(=O)[C@@H]3C[C@@H](O)CN3C(=O)[C@@H](NC(=O)COCCOCCOCCNC3=CC=CC4=C3C(=O)N(C3CCC(=O)NC3=O)C4=O)C(C)(C)C)C=C2)SC=N1
JLHRNNVFNFHLTO,Q06187,Q96SW2,0,0.28902938961982727,0,970.0529999999997,5.1981800000000025,252.65,N#C/C(=C/CCCCOCCOCCOCCOCCOC1=CC=CC2=C1C(=O)N(C1CCC(=O)NC1=O)C2=O)C(=O)N1CCC[C@@H](N2N=C(C3=CC=C(OC4=CC=CC=C4)C=C3)C3=C(N)N=CN=C32)C1
JQHNOZDZLLPAJF,O60885,P40337,1,0.9524110555648804,1,1150.2969999999996,5.717620000000006,267.48,CC1=C(C2=CC=C(CNC(=O)[C@@H]3C[C@@H](O)CN3C(=O)[C@@H](NC(=O)COCCC3=CC(O)=CC(OCCNC(=O)C4=CC5=C(C=C4CS(C)(=O)=O)C4=CN(C)C(=O)C6=C4C(=C[NH]6)CN5C4=NC=C(F)C=C4F)=C3)C(C)(C)C)C=C2)SC=N1
JQIURFOHEWHROK,Q06187,P40337,0,0.23619309067726135,0,1029.1899999999996,5.013220000000006,255.54999999999995,C=CC(=O)N1C[C@@H](N2N=C(C3=CC=C(OC4=CC=CC=C4)C=C3)C3=C(N)N=CN=C32)C[C@H]1C(=O)OCCOCCOCC(=O)N[C@H](C(=O)N1C[C@H](O)C[C@H]1C(=O)NCC1=CC=C(C2=C(C)N=CS2)C=C1)C(C)(C)C
JQTRUKZGCBXQDD,P10275,P40337,0,0.2704108953475952,0,968.662,8.224500000000008,195.01,CC1=C(C2=CC=C([C@H](C)NC(=O)[C@@H]3C[C@@H](O)CN3C(=O)[C@@H](NC(=O)COCCCCCNC3=CC=C(C(=O)N[C@H]4C(C)(C)[C@H](OC5=CC=C(C#N)C(Cl)=C5)C4(C)C)C=C3)C(C)(C)C)C=C2)SC=N1
JSCBAQVBPQZYHJ,O60885,P40337,0,0.5333927273750305,1,1175.4699999999991,5.92348000000001,282.6499999999999,CC1=C(C2=CC=C(CNC(=O)[C@@H]3C[C@@H](O)CN3C(=O)[C@@H](NC(=O)CCC3=CC(N)=CC(CCOCCOCC#CC4=CC=C(C5=N[C@@H](CC(=O)NCCS(=O)(=O)O)C6=NN=C(C)N6C6=C5C(C)=C(C)S6)C=C4)=C3)C(C)(C)C)C=C2)SC=N1
JWNZXWGMBRXMPK,P11802,Q96SW2,1,0.6925199031829834,1,891.9869999999995,2.3409200000000023,239.39,CC(=O)C1=C(C)C2=CN=C(NC3=CC=C(N4CCN(CCOCCOCCNC(=O)CNC5=CC=CC6=C5C(=O)N(C5CCC(=O)NC5=O)C6=O)CC4)C=N3)N=C2N(C2CCCC2)C1=O
KCRCMDOSXFUJPF,Q06187,Q96SW2,1,0.655472993850708,1,774.835,4.018100000000002,193.33,NC1=NC=NC2=C1C(C1=CC=C(OC3=CC=CC=C3)C=C1)=NN2C1CCN(CCOCCOCCOC2=CC=C3C(=O)N(C4CCC(=O)NC4=O)C(=O)C3=C2)CC1
KEXVSUAHVFYWJC,O60885,P40337,0,0.9709739685058594,1,995.6329999999996,5.355180000000007,223.73999999999995,CC1=C(C2=CC=C(CNC(=O)[C@@H]3C[C@@H](O)CN3C(=O)[C@@H](NC(=O)COCC3=CN(CCNC(=O)C[C@@H]4N=C(C5=CC=C(Cl)C=C5)C5=C(SC(C)=C5C)N5C(C)=NN=C45)N=N3)C(C)(C)C)C=C2)SC=N1
KKFAKGWHXAANIL,P51531,P40337,1,0.8827868700027466,1,934.1519999999996,5.808120000000006,199.37,CC1=C(C2=CC=C(CNC(=O)[C@@H]3C[C@@H](O)CN3C(=O)[C@@H](NC(=O)C3(F)CC3)C(C)(C)C)C(OCCCC3=CC=C(CN4CCN(C5=CC(C6=CC=CC=C6O)=NN=C5N)CC4)C=C3)=C2)SC=N1
KLUHWCISGKYNHH,P10275,Q96SW2,1,0.9463730454444885,1,739.2730000000003,6.207380000000006,169.73,N#CC1=CC=C(O[C@H]2CC[C@H](NC(=O)C3=CC=C(NCCCCCCCNC4=CC=C5C(=O)N(C6CCC(=O)NC6=O)C(=O)C5=C4)C=C3)CC2)C=C1Cl
KPYLNSRIYNAOJF,P10275,Q96SW2,0,0.2233271449804306,0,795.3810000000002,7.767780000000008,169.73,N#CC1=CC=C(O[C@H]2CC[C@H](NC(=O)C3=CC=C(NCCCCCCCCCCCNC4=CC=C5C(=O)N(C6CCC(=O)NC6=O)C(=O)C5=C4)C=C3)CC2)C=C1Cl
KQEMZZJSHJCPSI,P10415,P40337,1,0.7609257698059082,1,1641.523,12.100119999999988,263.54,CC1=C(C2=CC=C([C@H](C)NC(=O)[C@@H]3C[C@@H](O)CN3C(=O)[C@@H](NC(=O)CCCCCCC(=O)N3CCN(CC4(C)CCC(C5=CC=C(Cl)C=C5)=C(CN5CCN(C6=CC=C(C(=O)NS(=O)(=O)C7=CC=C(N[C@H](CCN8CCOCC8)CSC8=CC=CC=C8)C(S(=O)(=O)C(F)(F)F)=C7)C=C6)CC5)C4)CC3)C(C)(C)C)C=C2)SC=N1
KSDCGXPRMXBENQ,Q9NWZ3,Q96SW2,0,0.07183627039194107,0,749.7470000000003,4.204500000000003,157.21999999999997,COC1=CC2=NN(C3CCN(CCOCCOC4=CC=C5CN(C6CCC(=O)NC6=O)C(=O)C5=C4)CC3)C=C2C=C1NC(=O)C1=CC=CC(C(F)(F)F)=N1
KSXVXTSIDVRZBR,Q96SW2,P40337,1,0.3567568361759186,0,870.086,5.251620000000003,207.21,CC1=C(C2=CC=C(CNC(=O)[C@@H]3C[C@@H](O)CN3C(=O)[C@@H](NC(=O)CCCCCCCCCCNC3=CC=CC4=C3C(=O)N(C3CCC(=O)NC3=O)C4=O)C(C)(C)C)C=C2)SC=N1
KUCKATJPXILIRH,P10275,Q96SW2,0,0.2571125030517578,0,738.245,3.966980000000003,164.17999999999998,N#CC1=CC=C(O[C@H]2CC[C@H](NC(=O)C3=CC=C(N4CCN(CCNC5=CC=C6C(=O)N(C7CCC(=O)NC7=O)C(=O)C6=C5)CC4)C=C3)CC2)C=C1Cl
KVQKGBLSBLWZKE,Q07817,P40337,1,0.37580323219299316,0,1613.4689999999998,11.319919999999993,263.54,CC1=C(C2=CC=C([C@H](C)NC(=O)[C@@H]3C[C@@H](O)CN3C(=O)[C@@H](NC(=O)CCCCC(=O)N3CCN(CC4(C)CCC(C5=CC=C(Cl)C=C5)=C(CN5CCN(C6=CC=C(C(=O)NS(=O)(=O)C7=CC=C(N[C@H](CCN8CCOCC8)CSC8=CC=CC=C8)C(S(=O)(=O)C(F)(F)F)=C7)C=C6)CC5)C4)CC3)C(C)(C)C)C=C2)SC=N1
LCBLIBYLVHDHMI,Q16539,P40337,0,0.7397869229316711,1,1180.3409999999992,10.396619999999997,220.08,COC1=CC2=C(OC3=CC=C(NC(=O)C4(C(=O)NC5=CC=C(F)C=C5)CC4)C=C3F)C=CN=C2C=C1OCCCCOCCCCOC1=CC(C2=C(C)N=CS2)=CC=C1CNC(=O)[C@@H]1C[C@@H](O)CN1C(=O)[C@H](C(C)C)N1CC2=CC=CC=C2C1=O
LCTCXOPSLJEXKE,P00533,P40337,1,0.957206666469574,1,1070.3539999999996,7.568320000000008,217.2,CC1=C(C2=CC=C(CNC(=O)[C@@H]3C[C@@H](O)CN3C(=O)[C@@H](NC(=O)CCCCCCN3CCN(C4=CC=C(NC5=CC6=C(N7CCC(CO)CC7)N=C(NC7=CC=C(F)C=C7)N=C6C=N5)N=C4)CC3)C(C)(C)C)C=C2)SC=N1
LGAMKMQUDXCHFO,Q9NWZ3,Q96SW2,0,0.06384588778018951,0,883.9689999999997,6.187600000000007,166.41000000000005,O=C1CCC(N2C(=O)C3=CC=C(OC4CCC(CN5CCN(CC6=CC=C7N=C(NC(=O)C8=CC=CC(C(F)(F)F)=C8)N([C@H]8CC[C@@H](CO)CC8)C7=C6)CC5)CC4)C=C3C2=O)C(=O)N1
LHQBPRGJSOSPMT,P01116,P40337,0,0.11332597583532333,0,1162.8309999999997,6.7675000000000125,218.92,C=C(F)C(=O)N1CCN(C2=NC(OC[C@@H]3CCCN3CCOCCOCCC(=O)N[C@H](C(=O)N3C[C@H](O)C[C@H]3C(=O)NCC3=CC=C(C4=C(C)N=CS4)C=C3)C(C)(C)C)=NC3=C2CCN(C2=CC=CC4=CC=CC(Cl)=C24)C3)C[C@@H]1CC#N
LIAPRZHHMHGLCS,P10275,Q96SW2,1,0.9826942086219788,1,753.3000000000002,6.597480000000006,169.73,N#CC1=CC=C(O[C@H]2CC[C@H](NC(=O)C3=CC=C(NCCCCCCCCNC4=CC=C5C(=O)N(C6CCC(=O)NC6=O)C(=O)C5=C4)C=C3)CC2)C=C1Cl
LIRKMAWQWVEHBG,O60885,P40337,1,0.7963995337486267,1,1092.7859999999998,8.651680000000006,211.48999999999995,CC1=C(C2=CC=C(CNC(=O)[C@@H]3C[C@@H](O)CN3C(=O)[C@@H](NC(=O)COCCCCOCCCOC3=CC=C(NC(=O)C[C@@H]4N=C(C5=CC=C(Cl)C=C5)C5=C(SC(C)=C5C)N5C(C)=NN=C45)C=C3)C(C)(C)C)C=C2)SC=N1
LJQXZKRBYGZAEU,O60885,P40337,0,0.8327949047088623,1,1039.6859999999997,5.371780000000006,232.97,CC1=C(C2=CC=C(CNC(=O)[C@@H]3C[C@@H](O)CN3C(=O)[C@@H](NC(=O)COCCOCC3=CN(CCNC(=O)C[C@@H]4N=C(C5=CC=C(Cl)C=C5)C5=C(SC(C)=C5C)N5C(C)=NN=C45)N=N3)C(C)(C)C)C=C2)SC=N1
LOFIFWMXRZZLIL,P10275,Q96SW2,1,0.9615305662155151,1,777.3259999999998,4.048680000000003,149.4,CN(C1=CC=C(C#N)C(Cl)=C1)[C@H]1CC[C@H](NC(=O)C2=CC=C(N3CC(CN4CCN(C5=CC=C6C(=O)N(C7CCC(=O)NC7=O)C(=O)C6=C5)CC4)C3)C=C2)CC1
LOJJAKUNUJJOKC,Q07817,P40337,0,0.22662672400474548,0,1329.6309999999992,8.35982000000001,271.66,CC1=C(C2=CC=C(CNC(=O)[C@@H]3C[C@@H](O)CN3C(=O)[C@@H](NC(=O)CCOCCOCCOCCOCCOCCOCC#CC3=CC=C(OCCCC4=C(C(=O)O)N=C(N5CCC6=CC=CC(C(=O)NC7=NC8=CC=CC=C8S7)=C6C5)S4)C=C3)C(C)(C)C)C=C2)SC=N1
LOWACICYXXELEY,P10275,Q96SW2,0,0.07124007493257523,0,806.3639999999998,5.304080000000004,155.39,N#CC1=CC=C(O[C@H]2CCC[C@@H](NC(=O)C3=CC=C(N4CCC(N5CCN(C6=CC=C7C(=O)N(C8CCC(=O)NC8=O)C(=O)C7=C6)CC5)CC4)C=C3)CCC2)C=C1Cl
LPYXXDVKMQAWIP,P51531,P40337,1,0.9212863445281982,1,950.1509999999996,5.6444200000000055,208.6,CC1=C(C2=CC=C(CNC(=O)[C@@H]3C[C@@H](O)CN3C(=O)[C@@H](NC(=O)C3(F)CC3)C(C)(C)C)C(OCCCOC3=CC=C(CN4CCN(C5=CC(C6=CC=CC=C6O)=NN=C5N)CC4)C=C3)=C2)SC=N1
LSELSHXLKGXPPF,P25440,P40337,0,0.32137423753738403,0,1046.714,5.613280000000008,220.72,CC1=C(C2=CC=C(CNC(=O)[C@@H]3C[C@@H](O)CN3C(=O)[C@@H](NC(=O)COCCOCCOCCOCCNC(=O)C[C@@H]3N=C(C4=CC=C(Cl)C=C4)C4=C(SC(C)=C4C)N4C(C)=NN=C34)C(C)(C)C)C=C2)SC=N1
LUCHABJUYSYJAT,P10275,Q96SW2,1,0.9527357220649719,1,763.2989999999999,3.8010800000000025,149.4,CN(C1=CC=C(C#N)C(Cl)=C1)[C@H]1CC[C@H](NC(=O)C2=CC=C(N3CCN(C4CN(C5=CC=C6C(=O)N(C7CCC(=O)NC7=O)C(=O)C6=C5)C4)CC3)C=C2)CC1
LUPSPQQYVRGZLI,P33981,Q96SW2,1,0.8783648610115051,1,940.1589999999997,6.834220000000007,188.17,CCC(=O)N[C@H]1CC[C@@H](N2C(=O)C=C(C)C3=CN=C(NC4=CC=C(N5CCN(C(=O)CCCCCCCCCC#CC6=CC=CC7=C6CN(C6CCC(=O)NC6=O)C7=O)CC5)C=C4OC)N=C32)CC1
LVQCYBJKHQGJSR,Q16539,P40337,0,0.41043657064437866,0,1210.366999999999,10.023119999999995,229.31,COC1=CC2=C(OC3=CC=C(NC(=O)C4(C(=O)NC5=CC=C(F)C=C5)CC4)C=C3F)C=CN=C2C=C1OCCCOCCCOCCCOC1=CC(C2=C(C)N=CS2)=CC=C1CNC(=O)[C@@H]1C[C@@H](O)CN1C(=O)[C@H](C(C)C)N1CC2=CC=CC=C2C1=O
LWHJKWAUKAHIGC,P33981,Q96SW2,1,0.9023188948631287,1,855.9969999999996,4.493620000000003,188.17,CCC(=O)N[C@H]1CC[C@@H](N2C(=O)C=C(C)C3=CN=C(NC4=CC=C(N5CCN(C(=O)CCCC#CC6=CC=C7C(=O)N(C8CCC(=O)NC8=O)CC7=C6)CC5)C=C4OC)N=C32)CC1
LYUUIIZKBMBNQV,Q16539,P40337,0,0.6298697590827942,1,1168.2859999999994,8.852820000000005,229.31,COC1=CC2=C(OC3=CC=C(NC(=O)C4(C(=O)NC5=CC=C(F)C=C5)CC4)C=C3F)C=CN=C2C=C1OCCOCCOCCOC1=CC(C2=C(C)N=CS2)=CC=C1CNC(=O)[C@@H]1C[C@@H](O)CN1C(=O)[C@H](C(C)C)N1CC2=CC=CC=C2C1=O
MAECKIKUFSSWJT,Q06187,Q96SW2,0,0.372537225484848,0,844.8290000000002,3.621700000000004,239.74,NC(=O)C1=C(N)N([C@@H]2CCCN(C(=O)OCCOCCOCCNC3=CC=CC4=C3C(=O)N(C3CCC(=O)NC3=O)C4=O)C2)N=C1C1=CC=C(OC2=CC=C(F)C=C2F)C=C1
MBCAVOCJJAQHHT,P15056,P40337,1,0.9075537919998169,1,1010.2029999999996,6.253820000000006,210.03,CCCS(=O)(=O)NC1=CC=C(F)C(C(=O)C2=C[NH]C3=NC=C(C4=CC=C(N5CCN(CC(=O)N[C@H](C(=O)N6C[C@H](O)C[C@H]6C(=O)NCC6=CC=C(C7=C(C)N=CS7)C=C6)C(C)(C)C)CC5)C=C4)C=C23)=C1F
MCPFQJKJCFMAIH,P00533,P40337,1,0.5647614598274231,1,995.3119999999996,8.742120000000003,185.77,CC1=C(C2=CC=C(CNC(=O)[C@@H]3C[C@@H](O)CN3C(=O)[C@@H](NC(=O)CCCCCCN3CCN(C4=CC=C(NC5=NC=C6N=C(NC7=CC=CC=C7)N(C7CCCC7)C6=N5)C=C4)CC3)C(C)(C)C)C=C2)SC=N1
MHILTYZXXFOWJH,Q9UBN7,Q96SW2,0,0.5531115531921387,1,775.8200000000003,1.6997000000000018,244.77,O=C(CCCCCCC(=O)N/N=C/C1=CC=C(OCCOCCOCCN2C=C(CNC3=CC=CC4=C3C(=O)N(C3CCC(=O)NC3=O)C4=O)N=N2)C=C1)NO
MHRNVFQJUUXQIG,P51617,P40337,1,0.6965042948722839,1,878.0689999999997,5.520020000000005,204.0,COC1=CC(N2CCC(OCC(=O)N[C@H](C(=O)N3C[C@H](O)C[C@H]3C(=O)N[C@@H](C)C3=CC=C(C4=C(C)N=CS4)C=C3)C(C)(C)C)CC2)=CC=C1NC(=O)C1=CC=CC(C2=CC=N[NH]2)=N1
MTZBLTXMAXNSIO,P10275,P40337,0,0.19241563975811005,0,1020.21,7.70720000000001,186.66000000000005,CC1=C(C2=CC=C(CNC(=O)[C@@H]3C[C@@H](O)CN3C(=O)[C@@H](NC(=O)COCCCOCCCCCOC3=CC=C(N4C(=S)N(C5=CC=C(C#N)C(C(F)(F)F)=C5)C(=O)C4(C)C)C=C3)C(C)(C)C)C=C2)SC=N1
MVULIYLBRNHLEE,Q05397,P40337,1,0.9647510051727295,1,996.148,6.273420000000005,217.31,CC1=C(C2=CC=C(CNC(=O)[C@@H]3C[C@@H](O)CN3C(=O)[C@@H](NC(=O)CCOCCOC3=CC=C(NC4=NC=C(C(F)(F)F)C(NCC5=CC=CC(N(C)S(C)(=O)=O)=C5)=N4)C=C3)C(C)(C)C)C=C2)SC=N1
MVXHKLZUALKPTB,P00533,Q96SW2,0,0.08866185694932938,0,961.0899999999996,4.346100000000002,220.05,C=CC(=O)NC1=CC(NC2=NC=CC(C3=CN(C)C4=CC=CC=C34)=N2)=C(OC)C=C1N(C)CCN(C)CCOCCOCCOCCOCC(=O)NC1=CC=CC2=C1CN(C1CCC(=O)NC1=O)C2=O
MWQAAQOVPMFJQP,P51617,P40337,1,0.934294581413269,1,907.0669999999998,4.793220000000004,224.31,COC1=CC(N2CCN(C(=O)OCC(=O)N[C@H](C(=O)N3C[C@H](O)C[C@H]3C(=O)N[C@@H](C)C3=CC=C(C4=C(C)N=CS4)C=C3)C(C)(C)C)CC2)=CC=C1NC(=O)C1=CC=CC(C2=CC=N[NH]2)=N1
MXAKQOVZPDLCDK,Q9H8M2,P40337,0,0.25626587867736816,0,1041.257,4.890420000000005,199.15,COC1=CC(C2=CN(C)C(=O)C3=CN=CC=C23)=CC(OC)=C1CN1CCN(CCOCCOCCOC2=CC(C3=C(C)N=CS3)=CC=C2CNC(=O)[C@@H]2C[C@@H](O)CN2C(=O)[C@@H](NC(=O)C2(F)CC2)C(C)(C)C)CC1
MXYBZGJJYHQKSU,O60885,P40337,1,0.824170708656311,1,1107.4419999999996,8.22858000000001,212.06999999999996,CC1=C(C2=CC=C(CNC(=O)[C@@H]3C[C@@H](O)CN3C(=O)[C@@H](NC(=O)CCC3=CC(N)=CC(CCOCCOCC#CC4=CC=C(C5=N[C@@H](CC6=NC=CS6)C6=NN=C(C)N6C6=C5C(C)=C(C)S6)C=C4)=C3)C(C)(C)C)C=C2)SC=N1
MYAUGYDOTJZSSR,P10275,Q96SW2,1,0.9253601431846619,1,818.3749999999995,5.135280000000006,146.6,COC1(CN2CC3=CC4=C(C=C3C2)C(=O)N(C2CCC(=O)NC2=O)C4=O)CCN(C(=O)C2=CC=C(N3CCC4(CC3)C[C@H](C)N(C3=CC=C(C#N)C(Cl)=C3)C4)C=C2)CC1
NAADBQUVFJWCFU,O15379,P40337,0,0.125953808426857,0,940.1959999999996,8.482520000000006,205.08000000000004,CC1=C(C2=CC=C(CNC(=O)[C@@H]3C[C@@H](O)CN3C(=O)[C@@H](NC(=O)C3(F)CC3)C(C)(C)C)C(OCCCCCCCCCCCC(=O)NC3=CC=C(C(=O)NC4=CC=CC=C4N)C=C3)=C2)SC=N1
NANCWGWHLCCPLL,Q96SW2,P40337,0,0.4687642455101013,0,928.122,4.334720000000004,233.51,CC1=C(C2=CC=C(CNC(=O)[C@@H]3C[C@@H](O)CN3C(=O)[C@@H](NC(=O)CCCCCCCCCCNC(=O)COC3=CC=CC4=C3C(=O)N(C3CCC(=O)NC3=O)C4=O)C(C)(C)C)C=C2)SC=N1
NEMQBDGIUBMFBU,P51617,P40337,1,0.5690511465072632,1,882.0319999999998,5.098120000000004,204.0,COC1=CC(N2CCC(OCC(=O)N[C@H](C(=O)N3C[C@H](O)C[C@H]3C(=O)NCC3=CC=C(C4=C(C)N=CS4)C=C3F)C(C)(C)C)CC2)=CC=C1NC(=O)C1=CC=CC(C2=CC=N[NH]2)=N1
NICKHWYZMNLEPJ,P00533,P40337,1,0.9202030897140503,1,934.532,7.387920000000008,186.36,COC1=CC2=NC=NC(NC3=CC=C(F)C(Cl)=C3)=C2C=C1OCCCCCOCCOCCC(=O)N[C@H](C(=O)N1C[C@H](O)C[C@H]1C(=O)NCC1=CC=C(C2=C(C)N=CS2)C=C1)C(C)(C)C
NOGGUZVPDPKPMG,Q9NWZ3,Q96SW2,0,0.05295497551560402,0,844.93,3.283980000000001,246.61,CC(C)NC1=CC(N2C=CC3=CC(C#N)=CN=C32)=NC=C1C(=O)N[C@H]1CC[C@H](C(=O)NCCCCCNC(=O)COC2=CC=CC3=C2C(=O)N(C2CCC(=O)NC2=O)C3=O)CC1
NONAQRYFKJIZQD,Q96SW2,P40337,0,0.3269712030887604,0,813.978,3.691220000000001,207.21,CC1=C(C2=CC=C(CNC(=O)[C@@H]3C[C@@H](O)CN3C(=O)[C@@H](NC(=O)CCCCCCNC3=CC=CC4=C3C(=O)N(C3CCC(=O)NC3=O)C4=O)C(C)(C)C)C=C2)SC=N1
OAEOAAWVWTZNON,P00533,P40337,0,0.07403009384870529,0,1009.3389999999996,9.132220000000002,185.77,CC1=C(C2=CC=C(CNC(=O)[C@@H]3C[C@@H](O)CN3C(=O)[C@@H](NC(=O)CCCCCCCN3CCN(C4=CC=C(NC5=NC=C6N=C(NC7=CC=CC=C7)N(C7CCCC7)C6=N5)C=C4)CC3)C(C)(C)C)C=C2)SC=N1
OEMAZTSGRNBCPF,P33981,Q96SW2,1,0.5494049787521362,1,912.1049999999996,6.054020000000007,188.17,CCC(=O)N[C@H]1CC[C@@H](N2C(=O)C=C(C)C3=CN=C(NC4=CC=C(N5CCN(C(=O)CCCCCCCC#CC6=CC=CC7=C6CN(C6CCC(=O)NC6=O)C7=O)CC5)C=C4OC)N=C32)CC1
OGAOHACYLUBWJQ,Q9UM73,Q96SW2,0,0.11164815723896027,0,789.9809999999997,5.651580000000005,132.85,CCC1=CC2=C(C=C1N1CCC(N3CCN(CCCC#CC4=CC=CC5=C4CN(C4CCC(=O)NC4=O)C5=O)CC3)CC1)C(C)(C)C1=C(C2=O)C2=CC=C(C#N)C=C2[NH]1
OHIHMSVOYVOFIW,P10275,Q96SW2,0,0.047734349966049194,0,823.847,4.762380000000004,159.97,CC1(C)C(=O)N(C2=CC=C(C#N)C(C(F)(F)F)=C2)C(=S)N1C1=CC=C(OCCOCCOCCOCCOC2=CC=CC3=C2CN([C@H]2CCC(=O)NC2=O)C3=O)C=C1
OIAOFDRZXBDDRR,Q06187,Q96SW2,1,0.843734085559845,1,1024.5289999999998,5.253200000000006,262.75999999999993,O=C1CCC(N2C(=O)C3=CC=CC(NCCOCCOCCOCCOCCOCCNC(=O)N[C@H]4CC[C@@H](NC5=NC=NC6=C5C(C(=O)C5=CC=C(OC7=CC=CC=C7)C=C5Cl)=C[NH]6)CC4)=C3C2=O)C(=O)N1
OLRLOHZCSMMOCS,Q9NWZ3,Q96SW2,0,0.07402825355529785,0,890.9549999999998,2.146880000000003,265.06999999999994,CC(C)NC1=CC(N2C=CC3=CC(C#N)=CN=C32)=NC=C1C(=O)N[C@H]1CC[C@H](C(=O)NCCOCCOCCNC(=O)COC2=CC=CC3=C2C(=O)N(C2CCC(=O)NC2=O)C3=O)CC1
OURGGRRMESLKOS,P15056,Q96SW2,0,0.18691398203372955,0,1026.1329999999991,4.608800000000004,216.72,CCCS(=O)(=O)NC1=CC=C(F)C(N2C=C(C3=CN=CN=C3)C3=NC(N(C)C4CCN(C(=O)CCOCCOCCOCCOCC#CC5=CC=CC6=C5CN(C5CCC(=O)NC5=O)C6=O)CC4)=CC=C32)=C1F
OWEARFNXBBNNKR,Q07817,Q96SW2,1,0.9588966965675354,1,1484.1569999999997,8.763600000000006,284.18999999999994,CC1(C)CCC(C2=CC=C(Cl)C=C2)=C(CN2CCN(C3=CC=C(C(=O)NS(=O)(=O)C4=CC=C(N[C@H](CCN5CCN(C(=O)CCCN6C=C(COCCOCCNC7=CC=CC8=C7C(=O)N(C7CCC(=O)NC7=O)C8=O)N=N6)CC5)CSC5=CC=CC=C5)C(S(=O)(=O)C(F)(F)F)=C4)C=C3)CC2)C1
OWYXKRGXEAHYMU,O43924,Q96SW2,1,0.8244181871414185,1,1134.7719999999997,4.973500000000009,248.39,O=C1CCC(N2C(=O)C3=CC=CC(NCCOCCOCCOCCOCCNC(=O)C4=CC=C(CN(CC5CCNCC5)S(=O)(=O)C5=CC=C(S(=O)(=O)N(CC6=CC=C(Cl)C=C6)C6CCCC6)C=C5)C=C4)=C3C2=O)C(=O)N1
PCQKARKEVDFIEV,Q03111,Q96SW2,0,0.10164020210504532,0,729.8420000000002,5.222900000000003,174.42,C[C@H]1CCCN1CC1=NC2=CC=C(NC(=O)C3=CC=C4C(=C3)C=NN4CCCCCCNC3=CC=CC4=C3C(=O)N(C3CCC(=O)NC3=O)C4=O)C=C2[NH]1
PCRYOGWRHSLIEZ,Q16539,P40337,1,0.8469560742378235,1,1092.231999999999,8.104520000000008,228.87,COC1=CC2=C(OC3=CC=C(NC(=O)C4(C(=O)NC5=CC=C(F)C=C5)CC4)C=C3F)C=CN=C2C=C1OCCCOCCOCCC(=O)N[C@H](C(=O)N1C[C@H](O)C[C@H]1C(=O)NCC1=CC=C(C2=C(C)N=CS2)C=C1)C(C)(C)C
PDQGUWCWGITGBA,Q06187,Q96SW2,1,0.7089768052101135,1,946.962,3.061500000000008,258.2,NC(=O)C1=C(N)N([C@@H]2CCCN(C(=O)COCCOCCOCCOCCOCCNC3=CC=CC4=C3C(=O)N(C3CCC(=O)NC3=O)C4=O)C2)N=C1C1=CC=C(OC2=CC=C(F)C=C2F)C=C1
PEZCAXDTKNFUCR,Q96SW2,P40337,0,0.09811458736658096,0,1061.2689999999998,3.2639200000000104,273.23,CC1=C(C2=CC=C(CNC(=O)[C@@H]3C[C@@H](O)CN3C(=O)[C@@H](NC(=O)COCCCCCOCCOCCCCCOCC(=O)NCCNC3=CC=CC4=C3C(=O)N(C3CCC(=O)NC3=O)C4=O)C(C)(C)C)C=C2)SC=N1
PHBHADRVFSMQAN,P15056,Q96SW2,1,0.8560171723365784,1,1133.2419999999993,4.342600000000008,264.28,CCCS(=O)(=O)NC1=CC=C(F)C(N2C=C(C3=CN=CN=C3)C3=NC(N(C)C4CCN(C(=O)CCOCCOCCOCCOCCOCCOCCNC5=CC=CC6=C5C(=O)N(C5CCC(=O)NC5=O)C6=O)CC4)=CC=C32)=C1F
PMTYRQFZOZEPEI,P10275,Q96SW2,0,0.802471399307251,1,917.9669999999996,6.458280000000009,163.67,CC1(C)C(=O)N(C2=CC=C(C#N)C(C(F)(F)F)=C2)C(=S)N1C1=CC=C(C2=CC=C(O[C@@H]3CCN(C(=O)C4CCN(C5=CC=C6C(=O)N(C7CCC(=O)NC7=O)C(=O)C6=C5)CC4)C3)C=C2)C=C1
PMXVLCRRMGVGJX,P03372,P40337,1,0.832935631275177,1,975.188,7.963420000000009,158.35000000000002,CC1=C(C2=CC=C(CNC(=O)[C@@H]3C[C@@H](O)CN3C(=O)[C@@H](NC(=O)COCCCOCCCOC3=CC(F)=C([C@@H]4C5=C(C[C@@H](C)N4CC(C)(C)F)C4=CC=CC=C4[NH]5)C(F)=C3)C(C)(C)C)C=C2)SC=N1
PPNNFXIBKLCMTI,O75530,P40337,0,0.03806355968117714,0,832.9879999999999,4.747420000000004,208.98,CC1=C(C2=CC=C(CNC(=O)[C@@H]3C[C@@H](O)CN3C(=O)[C@@H](NC(=O)CCCNC(=O)C3=CC=C(C4=CN=C(NCC5=CC=CO5)N5C=NN=C45)C=C3)C(C)(C)C)C=C2)SC=N1
PTAMRJLIOCHJMQ,P25440,P40337,1,0.4328814744949341,0,1002.6609999999996,5.596680000000007,211.48999999999995,CC1=C(C2=CC=C(CNC(=O)[C@@H]3C[C@@H](O)CN3C(=O)[C@@H](NC(=O)COCCOCCOCCNC(=O)C[C@@H]3N=C(C4=CC=C(Cl)C=C4)C4=C(SC(C)=C4C)N4C(C)=NN=C34)C(C)(C)C)C=C2)SC=N1
PVBBNEIMTQFCAP,Q06187,Q96SW2,0,0.2611702084541321,0,972.0249999999996,4.044480000000003,261.88,N#C/C(=C/COCCOCCOCCOCCOCCOC1=CC=CC2=C1C(=O)N(C1CCC(=O)NC1=O)C2=O)C(=O)N1CCC[C@@H](N2N=C(C3=CC=C(OC4=CC=CC=C4)C=C3)C3=C(N)N=CN=C32)C1
PVLXFMAKABZOPF,Q9Y616,Q96SW2,0,0.1468360871076584,0,864.0649999999995,2.9622000000000046,176.11,CC(C)C1=C2C(N[C@H]3CC[C@@H](N4CCN(C(=O)CCC(=O)N5CCC(CN6CCN(C7=CC=C8C(=O)N(C9CCC(=O)NC9=O)C(=O)C8=C7)CC6)CC5)CC4)CC3)=NC=NN2C=C1
PWCLOPMRUGHLET,P51617,P40337,1,0.5910472273826599,1,864.0419999999998,4.959020000000004,204.0,COC1=CC(N2CCC(OCC(=O)N[C@H](C(=O)N3C[C@H](O)C[C@H]3C(=O)NCC3=CC=C(C4=C(C)N=CS4)C=C3)C(C)(C)C)CC2)=CC=C1NC(=O)C1=CC=CC(C2=CC=N[NH]2)=N1
PXVFFBGSTYQHRO,Q07817,P40337,0,0.763976514339447,1,1542.3899999999996,12.397719999999987,251.07,CC1=C(C2=CC=C([C@H](C)NC(=O)[C@@H]3C[C@@H](O)CN3C(=O)[C@@H](NC(=O)CCCCCC(=O)N3CCN(CC[C@H](CSC4=CC=CC=C4)NC4=CC=C(S(=O)(=O)NC(=O)C5=CC=C(N6CCN(CC7=C(C8=CC=C(Cl)C=C8)CCC(C)(C)C7)CC6)C=C5)C=C4S(=O)(=O)C(F)(F)F)CC3)C(C)(C)C)C=C2)SC=N1
PZNXLFVCWNTMGE,Q06187,Q96SW2,1,0.8879492282867432,1,902.909,3.044900000000005,248.97,NC(=O)C1=C(N)N([C@@H]2CCCN(C(=O)COCCOCCOCCOCCNC3=CC=CC4=C3C(=O)N(C3CCC(=O)NC3=O)C4=O)C2)N=C1C1=CC=C(OC2=CC=C(F)C=C2F)C=C1
QANLZMZKZIPVPD,O15379,P40337,0,0.05251321941614151,0,854.0870000000001,6.447920000000005,205.08000000000004,CC1=C(C2=CC=C(CNC(=O)[C@@H]3C[C@@H](O)CN3C(=O)[C@@H](NC(=O)CCCCCCCCOCC(=O)NC3=CC=C(C(=O)NC4=CC=CC=C4N)C=C3)C(C)(C)C)C=C2)SC=N1
QCDUJVGYYULYRO,P03372,P40337,0,0.6557987928390503,1,1009.22,9.496720000000002,212.01,CC1=C(C2=CC=C([C@H](C)NC(=O)[C@@H]3C[C@@H](O)CN3C(=O)[C@@H](NC(=O)CCCOC3=CC=C(/C=N/NC(=O)C4=CC=C(OC5=C(C6=CC=C(O)C=C6)SC6=CC(O)=CC=C56)C=C4)C=C3)C(C)(C)C)C=C2)SC=N1
QCULBRPVCWJUKY,P51531,P40337,0,0.584834635257721,1,918.1059999999994,3.708520000000004,217.83000000000004,CC1=C(C2=CC=C(CNC(=O)[C@@H]3C[C@@H](O)CN3C(=O)[C@@H](NC(=O)C3(F)CC3)C(C)(C)C)C(OCCOCCOCCN3CCN(C4=CC(C5=CC=CC=C5O)=NN=C4N)CC3)=C2)SC=N1
QEDFXQXPBXHVGU,P33981,Q96SW2,0,0.2520384192466736,0,884.0509999999997,5.273820000000004,188.17,CCC(=O)N[C@H]1CC[C@@H](N2C(=O)C=C(C)C3=CN=C(NC4=CC=C(N5CCN(C(=O)CCCCCC#CC6=CC=CC7=C6CN(C6CCC(=O)NC6=O)C7=O)CC5)C=C4OC)N=C32)CC1
QFBDIBRAVHTJHW,P10275,Q96SW2,0,0.07351165264844894,0,766.2990000000001,4.747180000000004,164.17999999999998,N#CC1=CC=C(O[C@H]2CC[C@H](NC(=O)C3=CC=C(N4CCN(CCCCNC5=CC=C6C(=O)N(C7CCC(=O)NC7=O)C(=O)C6=C5)CC4)C=C3)CC2)C=C1Cl
QJBZJBJONOIDIV,O60885,P40337,1,0.7146741151809692,1,1195.4700000000005,8.015620000000007,250.04999999999995,CC1=C(C2=CC=C(CNC(=O)[C@@H]3C[C@@H](O)CN3C(=O)[C@@H](NC(=O)CCCCCCCCCCNC(=O)C3=CC4=C(C=C3CS(C)(=O)=O)C3=CN(C)C(=O)C5=C3C(=C[NH]5)CN4C3=NC=C(F)C=C3F)C(C)(C)C)C(OC3CCNCC3)=C2)SC=N1
QJZSKXPDZKWNIF,Q06187,Q96SW2,1,0.35452696681022644,0,980.476,5.236600000000004,253.52999999999997,O=C1CCC(N2C(=O)C3=CC=CC(NCCOCCOCCOCCOCCNC(=O)N[C@H]4CC[C@@H](NC5=NC=NC6=C5C(C(=O)C5=CC=C(OC7=CC=CC=C7)C=C5Cl)=C[NH]6)CC4)=C3C2=O)C(=O)N1
QJZUVOHJKPMREF,P10275,Q96SW2,1,0.9855271577835083,1,792.3369999999999,4.771480000000004,155.39,N#CC1=CC=C(O[C@H]2CC[C@H](NC(=O)C3=CC=C(N4CCN(CC5CCN(C6=CC=C7C(=O)N(C8CCC(=O)NC8=O)C(=O)C7=C6)CC5)CC4)C=C3)CC2)C=C1Cl
QKBCJYTUWJPJPK,P33981,Q96SW2,0,0.8499933481216431,1,884.0509999999997,5.273820000000004,188.17,CCC(=O)N[C@H]1CC[C@@H](N2C(=O)C=C(C)C3=CN=C(NC4=CC=C(N5CCN(C(=O)CCCCCC#CC6=CC=CC7=C6C(=O)N(C6CCC(=O)NC6=O)C7)CC5)C=C4OC)N=C32)CC1
QLLXPSZTCLBVQY,Q9UBN7,P40337,1,0.9505862593650818,1,1091.4339999999995,9.77502,233.23999999999995,CCCCN(CC1=CC=C(C(=O)NO)C=C1)C(=O)NC1=CC=C(OCCCCCCCCCCCN2C=C(CCCCC(=O)N[C@H](C(=O)N3C[C@H](O)C[C@H]3C(=O)NCC3=CC=C(C4=C(C)N=CS4)C=C3)C(C)(C)C)N=N2)C=C1
QMBOIOPJFSHXPV,O60885,Q9UK73,0,0.06460246443748474,0,894.8829999999998,4.856340000000005,185.53000000000003,CC1=C(C)C2=C(S1)N1C(C)=NN=C1[C@H](CC(=O)NCCOCCOCCOCCNC(=O)CN1CCOC3=CC(N(CCC#N)C(=O)CCl)=CC=C31)N=C2C1=CC=C(Cl)C=C1
QRYUVTSBJUTMOL,P10275,P40337,0,0.02246103622019291,0,1007.171,6.712100000000008,199.55,CC1=C(C2=CC=C(CNC(=O)[C@@H]3C[C@@H](O)CN3C(=O)[C@@H](NC(=O)COCCCOCCCCOC3=CC=C(N4C(=S)N(C5=CN=C(C#N)C(C(F)(F)F)=C5)C(=O)C4(C)C)C=C3)C(C)(C)C)C=C2)SC=N1
QSJKPPVXARILLJ,P01116,P40337,0,0.17700321972370148,0,1145.8039999999996,6.240600000000012,229.56,C=C(F)C(=O)N1CCN(C2=NC(OC[C@@H]3CCCN3CCC(=O)NCCC(=O)N[C@H](C(=O)N3C[C@H](O)C[C@H]3C(=O)NCC3=CC=C(C4=C(C)N=CS4)C=C3)C(C)(C)C)=NC3=C2CCN(C2=CC=CC4=CC=CC(Cl)=C24)C3)C[C@@H]1CC#N
QSLUWEWRUWTRBT,Q06187,Q96SW2,1,0.933232307434082,1,947.0589999999996,5.528400000000004,228.86,NC1=NC=NC2=C1C(C1=CC=C(OC3=CC=CC=C3)C=C1)=NN2[C@@H]1CCCN(C(=O)CCCCCCOCCOCCOCCOCCOC2=CC=CC3=C2C(=O)N(C2CCC(=O)NC2=O)C3=O)C1
QVNLOGQWJMAEJT,O60885,Q9UK73,0,0.02039312571287155,0,806.7769999999999,4.823140000000004,167.07,CC1=C(C)C2=C(S1)N1C(C)=NN=C1[C@H](CC(=O)NCCOCCNC(=O)CN1CCOC3=CC(N(CCC#N)C(=O)CCl)=CC=C31)N=C2C1=CC=C(Cl)C=C1
QZQNVCJSORWNHR,Q05397,Q96SW2,1,0.882801353931427,1,1015.0340000000002,3.678600000000003,255.25,CN(C1=CC=CC(CNC2=NC(NC3=CC=C(OCCOCCOCCOCCOCCC(=O)NCCOC4=CC=CC5=C4C(=O)N(C4CCC(=O)NC4=O)C5=O)C=C3)=NC=C2C(F)(F)F)=C1)S(C)(=O)=O
QZSIUKWWOMOSBP,O60885,P40337,0,0.643765926361084,1,1201.3860000000002,4.554520000000008,277.73999999999995,CC1=C(C2=CC=C(CNC(=O)[C@@H]3C[C@@H](O)CN3C(=O)[C@@H](NC(=O)COCCOCCOCCNC(=O)C3=CC4=C(C=C3CS(C)(=O)=O)C3=CN(C)C(=O)C5=C3C(=C[NH]5)CN4C3=NC=C(F)C=C3F)C(C)(C)C)C(OC3CCNCC3)=C2)SC=N1
RACWFSYZHXHUJV,P10275,Q96SW2,0,0.23830485343933105,0,764.2829999999999,4.087480000000004,146.6,N#CC1=CC=C(OC2CCN(C(=O)C3=CC=C(N4CCC(N5CCN(C6=CC=C7C(=O)N(C8CCC(=O)NC8=O)C(=O)C7=C6)CC5)CC4)C=C3)CC2)C=C1Cl
RBUUUIFZYMVDPT,P00533,P40337,1,0.8284167051315308,1,1133.8369999999993,10.068919999999997,221.72,CC1=C(C2=CC=C(CNC(=O)[C@@H]3C[C@@H](O)CN3C(=O)[C@@H](NC(=O)CCCCCCCCCCN3C=C(COC4=CC5=NC=NC(NC6=CC=C(F)C(Cl)=C6)=C5C=C4NC(=O)/C=C/CN4CCCCC4)N=N3)C(C)(C)C)C=C2)SC=N1
RDTWXYREPJFRLJ,P10275,Q96SW2,0,0.11012174934148788,0,835.862,2.9326800000000013,200.53,CC(O)(CS(=O)(=O)C1=CC=C(N2CCN(C3CCN(C4=CC=C5C(=O)N(C6CCC(=O)NC6=O)C(=O)C5=C4)CC3)CC2)C=C1)C(=O)NC1=CC=C(C#N)C(C(F)(F)F)=C1
RFDZITCLUUJECZ,P33981,Q96SW2,1,0.9977228045463562,1,940.1589999999997,6.834220000000007,188.17,CCC(=O)N[C@H]1CC[C@@H](N2C(=O)C=C(C)C3=CN=C(NC4=CC=C(N5CCN(C(=O)CCCCCCCCCC#CC6=CC=CC7=C6C(=O)N(C6CCC(=O)NC6=O)C7)CC5)C=C4OC)N=C32)CC1
RGPUSLXMPBTXNU,P10275,P40337,1,0.9081777334213257,1,1095.8079999999993,9.255720000000004,194.23,CC1=NOC([C@H](C(=O)N2C[C@H](O)C[C@H]2C(=O)N[C@@H](CC(=O)N2CCC(N3CCC(C#CC4=CC=C(C(=O)N[C@H]5C(C)(C)[C@H](OC6=CC=C(C#N)C(Cl)=C6)C5(C)C)C=C4)CC3)CC2)C2=CC=C(C3=C(C)N=CS3)C=C2)C(C)C)=C1
RIBBYHBSLKRREX,P10275,Q96SW2,1,0.9401659369468689,1,780.326,5.137280000000004,164.17999999999998,N#CC1=CC=C(O[C@H]2CC[C@H](NC(=O)C3=CC=C(N4CCN(CCCCCNC5=CC=C6C(=O)N(C7CCC(=O)NC7=O)C(=O)C6=C5)CC4)C=C3)CC2)C=C1Cl
RIEGJNXDHULIKM,O43353,P40337,1,0.9093942046165466,1,1060.331,6.846520000000008,229.73,CC1=C(C2=CC=C(CNC(=O)[C@@H]3C[C@@H](O)CN3C(=O)[C@@H](NC(=O)COCCOCCOCCOCCOC3=CC4=NC=CC(NC5=CC=C6SC=NC6=C5)=C4C=C3S(=O)(=O)C(C)(C)C)C(C)(C)C)C=C2)SC=N1
RIOHYDUGYNZWPD,Q06187,P40337,0,0.19840583205223083,0,945.1599999999996,5.778920000000006,212.17999999999995,CC1=C(C2=CC=C(CNC(=O)[C@@H]3C[C@@H](O)CN3C(=O)[C@@H](NC(=O)COCCOCCN3CCC(N4N=C(C5=CC=C(OC6=CC=CC=C6)C=C5)C5=C(N)N=CN=C54)CC3)C(C)(C)C)C=C2)SC=N1
RJDRFOSUZYUZBV,Q9NWZ3,Q96SW2,0,0.3432581126689911,0,868.9579999999997,5.466400000000005,160.42000000000002,O=C1CCC(N2C(=O)C3=CC=C(N4CCC(CN5CCN(CC6=CC=C7N=C(NC(=O)C8=CC=CC(C(F)(F)F)=C8)N([C@H]8CC[C@@H](CO)CC8)C7=C6)CC5)CC4)C=C3C2=O)C(=O)N1
RJFFRTWDHINENB,P10275,Q96SW2,0,0.5780385136604309,1,781.3540000000002,7.377680000000008,169.73,N#CC1=CC=C(O[C@H]2CC[C@H](NC(=O)C3=CC=C(NCCCCCCCCCCNC4=CC=C5C(=O)N(C6CCC(=O)NC6=O)C(=O)C5=C4)C=C3)CC2)C=C1Cl
RJYPXJLNNMXFMD,O60885,P40337,0,0.36196979880332947,0,1021.2799999999994,4.253480000000008,237.51,CC1=C(C2=CC=C(CNC(=O)[C@@H]3C[C@@H](O)CN3C(=O)[C@@H](NC(=O)COCCOCCOCCNC(=O)C[C@@H]3N=C(C4=CC=C(C#CCN)C=C4)C4=C(SC(C)=C4C)N4C(C)=NN=C34)C(C)(C)C)C=C2)SC=N1
RKQPBRYWQQLESB,Q05397,Q96SW2,1,0.7101861238479614,1,926.9280000000002,3.645400000000001,236.79,CN(C1=CC=CC(CNC2=NC(NC3=CC=C(OCCOCCOCCC(=O)NCCOC4=CC=CC5=C4C(=O)N(C4CCC(=O)NC4=O)C5=O)C=C3)=NC=C2C(F)(F)F)=C1)S(C)(=O)=O
RNZSZCNUPQYOIX,P10275,Q96SW2,1,0.790294885635376,1,763.2989999999999,3.8010800000000025,149.4,CN(C1=CC=C(C#N)C(Cl)=C1)[C@H]1CC[C@H](NC(=O)C2=CC=C(N3CC(N4CCN(C5=CC=C6C(=O)N(C7CCC(=O)NC7=O)C(=O)C6=C5)CC4)C3)C=C2)CC1
RPGBSIRPMJGXHN,P33981,Q96SW2,0,0.23520652949810028,0,855.9969999999996,4.493620000000003,188.17,CCC(=O)N[C@H]1CC[C@@H](N2C(=O)C=C(C)C3=CN=C(NC4=CC=C(N5CCN(C(=O)CCCC#CC6=CC=CC7=C6C(=O)N(C6CCC(=O)NC6=O)C7)CC5)C=C4OC)N=C32)CC1
RQROXFBXOKHLAH,P15056,Q96SW2,1,0.6461244225502014,1,1089.1889999999992,4.326000000000007,255.04999999999995,CCCS(=O)(=O)NC1=CC=C(F)C(N2C=C(C3=CN=CN=C3)C3=NC(N(C)C4CCN(C(=O)CCOCCOCCOCCOCCOCCNC5=CC=CC6=C5C(=O)N(C5CCC(=O)NC5=O)C6=O)CC4)=CC=C32)=C1F
RTNONCBKGZNCJS,P10275,P40337,1,0.9804238080978394,1,915.532,7.35940000000001,178.1,CC1=NOC([C@H](C(=O)N2C[C@H](O)C[C@H]2C(=O)N[C@@H](CC(=O)N2CCC(C#CC3=CC=C(C(=O)N[C@H]4C(C)(C)[C@H](OC5=CC=C(C#N)C(Cl)=C5)C4(C)C)C=C3)CC2)C2=CC=CC=C2)C(C)C)=C1
RWLOGRLTDKDANT,P25440,Q96SW2,1,0.9370206594467163,1,923.449,5.770260000000005,204.67,CC1=C(C)C2=C(S1)N1C(C)=NN=C1[C@H](CC(=O)NC1=CC=C(OCCOCCOCCOCCNC3=CC=CC4=C3C(=O)N(C3CCC(=O)NC3=O)C4=O)C=C1)N=C2C1=CC=C(Cl)C=C1
RYXQXEGTLNBKEC,P00533,P40337,1,0.8692436814308167,1,1092.429,8.927620000000005,206.08,C=CC(=O)N1CCC[C@H](N2C(NC3=CC=CC=C3)=NC3=CN=C(NC4=CC=C(N5CCN(CCCCCCCC(=O)N[C@H](C(=O)N6C[C@H](O)C[C@H]6C(=O)N[C@@H](C)C6=CC=C(C7=C(C)N=CS7)C=C6)C(C)(C)C)CC5)C=C4)N=C32)C1
RZMAGXNWPGZVNP,Q16539,P40337,0,0.7042938470840454,1,1196.3399999999992,9.63302,229.31,COC1=CC2=C(OC3=CC=C(NC(=O)C4(C(=O)NC5=CC=C(F)C=C5)CC4)C=C3F)C=CN=C2C=C1OCCCOCCOCCCOC1=CC(C2=C(C)N=CS2)=CC=C1CNC(=O)[C@@H]1C[C@@H](O)CN1C(=O)[C@H](C(C)C)N1CC2=CC=CC=C2C1=O
SCUZPTNDZHEHLB,Q16539,P40337,0,0.4966747462749481,0,1106.2589999999989,8.494620000000006,228.87,COC1=CC2=C(OC3=CC=C(NC(=O)C4(C(=O)NC5=CC=C(F)C=C5)CC4)C=C3F)C=CN=C2C=C1OCCCOCCCOCCC(=O)N[C@H](C(=O)N1C[C@H](O)C[C@H]1C(=O)NCC1=CC=C(C2=C(C)N=CS2)C=C1)C(C)(C)C
SCZWWJDUQGVEMY,Q03111,Q96SW2,1,0.5746490955352783,1,757.8960000000002,6.003100000000004,174.42,C[C@H]1CCCN1CC1=NC2=CC=C(NC(=O)C3=CC=C4C(=C3)C=NN4CCCCCCCCNC3=CC=CC4=C3C(=O)N(C3CCC(=O)NC3=O)C4=O)C=C2[NH]1
SDKKICDYRHTFNX,O60885,Q96SW2,1,0.9416295886039734,1,824.4299999999997,7.523820000000009,130.61,CC1=NN=C2N1C1=CC=C(C3=CN(CCCCCCCN4CCC(C5=CC=CC6=C5CN(C5CCC(=O)NC5=O)C6=O)CC4)N=C3)C=C1C(C1=CC=C(Cl)C=C1)=NC21CC1
SEKBVYVWYRALIG,P10275,Q96SW2,1,0.7506449222564697,1,697.1920000000002,5.037080000000004,169.73,N#CC1=CC=C(O[C@H]2CC[C@H](NC(=O)C3=CC=C(NCCCCNC4=CC=C5C(=O)N(C6CCC(=O)NC6=O)C(=O)C5=C4)C=C3)CC2)C=C1Cl
SFODRSARUJDQSA,P35348,Q96SW2,0,0.039908766746520996,0,829.8279999999997,-0.1271999999999937,264.86,COC1=CC2=NC(N3CCN(C(=O)C4=CN(CCOCCOCCOCC(=O)NC5=CC=CC6=C5C(=O)N(C5CCC(=O)NC5=O)C6=O)N=N4)CC3)=NC(N)=C2C=C1OC
SGTVGCRQPJCKNZ,P10275,P40337,0,0.1323700249195099,0,1021.198,7.102200000000009,199.55,CC1=C(C2=CC=C(CNC(=O)[C@@H]3C[C@@H](O)CN3C(=O)[C@@H](NC(=O)COCCCOCCCCCOC3=CC=C(N4C(=S)N(C5=CN=C(C#N)C(C(F)(F)F)=C5)C(=O)C4(C)C)C=C3)C(C)(C)C)C=C2)SC=N1
SHPXUUGJMCCMIO,Q05397,P40337,1,0.9664714336395264,1,996.148,6.273420000000005,217.31,CC1=C(C2=CC=C(CNC(=O)[C@@H]3C[C@@H](O)CN3C(=O)[C@@H](NC(=O)COCCCOC3=CC=C(NC4=NC=C(C(F)(F)F)C(NCC5=CC=CC(N(C)S(C)(=O)=O)=C5)=N4)C=C3)C(C)(C)C)C=C2)SC=N1
SIFVRCPVOMAZLY,P10275,Q96SW2,1,0.9968490600585938,1,760.2949999999998,4.586080000000004,137.37,C[C@H]1CC2(CCN(C3=CC=C(C(=O)N4CC(CN5CC6=CC7=C(C=C6C5)C(=O)N(C5CCC(=O)NC5=O)C7=O)C4)C=C3)CC2)CN1C1=CC=C(C#N)C(Cl)=C1
SLYLTYLJUFVQPH,P10275,Q96SW2,1,0.8496658802032471,1,725.2460000000002,5.817280000000006,169.73,N#CC1=CC=C(O[C@H]2CC[C@H](NC(=O)C3=CC=C(NCCCCCCNC4=CC=C5C(=O)N(C6CCC(=O)NC6=O)C(=O)C5=C4)C=C3)CC2)C=C1Cl
SRMKEEIRTHASLG,P10275,Q96SW2,1,0.977590799331665,1,778.31,4.523880000000004,155.39,N#CC1=CC=C(O[C@H]2CC[C@H](NC(=O)C3=CC=C(N4CCN(C5CCN(C6=CC=C7C(=O)N(C8CCC(=O)NC8=O)C(=O)C7=C6)CC5)CC4)C=C3)CC2)C=C1Cl
SSNVICBSSPQZQX,Q05397,P40337,1,0.923412024974823,1,982.121,5.883320000000005,217.31,CC1=C(C2=CC=C(CNC(=O)[C@@H]3C[C@@H](O)CN3C(=O)[C@@H](NC(=O)COCCOC3=CC=C(NC4=NC=C(C(F)(F)F)C(NCC5=CC=CC(N(C)S(C)(=O)=O)=C5)=N4)C=C3)C(C)(C)C)C=C2)SC=N1
SVBNVWQRLLLMHI,Q06187,Q96SW2,1,0.20050592720508575,0,941.3949999999994,3.759000000000002,250.73,O=C(CNC1=NC=NC2=C1C(C(=O)C1=CC=C(OC3=CC=CC=C3)C=C1Cl)=C[NH]2)NCCOCCOCCOCCOCCOCCNC1=CC=CC2=C1C(=O)N(C1CCC(=O)NC1=O)C2=O
SWYBGHSSRFVKQG,P10275,Q96SW2,0,0.996799647808075,1,778.31,4.477580000000003,146.6,N#CC1=CC=C(OC2CCCN(C(=O)C3=CC=C(N4CCC(N5CCN(C6=CC=C7C(=O)N(C8CCC(=O)NC8=O)C(=O)C7=C6)CC5)CC4)C=C3)CC2)C=C1Cl
SXPSRFOBNYZXKH,Q00987,Q96SW2,1,0.7854835391044617,1,859.8549999999993,7.7847000000000115,114.86,CCOC1=CC(C(C)(C)C)=CC=C1C1=N[C@@H](C2=CC=C(Cl)C=C2)[C@@H](C2=CC=C(Cl)C=C2)N1C(=O)N1CCN(CC#CC2=CC=CC3=C2CN(C2CCC(=O)NC2=O)C3=O)CC1
TTXCLAHYGSGCRI,P15056,Q96SW2,0,0.4944840669631958,0,1006.0549999999994,4.726600000000003,254.43999999999997,NC1=NC=CC(C2=C(C3=CC=CC(NS(=O)(=O)C4=C(F)C=CC=C4F)=C3F)N=C(C3CCN(C(=O)CCOCCOCCOCCNC4=CC=CC5=C4C(=O)N(C4CCC(=O)NC4=O)C5=O)CC3)S2)=N1
TWFCHBNLUUPMHG,P51531,P40337,1,0.8128361701965332,1,938.1149999999996,5.557120000000006,199.37,CC1=C(C2=CC=C(CNC(=O)[C@@H]3C[C@@H](O)CN3C(=O)[C@@H](NC(=O)C3(F)CC3)C(C)(C)C)C(OCCC3=CC=C(CN4CCN(C5=CC(C6=CC=CC=C6O)=NN=C5N)CC4)C(F)=C3)=C2)SC=N1
TXQZPPRNSVBETP,Q9UBN7,P40337,1,0.9644534587860107,1,1105.4609999999996,10.165119999999998,233.23999999999995,CCCCN(CC1=CC=C(C(=O)NO)C=C1)C(=O)NC1=CC=C(OCCCCCCCCCCCCN2C=C(CCCCC(=O)N[C@H](C(=O)N3C[C@H](O)C[C@H]3C(=O)NCC3=CC=C(C4=C(C)N=CS4)C=C3)C(C)(C)C)N=N2)C=C1
TZZDVPMABRWKIZ,P03372,Q96SW2,0,0.913494348526001,1,723.9179999999999,6.053700000000006,96.43,O=C1CC[C@H](N2CC3=CC(N4CCN(CC5CCN(C6=CC=C([C@@H]7C8=CC=C(O)C=C8CC[C@@H]7C7=CC=CC=C7)C=C6)CC5)CC4)=CC=C3C2=O)C(=O)N1
UAQDCZFGBBSHLT,P25440,P40337,0,0.11026475578546524,0,958.6079999999996,5.580080000000008,202.26,CC1=C(C2=CC=C(CNC(=O)[C@@H]3C[C@@H](O)CN3C(=O)[C@@H](NC(=O)COCCOCCNC(=O)C[C@@H]3N=C(C4=CC=C(Cl)C=C4)C4=C(SC(C)=C4C)N4C(C)=NN=C34)C(C)(C)C)C=C2)SC=N1
UFVWZVUFBJDPFK,P00533,Q96SW2,0,0.5054615139961243,1,854.3399999999998,5.277200000000003,195.27,C=CC(=O)NC1=CC2=C(NC3=CC=C(F)C(Cl)=C3)N=CN=C2C=C1OCCCN1CCN(C(=O)CCCCCNC2=CC=CC3=C2C(=O)N(C2CCC(=O)NC2=O)C3=O)CC1
UGQUDUNSDGAZIO,P15056,Q96SW2,0,0.16727016866207123,0,1221.3479999999993,4.375800000000011,282.73999999999995,CCCS(=O)(=O)NC1=CC=C(F)C(N2C=C(C3=CN=CN=C3)C3=NC(N(C)C4CCN(C(=O)CCOCCOCCOCCOCCOCCOCCOCCOCCNC5=CC=CC6=C5C(=O)N(C5CCC(=O)NC5=O)C6=O)CC4)=CC=C32)=C1F
UHWNJFZTYJNBAN,Q15059,P40337,1,0.9273700714111328,1,1080.746,7.342520000000011,209.99,CC(=O)N1C2=CC=C(C3=CC=C(C(=O)NCCOCCOCCOCCOCC(=O)N[C@H](C(=O)N4C[C@H](O)C[C@H]4C(=O)NCC4=CC=C(C5=C(C)N=CS5)C=C4)C(C)(C)C)C=C3)C=C2[C@H](NC2=CC=C(Cl)C=C2)C[C@@H]1C
UJJYPBWMGIPXOE,Q06187,Q96SW2,1,0.7322161197662354,1,760.852,4.377900000000002,176.26,NC1=NC=NC2=C1C(C1=CC=C(OC3=CC=CC=C3)C=C1)=NN2C1CCN(CCOCCOCCOC2=CC=C3C(=O)N(C4CCC(=O)NC4=O)CC3=C2)CC1
UNADZUGJDDCVKE,O60885,P40337,1,0.9471384286880493,1,1149.3129999999994,5.594220000000007,273.27,CC1=C(C2=CC=C(CNC(=O)[C@@H]3C[C@@H](O)CN3C(=O)[C@@H](NC(=O)COCCC3=CC(N)=CC(OCCNC(=O)C4=CC5=C(C=C4CS(C)(=O)=O)C4=CN(C)C(=O)C6=C4C(=C[NH]6)CN5C4=NC=C(F)C=C4F)=C3)C(C)(C)C)C=C2)SC=N1
UQJOJHWASBETAR,Q96SW2,P40337,1,0.08702531456947327,0,842.032,4.471420000000001,207.21,CC1=C(C2=CC=C(CNC(=O)[C@@H]3C[C@@H](O)CN3C(=O)[C@@H](NC(=O)CCCCCCCCNC3=CC=CC4=C3C(=O)N(C3CCC(=O)NC3=O)C4=O)C(C)(C)C)C=C2)SC=N1
UUCUKSPUFPMKNK,O60885,Q9UK73,0,0.03636349365115166,0,938.9359999999996,4.872940000000005,194.76,CC1=C(C)C2=C(S1)N1C(C)=NN=C1[C@H](CC(=O)NCCOCCOCCOCCOCCNC(=O)CN1CCOC3=CC(N(CCC#N)C(=O)CCl)=CC=C31)N=C2C1=CC=C(Cl)C=C1
UVVQLQQNGHYTOL,Q05397,P40337,0,0.9029529094696045,1,1061.15,6.189420000000009,241.76,COC1=CC(C(=O)NCCOCCOCCOCC(=O)N[C@H](C(=O)N2C[C@H](O)C[C@H]2C(=O)NCC2=CC=C(C3=C(C)N=CS3)C=C2)C(C)(C)C)=CC=C1NC1=NC=C(C(F)(F)F)C(OC2=CC=CC3=C2C(=O)CC3)=N1
VEFDAFDSPLDCMS,P10275,P40337,0,0.0635991245508194,0,883.4429999999999,6.471400000000007,205.35,CC1=C(C2=CC=C(CNC(=O)[C@@H]3C[C@@H](O)CN3C(=O)[C@@H](NC(=O)COCC3=CC=C(OC(=O)N[C@H]4C(C)(C)[C@H](OC5=CC=C(C#N)C(Cl)=C5)C4(C)C)C=C3)C(C)(C)C)C=C2)OC=N1
VFRJYHIRKCDWOQ,Q06187,P40337,0,0.2622452676296234,0,1061.3229999999992,8.851220000000005,203.38999999999996,CC1=C(C2=CC=C(CNC(=O)[C@@H]3C[C@@H](O)CN3C(=O)[C@H](C(C)C)N3CC4=CC=CC=C4C3=O)C(OCCCCOCCCCN3CCC(N4N=C(C5=CC=C(OC6=CC=CC=C6)C=C5)C5=C(N)N=CN=C54)CC3)=C2)SC=N1
VFSRJJPNEQKSQQ,P15056,Q96SW2,0,0.12776699662208557,0,1082.1609999999991,4.084500000000003,267.29999999999995,CCCS(=O)(=O)NC1=CC=C(F)C(N2C=C(C3=CN=CN=C3)C3=NC(N(C)C4CCN(C(=O)CCOCCOCCN5C=C(COCCNC6=CC=CC7=C6C(=O)N(C6CCC(=O)NC6=O)C7=O)N=N5)CC4)=CC=C32)=C1F
VGMBSGNGVRXDBY,P33981,Q96SW2,1,0.9401456117630005,1,912.1049999999996,6.054020000000006,188.17,CCC(=O)N[C@H]1CC[C@@H](N2C(=O)C=C(C)C3=CN=C(NC4=CC=C(N5CCN(C(=O)CCCCCCCC#CC6=CC=C7C(=O)N(C8CCC(=O)NC8=O)CC7=C6)CC5)C=C4OC)N=C32)CC1
VGXZUMFEKIFIQW,P10275,Q96SW2,0,0.12325415015220642,0,792.3369999999999,4.913980000000004,155.39,N#CC1=CC=C(O[C@@H]2CCC[C@@H](NC(=O)C3=CC=C(N4CCC(N5CCN(C6=CC=C7C(=O)N(C8CCC(=O)NC8=O)C(=O)C7=C6)CC5)CC4)C=C3)CC2)C=C1Cl
VPGHQPSPNUQPLG,Q06187,Q96SW2,1,0.7918341755867004,1,843.942,5.138200000000004,213.2,NC1=NC=NC2=C1C(C1=CC=C(OC3=CC=CC=C3)C=C1)=NN2C1CCN(CCCCOCCCCOCC(=O)NC2=CC=C3C(=O)N(C4CCC(=O)NC4=O)C(=O)C3=C2)CC1
VRWPZJRZYSWRQV,Q06187,Q96SW2,1,0.7549053430557251,1,991.015,3.078100000000009,267.43,NC(=O)C1=C(N)N([C@@H]2CCCN(C(=O)COCCOCCOCCOCCOCCOCCNC3=CC=CC4=C3C(=O)N(C3CCC(=O)NC3=O)C4=O)C2)N=C1C1=CC=C(OC2=CC=C(F)C=C2F)C=C1
VSYZSMLAOKWORE,P10275,Q96SW2,1,0.5198462009429932,1,767.3270000000001,6.987580000000008,169.73,N#CC1=CC=C(O[C@H]2CC[C@H](NC(=O)C3=CC=C(NCCCCCCCCCNC4=CC=C5C(=O)N(C6CCC(=O)NC6=O)C(=O)C5=C4)C=C3)CC2)C=C1Cl
VTPSYVSGGUUAFN,O60885,P40337,1,0.7306844592094421,1,1096.337,7.884820000000007,228.79,CC1=C(C2=CC=C(CNC(=O)[C@@H]3C[C@@H](O)CN3C(=O)[C@@H](NC(=O)CCCCCCCCCCNC(=O)C3=CC4=C(C=C3CS(C)(=O)=O)C3=CN(C)C(=O)C5=C3C(=C[NH]5)CN4C3=NC=C(F)C=C3F)C(C)(C)C)C=C2)SC=N1
VVAVIHDLCKOZJR,P03372,P40337,1,0.9185277223587036,1,1035.258,9.325520000000004,219.85,CC1=C(C2=CC=C([C@H](C)NC(=O)[C@@H]3C[C@@H](O)CN3C(=O)[C@@H](NC(=O)CCCCOC3=CC=C(/C=N/NC(=O)C4=CC=C(C(=O)C5=C(C6=CC=C(O)C=C6)SC6=CC(O)=CC=C56)C=C4)C=C3)C(C)(C)C)C=C2)SC=N1
VXEYUCNJDJXFGM,P03372,P40337,1,0.9267566204071045,1,1036.2860000000005,9.53412,207.49,CC1=C(C2=CC=C([C@H](C)NC(=O)[C@@H]3C[C@@H](O)CN3C(=O)[C@@H](NC(=O)CCCCOC3=CC=C(CCNC(=O)C4=CC=C(C(=O)C5=C(C6=CC=C(O)C=C6)SC6=CC(O)=CC=C56)C=C4)C=C3)C(C)(C)C)C=C2)SC=N1
VZVAWYNZTBXESG,P10275,Q96SW2,1,0.9950870871543884,1,805.3799999999997,4.971380000000004,149.4,CCN(C1=CC=C(C#N)C(Cl)=C1)[C@H]1CC[C@H](NC(=O)C2=CC=C(N3CCC(N4CCN(C5=CC=C6C(=O)N(C7CCC(=O)NC7=O)C(=O)C6=C5)CC4)CC3)C=C2)CC1
WBEBZVDAHMXWJN,P52333,Q96SW2,1,0.9966403245925903,1,818.9649999999998,3.301580000000003,214.34,CCS(=O)(=O)N1CC(CC#N)(N2C=C(C3=NC(NC4=CC=C(C(=O)NCCCN5CCN(C6=CC=C(C7CCC(=O)NC7=O)C=C6)CC5)C=C4)=NC4=C3C=C[NH]4)C=N2)C1
WDBUEMWHXKHQNB,P11362,P40337,0,0.19011390209197998,0,1017.0539999999996,7.136520000000008,206.72,COC1=CC(OC)=C(Cl)C(NC(=O)N(C)C2=CC(NC3=CC=C(N4CCN(CC(=O)N[C@H](C(=O)N5C[C@H](O)C[C@H]5C(=O)N[C@@H](C)C5=CC=C(C6=C(C)N=CS6)C=C5)C(C)(C)C)CC4)C=C3)=NC=N2)=C1Cl
WHJVBMNCPUFBSX,P10275,Q96SW2,1,0.9255759716033936,1,791.3529999999997,4.581280000000003,149.4,CN(C1=CC=C(C#N)C(Cl)=C1)[C@H]1CC[C@H](NC(=O)C2=CC=C(N3CCN(C4CCN(C5=CC=C6C(=O)N(C7CCC(=O)NC7=O)C(=O)C6=C5)CC4)CC3)C=C2)CC1
WJQKJTMVUALADJ,Q06187,Q96SW2,1,0.22479194402694702,0,985.4479999999992,3.7756000000000025,259.96,O=C(CNC1=NC=NC2=C1C(C(=O)C1=CC=C(OC3=CC=CC=C3)C=C1Cl)=C[NH]2)NCCOCCOCCOCCOCCOCCOCCNC1=CC=CC2=C1C(=O)N(C1CCC(=O)NC1=O)C2=O
WLMZSJVDMUNOHX,P33981,Q96SW2,1,0.9898185133934021,1,884.0509999999997,5.273820000000004,188.17,CCC(=O)N[C@H]1CC[C@@H](N2C(=O)C=C(C)C3=CN=C(NC4=CC=C(N5CCN(C(=O)CCCCCC#CC6=CC=C7C(=O)N(C8CCC(=O)NC8=O)CC7=C6)CC5)C=C4OC)N=C32)CC1
WNBZJWHJHXEDEO,P33981,Q96SW2,1,0.9873533844947815,1,940.1589999999997,6.834220000000007,188.17,CCC(=O)N[C@H]1CC[C@@H](N2C(=O)C=C(C)C3=CN=C(NC4=CC=C(N5CCN(C(=O)CCCCCCCCCC#CC6=CC=C7C(=O)N(C8CCC(=O)NC8=O)CC7=C6)CC5)C=C4OC)N=C32)CC1
WVWFJWJYLUTFRG,Q05397,P40337,1,0.816716730594635,1,1010.175,6.663520000000006,217.31,CC1=C(C2=CC=C(CNC(=O)[C@@H]3C[C@@H](O)CN3C(=O)[C@@H](NC(=O)CCOCCCOC3=CC=C(NC4=NC=C(C(F)(F)F)C(NCC5=CC=CC(N(C)S(C)(=O)=O)=C5)=N4)C=C3)C(C)(C)C)C=C2)SC=N1
WWSBSFVKXFRDJO,P03372,P40337,1,0.7782739996910095,1,991.187,7.199820000000009,167.58000000000004,CC1=C(C2=CC=C(CNC(=O)[C@@H]3C[C@@H](O)CN3C(=O)[C@@H](NC(=O)COCCOCCOCCOC3=CC(F)=C([C@@H]4C5=C(C[C@@H](C)N4CC(C)(C)F)C4=CC=CC=C4[NH]5)C(F)=C3)C(C)(C)C)C=C2)SC=N1
WYPMPGWHIPETEB,Q00534,P40337,1,0.9920327067375183,1,1094.3249999999996,5.833340000000006,235.57,CC(=O)C1=C(C)C2=CN=C(NC3=CC=C(N4CCN(CCOCCOCCOC5=CC(C6=C(C)N=CS6)=CC=C5CNC(=O)[C@@H]5C[C@@H](O)CN5C(=O)[C@@H](NC(=O)C5(F)CC5)C(C)(C)C)CC4)C=N3)N=C2N(C2CCCC2)C1=O
XLQOXOVXCNIRJP,P10275,Q96SW2,1,0.9916057586669922,1,805.3799999999998,4.828880000000003,149.4,CN(C1=CC=C(C#N)C(Cl)=C1)[C@H]1CC[C@H](NC(=O)C2=CC=C(N3CCC(CN4CCN(C5=CC=C6C(=O)N(C7CCC(=O)NC7=O)C(=O)C6=C5)CC4)CC3)C=C2)CC1
XLWFMSWFAKUJON,P10275,Q96SW2,1,0.9367159605026245,1,683.1650000000002,4.646980000000004,169.73,N#CC1=CC=C(O[C@H]2CC[C@H](NC(=O)C3=CC=C(NCCCNC4=CC=C5C(=O)N(C6CCC(=O)NC6=O)C(=O)C5=C4)C=C3)CC2)C=C1Cl
XPJGKIYHVFVWKJ,O15379,P40337,0,0.0654425099492073,0,896.1679999999997,8.00032000000001,205.08,CC(=O)N[C@H](C(=O)N1C[C@H](O)C[C@H]1C(=O)NCC1=CC=C(C2=C(C)N=CS2)C=C1OCCCCCCCCCCCC(=O)NC1=CC=C(C(=O)NC2=CC=CC=C2N)C=C1)C(C)(C)C
XUJMNOQMXWVXQE,O14744,P40337,0,0.12949100136756897,0,1101.3379999999995,2.1333200000000128,268.47,CC1=C(C2=CC=C([C@H](C)NC(=O)[C@@H]3C[C@@H](O)CN3C(=O)[C@@H](NC(=O)COCCOCCOCCOCCOCC(=O)N3CC(NC4=CC(C(=O)NC[C@H](O)CN5CCC6=CC=CC=C6C5)=NC=N4)C3)C(C)(C)C)C=C2)SC=N1
XWOZFCIASHOPCP,P33981,Q96SW2,1,0.8670504689216614,1,884.0509999999997,5.273820000000005,188.17,CCC(=O)N[C@H]1CC[C@@H](N2C(=O)C=C(C)C3=CN=C(NC4=CC=C(N5CCN(C(=O)CCCCCC#CC6=CC=C7CN(C8CCC(=O)NC8=O)C(=O)C7=C6)CC5)C=C4OC)N=C32)CC1
XXKSDGIIEAJWCB,Q9NWZ3,Q96SW2,0,0.05549684166908264,0,763.7300000000002,3.844700000000002,174.28999999999996,COC1=CC2=NN(C3CCN(CCOCCOC4=CC=C5C(=O)N(C6CCC(=O)NC6=O)C(=O)C5=C4)CC3)C=C2C=C1NC(=O)C1=CC=CC(C(F)(F)F)=N1
XXNGOJVDXDGATG,Q06187,Q96SW2,1,0.6337367296218872,1,976.988,3.671500000000007,267.43,NC(=O)C1=C(N)N([C@@H]2CCCN(C(=O)OCCOCCOCCOCCOCCOCCNC3=CC=CC4=C3C(=O)N(C3CCC(=O)NC3=O)C4=O)C2)N=C1C1=CC=C(OC2=CC=C(F)C=C2F)C=C1
XXWWYTHQXVIKLW,P10415,P40337,1,0.7381768822669983,1,1627.496,11.71001999999999,263.54,CC1=C(C2=CC=C([C@H](C)NC(=O)[C@@H]3C[C@@H](O)CN3C(=O)[C@@H](NC(=O)CCCCCC(=O)N3CCN(CC4(C)CCC(C5=CC=C(Cl)C=C5)=C(CN5CCN(C6=CC=C(C(=O)NS(=O)(=O)C7=CC=C(N[C@H](CCN8CCOCC8)CSC8=CC=CC=C8)C(S(=O)(=O)C(F)(F)F)=C7)C=C6)CC5)C4)CC3)C(C)(C)C)C=C2)SC=N1
XYRCFJBQFAIJBP,O60885,P40337,0,0.2856980264186859,0,1041.7419999999995,5.805780000000008,214.29,CC1=C(C2=CC=C(CNC(=O)[C@@H]3C[C@@H](O)CN3C(=O)[C@@H](NC(=O)COC[C@@H]3CNC[C@H](COCCNC(=O)C[C@@H]4N=C(C5=CC=C(Cl)C=C5)C5=C(SC(C)=C5C)N5C(C)=NN=C45)C3)C(C)(C)C)C=C2)SC=N1
YASBQIQZXTUKLR,P04035,P40337,0,0.03357066214084625,0,978.307,7.604420000000008,227.72,CC1=C(C2=CC=C(CNC(=O)[C@@H]3C[C@@H](O)CN3C(=O)[C@@H](NC(=O)CCCCCCCCCCNC(=O)O[C@H]3C[C@@H](C)C=C4C=C[C@H](C)[C@H](CCC(O)C[C@@H](O)CC(=O)O)[C@H]43)C(C)(C)C)C=C2)SC=N1
YCSHJMBQFQHZEP,P10415,P40337,0,0.8108708262443542,1,1655.5500000000002,12.490219999999985,263.54,CC1=C(C2=CC=C([C@H](C)NC(=O)[C@@H]3C[C@@H](O)CN3C(=O)[C@@H](NC(=O)CCCCCCCC(=O)N3CCN(CC4(C)CCC(C5=CC=C(Cl)C=C5)=C(CN5CCN(C6=CC=C(C(=O)NS(=O)(=O)C7=CC=C(N[C@H](CCN8CCOCC8)CSC8=CC=CC=C8)C(S(=O)(=O)C(F)(F)F)=C7)C=C6)CC5)C4)CC3)C(C)(C)C)C=C2)SC=N1
YFWKTWXPNMNMSC,Q06187,Q96SW2,1,0.5188480615615845,1,843.942,5.138200000000003,213.2,NC1=NC=NC2=C1C(C1=CC=C(OC3=CC=CC=C3)C=C1)=NN2C1CCN(CCCCCCOCCOCC(=O)NC2=CC=CC3=C2C(=O)N(C2CCC(=O)NC2=O)C3=O)CC1
YHMDCINUVWULST,P09874,Q96SW2,1,0.20132753252983093,0,886.9749999999999,3.304600000000007,199.09,CN(CCOCCOCCOCCOCCOCCOCCNC1=CC=CC2=C1C(=O)N(C1CCC(=O)NC1=O)C2=O)CC1=CC=C(C2=C3CCNC(=O)C4=C3C(=CC(F)=C4)[NH]2)C=C1
YNNBDJQWDDDBRU,Q9NWZ3,Q96SW2,0,0.04720655083656311,0,846.9019999999999,2.1302800000000026,255.83999999999995,CC(C)NC1=CC(N2C=CC3=CC(C#N)=CN=C32)=NC=C1C(=O)N[C@H]1CC[C@H](C(=O)NCCOCCNC(=O)COC2=CC=CC3=C2C(=O)N(C2CCC(=O)NC2=O)C3=O)CC1
YTBOHZLAPNSENZ,P00533,Q96SW2,1,0.30633819103240967,0,943.1229999999993,4.931900000000003,200.65,CN(CCOCCOCCOCCN1CCN(C2=CC=C(NC3=NC=C4N=C(NC5=CC=CC=C5)N(C5CCCC5)C4=N3)C=C2)CC1)CC(=O)NC1=CC=CC2=C1CN(C1CCC(=O)NC1=O)C2=O
YUNXARYSBTUJHY,Q06187,Q96SW2,0,0.20267729461193085,0,853.2889999999996,3.725800000000001,232.27,O=C(CNC1=NC=NC2=C1C(C(=O)C1=CC=C(OC3=CC=CC=C3)C=C1Cl)=C[NH]2)NCCOCCOCCOCCNC1=CC=CC2=C1C(=O)N(C1CCC(=O)NC1=O)C2=O
YVMSHPWOPPUCHZ,Q9UBN7,Q96SW2,1,0.7722650766372681,1,737.774,3.3236000000000017,217.19,CCCCN(CC1=CC=C(C(=O)NO)C=C1)C(=O)NC1=CC=C(OCCN2C=C(CNC3=CC=CC4=C3C(=O)N(C3CCC(=O)NC3=O)C4=O)N=N2)C=C1
YYULHFDWXXZSRM,P10275,Q96SW2,1,0.956419825553894,1,777.3259999999998,4.048680000000003,149.4,CN(C1=CC=C(C#N)C(Cl)=C1)[C@H]1CC[C@H](NC(=O)C2=CC=C(N3CCN(CC4CN(C5=CC=C6C(=O)N(C7CCC(=O)NC7=O)C(=O)C6=C5)C4)CC3)C=C2)CC1
ZAGCLFXBHOXXEN,Q9H8M2,P40337,1,0.9048272371292114,1,995.2319999999996,6.027520000000005,180.69,COC1=CC(C2=CN(C)C(=O)C3=CN=CC=C23)=CC(OC)=C1CN1CCN(CCCCCOC2=CC(C3=C(C)N=CS3)=CC=C2CNC(=O)[C@@H]2C[C@@H](O)CN2C(=O)[C@@H](NC(=O)C2(F)CC2)C(C)(C)C)CC1
ZAJXSUNUSHEGCB,O15264,Q96SW2,1,0.7506127953529358,1,992.9859999999992,5.850000000000004,239.12,COC1=CC2=C(OC3=CC=C(NC(=O)C4(C(=O)NC5=CC=C(F)C=C5)CC4)C=C3F)C=CN=C2C=C1OCCCOCCCOCCC(=O)NCCOC1=CC=CC2=C1C(=O)N(C1CCC(=O)NC1=O)C2=O
ZBCXOELGHROVDK,Q96SW2,P40337,0,0.19044142961502075,0,827.961,3.217820000000001,224.28,CC1=C(C2=CC=C(CNC(=O)[C@@H]3C[C@@H](O)CN3C(=O)[C@@H](NC(=O)CCCCCC(=O)NC3=CC=CC4=C3C(=O)N(C3CCC(=O)NC3=O)C4=O)C(C)(C)C)C=C2)SC=N1
ZCGQZLKPUVGCBQ,P01116,P40337,0,0.4222896695137024,0,1132.8049999999998,7.1410000000000124,209.69,C=C(F)C(=O)N1CCN(C2=NC(OC[C@@H]3CCCN3CCCOCCC(=O)N[C@H](C(=O)N3C[C@H](O)C[C@H]3C(=O)NCC3=CC=C(C4=C(C)N=CS4)C=C3)C(C)(C)C)=NC3=C2CCN(C2=CC=CC4=CC=CC(Cl)=C24)C3)C[C@@H]1CC#N
ZEEFAZNIKLZENT,P10275,Q96SW2,1,0.9849390983581543,1,778.31,4.523880000000004,155.39,N#CC1=CC=C(O[C@H]2CC[C@H](NC(=O)C3=CC=C(N4CCC(N5CCN(C6=CC=C7C(=O)N(C8CCC(=O)NC8=O)C(=O)C7=C6)CC5)CC4)C=C3)CC2)C=C1Cl
ZJJZBBBSQKVNHL,Q06187,Q96SW2,1,0.9535530805587769,1,945.0429999999996,5.304400000000004,228.86,NC1=NC=NC2=C1C(C1=CC=C(OC3=CC=CC=C3)C=C1)=NN2[C@@H]1CCCN(C(=O)/C=C/CCCCOCCOCCOCCOCCOC2=CC=CC3=C2C(=O)N(C2CCC(=O)NC2=O)C3=O)C1
ZPUBDTHTIYULJM,P33981,Q96SW2,0,0.18576082587242126,0,912.1049999999996,6.054020000000006,188.17,CCC(=O)N[C@H]1CC[C@@H](N2C(=O)C=C(C)C3=CN=C(NC4=CC=C(N5CCN(C(=O)CCCCCCCC#CC6=CC=CC7=C6C(=O)N(C6CCC(=O)NC6=O)C7)CC5)C=C4OC)N=C32)CC1
ZSCOIFSUFMYZEZ,P00533,P40337,1,0.6976702809333801,1,1030.62,9.064920000000004,186.36,CC1=C(C2=CC=C(CNC(=O)[C@@H]3C[C@@H](O)CN3C(=O)[C@@H](NC(=O)COCCOCCOC3=CC=C(C4=CC=C5N=CN=C(NC6=CC=C(OCC7=CC=CC(F)=C7)C(Cl)=C6)C5=C4)C=C3)C(C)(C)C)C=C2)SC=N1
ZTFKFELOBVAACZ,P01116,P40337,0,0.16468094289302826,0,1146.8319999999997,7.531100000000012,209.69,C=C(F)C(=O)N1CCN(C2=NC(OC[C@@H]3CCCN3CCCCOCCC(=O)N[C@H](C(=O)N3C[C@H](O)C[C@H]3C(=O)NCC3=CC=C(C4=C(C)N=CS4)C=C3)C(C)(C)C)=NC3=C2CCN(C2=CC=CC4=CC=CC(Cl)=C24)C3)C[C@@H]1CC#N
ZUODKONSNNHSAJ,Q9Y616,Q96SW2,1,0.7134556770324707,1,878.0919999999995,3.352300000000005,176.11,CC(C)C1=C2C(N[C@H]3CC[C@@H](N4CCN(C(=O)CCC(=O)N5CCC(CCN6CCN(C7=CC=C8C(=O)N(C9CCC(=O)NC9=O)C(=O)C8=C7)CC6)CC5)CC4)CC3)=NC=NN2C=C1
ZWLPWTDAYPOQGR,P00533,Q96SW2,1,0.9980280995368958,1,913.0719999999998,6.117100000000006,201.14999999999995,O=C1CCC(N2CC3=C(NC(=O)CCCCCCCN4CCN(C5=CC=C(NC6=CC7=C(N8CCC(CO)CC8)N=C(NC8=CC=C(F)C=C8)N=C7C=N6)N=C5)CC4)C=CC=C3C2=O)C(=O)N1
ZXOIALMBAAMQKG,P10275,Q96SW2,1,0.9706445932388306,1,764.283,3.9912800000000033,155.39,N#CC1=CC=C(O[C@H]2CC[C@H](NC(=O)C3=CC=C(N4CCN(CC5CN(C6=CC=C7C(=O)N(C8CCC(=O)NC8=O)C(=O)C7=C6)C5)CC4)C=C3)CC2)C=C1Cl
